<?xml version="1.0" encoding="UTF-8" standalone="yes"?>
<production-sources-additional-details xmlns:xsi="http://www.w3.org/2001/XMLSchema-instance">
	<details>
		<detailsID>Planned Days</detailsID>
		<source-1>-1</source-1>
		<source-2>-1</source-2>
		<source-3>-1</source-3>
		<source-4>-1</source-4>
		<source-5>-1</source-5>
		<source-6>3</source-6>
		<source-7>-1</source-7>
		<source-8>-1</source-8>
		<source-9>-1</source-9>
		<source-10>-1</source-10>
		<source-11>-1</source-11>
		<source-12>-1</source-12>
		<source-13>-1</source-13>
		<source-14>-1</source-14>
		<source-15>-1</source-15>
		<source-16>-1</source-16>
		<source-17>3</source-17>
		<source-18>-1</source-18>
		<source-19>-1</source-19>
		<source-20>-1</source-20>
		<source-21>3</source-21>
		<source-22>-1</source-22>
		<source-23>-1</source-23>
		<source-24>-1</source-24>
		<source-25>-1</source-25>
		<source-26>-1</source-26>
		<source-27>-1</source-27>
		<source-28>-1</source-28>
		<source-29>-1</source-29>
		<source-30>-1</source-30>
		<source-31>-1</source-31>
		<source-32>-1</source-32>
		<source-33>-1</source-33>
		<source-34>-1</source-34>
		<source-35>-1</source-35>
		<source-36>-1</source-36>
		<source-37>-1</source-37>
		<source-38>-1</source-38>
		<source-39>-1</source-39>
		<source-40>-1</source-40>
	</details>
	<details>
		<detailsID>Variability (d)</detailsID>
		<source-1>-1</source-1>
		<source-2>-1</source-2>
		<source-3>-1</source-3>
		<source-4>-1</source-4>
		<source-5>-1</source-5>
		<source-6>1</source-6>
		<source-7>-1</source-7>
		<source-8>-1</source-8>
		<source-9>-1</source-9>
		<source-10>-1</source-10>
		<source-11>-1</source-11>
		<source-12>-1</source-12>
		<source-13>-1</source-13>
		<source-14>-1</source-14>
		<source-15>-1</source-15>
		<source-16>-1</source-16>
		<source-17>1</source-17>
		<source-18>-1</source-18>
		<source-19>-1</source-19>
		<source-20>-1</source-20>
		<source-21>1</source-21>
		<source-22>-1</source-22>
		<source-23>-1</source-23>
		<source-24>-1</source-24>
		<source-25>-1</source-25>
		<source-26>-1</source-26>
		<source-27>-1</source-27>
		<source-28>-1</source-28>
		<source-29>-1</source-29>
		<source-30>-1</source-30>
		<source-31>-1</source-31>
		<source-32>-1</source-32>
		<source-33>-1</source-33>
		<source-34>-1</source-34>
		<source-35>-1</source-35>
		<source-36>-1</source-36>
		<source-37>-1</source-37>
		<source-38>-1</source-38>
		<source-39>-1</source-39>
		<source-40>-1</source-40>
	</details>
	<details>
		<detailsID>Additional Variable Costs (per machine)</detailsID>
		<source-1>-1</source-1>
		<source-2>-1</source-2>
		<source-3>-1</source-3>
		<source-4>-1</source-4>
		<source-5>-1</source-5>
		<source-6>57585.54</source-6>
		<source-7>-1</source-7>
		<source-8>-1</source-8>
		<source-9>-1</source-9>
		<source-10>-1</source-10>
		<source-11>-1</source-11>
		<source-12>-1</source-12>
		<source-13>-1</source-13>
		<source-14>-1</source-14>
		<source-15>-1</source-15>
		<source-16>-1</source-16>
		<source-17>19604.74849</source-17>
		<source-18>-1</source-18>
		<source-19>-1</source-19>
		<source-20>-1</source-20>
		<source-21>40547.23</source-21>
		<source-22>-1</source-22>
		<source-23>-1</source-23>
		<source-24>-1</source-24>
		<source-25>-1</source-25>
		<source-26>-1</source-26>
		<source-27>-1</source-27>
		<source-28>-1</source-28>
		<source-29>-1</source-29>
		<source-30>-1</source-30>
		<source-31>-1</source-31>
		<source-32>-1</source-32>
		<source-33>-1</source-33>
		<source-34>-1</source-34>
		<source-35>-1</source-35>
		<source-36>-1</source-36>
		<source-37>-1</source-37>
		<source-38>-1</source-38>
		<source-39>-1</source-39>
		<source-40>-1</source-40>
	</details>
	<details>
		<detailsID>Period Cost Basis</detailsID>
		<source-1>-1</source-1>
		<source-2>-1</source-2>
		<source-3>-1</source-3>
		<source-4>-1</source-4>
		<source-5>-1</source-5>
		<source-6>-1</source-6>
		<source-7>-1</source-7>
		<source-8>-1</source-8>
		<source-9>-1</source-9>
		<source-10>-1</source-10>
		<source-11>-1</source-11>
		<source-12>-1</source-12>
		<source-13>-1</source-13>
		<source-14>-1</source-14>
		<source-15>-1</source-15>
		<source-16>-1</source-16>
		<source-17>-1</source-17>
		<source-18>-1</source-18>
		<source-19>-1</source-19>
		<source-20>-1</source-20>
		<source-21>-1</source-21>
		<source-22>-1</source-22>
		<source-23>-1</source-23>
		<source-24>-1</source-24>
		<source-25>-1</source-25>
		<source-26>-1</source-26>
		<source-27>-1</source-27>
		<source-28>-1</source-28>
		<source-29>-1</source-29>
		<source-30>-1</source-30>
		<source-31>-1</source-31>
		<source-32>-1</source-32>
		<source-33>-1</source-33>
		<source-34>-1</source-34>
		<source-35>-1</source-35>
		<source-36>-1</source-36>
		<source-37>-1</source-37>
		<source-38>-1</source-38>
		<source-39>-1</source-39>
		<source-40>-1</source-40>
	</details>
</production-sources-additional-details>
