<?xml version="1.0" encoding="UTF-8" standalone="yes"?>
<components-quantity-and-cube xmlns:xsi="http://www.w3.org/2001/XMLSchema-instance">
	<component>
		<componentID>CA</componentID>
		<quantity>1</quantity>
		<length>2.193445122</length>
		<width>0.652439024</width>
		<height>1.025</height>
		<cube>1.466866425</cube>
		<cube-per-container>1618</cube-per-container>
		<weight>11368.20167</weight>
		<weight-per-container>2</weight-per-container>
		<weight-or-cube>weight</weight-or-cube>
		<ocean-transportation-type>40ft</ocean-transportation-type>
		<land-transportation-type>Van</land-transportation-type>
	</component>
	<component>
		<componentID>Linkage</componentID>
		<quantity>1</quantity>
		<length>0</length>
		<width>0</width>
		<height>0.72652439</height>
		<cube>0</cube>
		<cube-per-container>0</cube-per-container>
		<weight>1937.142</weight>
		<weight-per-container>13</weight-per-container>
		<weight-or-cube>weight</weight-or-cube>
		<ocean-transportation-type>40ft</ocean-transportation-type>
		<land-transportation-type>Van</land-transportation-type>
	</component>
	<component>
		<componentID>Axles</componentID>
		<quantity>2</quantity>
		<length>0.857926829</length>
		<width>0</width>
		<height>0</height>
		<cube>0</cube>
		<cube-per-container>0</cube-per-container>
		<weight>1359.391667</weight>
		<weight-per-container>18</weight-per-container>
		<weight-or-cube>weight</weight-or-cube>
		<ocean-transportation-type>40ft</ocean-transportation-type>
		<land-transportation-type>Van</land-transportation-type>
	</component>
	<component>
		<componentID>Lights</componentID>
		<quantity>1</quantity>
		<length>0</length>
		<width>0</width>
		<height>0</height>
		<cube>0</cube>
		<cube-per-container>0</cube-per-container>
		<weight>20.97633333</weight>
		<weight-per-container>1229</weight-per-container>
		<weight-or-cube>weight</weight-or-cube>
		<ocean-transportation-type>40ft</ocean-transportation-type>
		<land-transportation-type>Van</land-transportation-type>
	</component>
	<component>
		<componentID>Seat</componentID>
		<quantity>1</quantity>
		<length>0.457317073</length>
		<width>0.198170732</width>
		<height>0.182926829</height>
		<cube>0.585</cube>
		<cube-per-container>4058</cube-per-container>
		<weight>188.621</weight>
		<weight-per-container>136</weight-per-container>
		<weight-or-cube>weight</weight-or-cube>
		<ocean-transportation-type>40ft</ocean-transportation-type>
		<land-transportation-type>Van</land-transportation-type>
	</component>
	<component>
		<componentID>Radio</componentID>
		<quantity>1</quantity>
		<length>0</length>
		<width>0</width>
		<height>0</height>
		<cube>0</cube>
		<cube-per-container>0</cube-per-container>
		<weight>10.675</weight>
		<weight-per-container>2414</weight-per-container>
		<weight-or-cube>weight</weight-or-cube>
		<ocean-transportation-type>40ft</ocean-transportation-type>
		<land-transportation-type>Van</land-transportation-type>
	</component>
	<component>
		<componentID>Guard</componentID>
		<quantity>1</quantity>
		<length>0</length>
		<width>0</width>
		<height>0</height>
		<cube>0</cube>
		<cube-per-container>0</cube-per-container>
		<weight>60.8105</weight>
		<weight-per-container>423</weight-per-container>
		<weight-or-cube>weight</weight-or-cube>
		<ocean-transportation-type>40ft</ocean-transportation-type>
		<land-transportation-type>Van</land-transportation-type>
	</component>
	<component>
		<componentID>Fender</componentID>
		<quantity>4</quantity>
		<length>1.102743902</length>
		<width>0.198170732</width>
		<height>0.245731707</height>
		<cube>1.8949463</cube>
		<cube-per-container>1252</cube-per-container>
		<weight>172.1576667</weight>
		<weight-per-container>149</weight-per-container>
		<weight-or-cube>weight</weight-or-cube>
		<ocean-transportation-type>40ft</ocean-transportation-type>
		<land-transportation-type>Van</land-transportation-type>
	</component>
	<component>
		<componentID>Bucket</componentID>
		<quantity>1</quantity>
		<length>0.396341463</length>
		<width>0.857926829</width>
		<height>0.301694423</height>
		<cube>3.62</cube>
		<cube-per-container>655</cube-per-container>
		<weight>1697.517</weight>
		<weight-per-container>15</weight-per-container>
		<weight-or-cube>weight</weight-or-cube>
		<ocean-transportation-type>40ft</ocean-transportation-type>
		<land-transportation-type>Van</land-transportation-type>
	</component>
	<component>
		<componentID>Tires</componentID>
		<quantity>4</quantity>
		<length>0.491463415</length>
		<width>0.186628049</width>
		<height>0.491463415</height>
		<cube>1.590672724</cube>
		<cube-per-container>1492</cube-per-container>
		<weight>505.0036667</weight>
		<weight-per-container>51</weight-per-container>
		<weight-or-cube>weight</weight-or-cube>
		<ocean-transportation-type>40ft</ocean-transportation-type>
		<land-transportation-type>Van</land-transportation-type>
	</component>
</components-quantity-and-cube>
