<?xml version="1.0" encoding="UTF-8" standalone="yes"?>
<component-production-capacity xmlns:xsi="http://www.w3.org/2001/XMLSchema-instance">
	<component>
		<componentID>CA</componentID>
		<source-1>-1</source-1>
		<source-2>-1</source-2>
		<source-3>-1</source-3>
		<source-4>-1</source-4>
		<source-5>-1</source-5>
		<source-6>99999</source-6>
		<source-7>-1</source-7>
		<source-8>-1</source-8>
		<source-9>-1</source-9>
		<source-10>-1</source-10>
		<source-11>-1</source-11>
		<source-12>-1</source-12>
		<source-13>-1</source-13>
		<source-14>-1</source-14>
		<source-15>-1</source-15>
		<source-16>-1</source-16>
		<source-17>99999</source-17>
		<source-18>-1</source-18>
		<source-19>-1</source-19>
		<source-20>-1</source-20>
		<source-21>99999</source-21>
		<source-22>-1</source-22>
		<source-23>-1</source-23>
		<source-24>-1</source-24>
		<source-25>-1</source-25>
		<source-26>-1</source-26>
		<source-27>-1</source-27>
		<source-28>-1</source-28>
		<source-29>-1</source-29>
		<source-30>-1</source-30>
		<source-31>-1</source-31>
		<source-32>-1</source-32>
		<source-33>-1</source-33>
		<source-34>-1</source-34>
		<source-35>-1</source-35>
		<source-36>-1</source-36>
		<source-37>-1</source-37>
		<source-38>-1</source-38>
		<source-39>-1</source-39>
		<source-40>-1</source-40>
	</component>
	<component>
		<componentID>Linkage</componentID>
		<source-1>-1</source-1>
		<source-2>-1</source-2>
		<source-3>-1</source-3>
		<source-4>-1</source-4>
		<source-5>-1</source-5>
		<source-6>99999</source-6>
		<source-7>-1</source-7>
		<source-8>-1</source-8>
		<source-9>-1</source-9>
		<source-10>-1</source-10>
		<source-11>-1</source-11>
		<source-12>-1</source-12>
		<source-13>-1</source-13>
		<source-14>-1</source-14>
		<source-15>-1</source-15>
		<source-16>-1</source-16>
		<source-17>-1</source-17>
		<source-18>-1</source-18>
		<source-19>-1</source-19>
		<source-20>-1</source-20>
		<source-21>99999</source-21>
		<source-22>-1</source-22>
		<source-23>-1</source-23>
		<source-24>-1</source-24>
		<source-25>-1</source-25>
		<source-26>-1</source-26>
		<source-27>-1</source-27>
		<source-28>-1</source-28>
		<source-29>-1</source-29>
		<source-30>-1</source-30>
		<source-31>-1</source-31>
		<source-32>-1</source-32>
		<source-33>-1</source-33>
		<source-34>-1</source-34>
		<source-35>-1</source-35>
		<source-36>-1</source-36>
		<source-37>-1</source-37>
		<source-38>-1</source-38>
		<source-39>-1</source-39>
		<source-40>-1</source-40>
	</component>
	<component>
		<componentID>Axles</componentID>
		<source-1>-1</source-1>
		<source-2>-1</source-2>
		<source-3>-1</source-3>
		<source-4>-1</source-4>
		<source-5>-1</source-5>
		<source-6>99999</source-6>
		<source-7>-1</source-7>
		<source-8>-1</source-8>
		<source-9>-1</source-9>
		<source-10>-1</source-10>
		<source-11>-1</source-11>
		<source-12>-1</source-12>
		<source-13>-1</source-13>
		<source-14>-1</source-14>
		<source-15>-1</source-15>
		<source-16>-1</source-16>
		<source-17>99999</source-17>
		<source-18>-1</source-18>
		<source-19>-1</source-19>
		<source-20>-1</source-20>
		<source-21>99999</source-21>
		<source-22>-1</source-22>
		<source-23>-1</source-23>
		<source-24>-1</source-24>
		<source-25>-1</source-25>
		<source-26>-1</source-26>
		<source-27>-1</source-27>
		<source-28>-1</source-28>
		<source-29>-1</source-29>
		<source-30>-1</source-30>
		<source-31>-1</source-31>
		<source-32>-1</source-32>
		<source-33>-1</source-33>
		<source-34>-1</source-34>
		<source-35>-1</source-35>
		<source-36>-1</source-36>
		<source-37>-1</source-37>
		<source-38>-1</source-38>
		<source-39>-1</source-39>
		<source-40>-1</source-40>
	</component>
	<component>
		<componentID>Lights</componentID>
		<source-1>-1</source-1>
		<source-2>-1</source-2>
		<source-3>-1</source-3>
		<source-4>-1</source-4>
		<source-5>-1</source-5>
		<source-6>99999</source-6>
		<source-7>-1</source-7>
		<source-8>-1</source-8>
		<source-9>-1</source-9>
		<source-10>-1</source-10>
		<source-11>-1</source-11>
		<source-12>-1</source-12>
		<source-13>-1</source-13>
		<source-14>-1</source-14>
		<source-15>-1</source-15>
		<source-16>-1</source-16>
		<source-17>-1</source-17>
		<source-18>-1</source-18>
		<source-19>-1</source-19>
		<source-20>99999</source-20>
		<source-21>99999</source-21>
		<source-22>-1</source-22>
		<source-23>-1</source-23>
		<source-24>-1</source-24>
		<source-25>-1</source-25>
		<source-26>-1</source-26>
		<source-27>-1</source-27>
		<source-28>-1</source-28>
		<source-29>-1</source-29>
		<source-30>-1</source-30>
		<source-31>-1</source-31>
		<source-32>-1</source-32>
		<source-33>-1</source-33>
		<source-34>-1</source-34>
		<source-35>-1</source-35>
		<source-36>-1</source-36>
		<source-37>-1</source-37>
		<source-38>-1</source-38>
		<source-39>-1</source-39>
		<source-40>-1</source-40>
	</component>
	<component>
		<componentID>Seat</componentID>
		<source-1>-1</source-1>
		<source-2>-1</source-2>
		<source-3>-1</source-3>
		<source-4>-1</source-4>
		<source-5>-1</source-5>
		<source-6>99999</source-6>
		<source-7>99999</source-7>
		<source-8>-1</source-8>
		<source-9>-1</source-9>
		<source-10>-1</source-10>
		<source-11>-1</source-11>
		<source-12>-1</source-12>
		<source-13>-1</source-13>
		<source-14>-1</source-14>
		<source-15>-1</source-15>
		<source-16>-1</source-16>
		<source-17>-1</source-17>
		<source-18>-1</source-18>
		<source-19>-1</source-19>
		<source-20>-1</source-20>
		<source-21>99999</source-21>
		<source-22>-1</source-22>
		<source-23>-1</source-23>
		<source-24>-1</source-24>
		<source-25>-1</source-25>
		<source-26>-1</source-26>
		<source-27>-1</source-27>
		<source-28>-1</source-28>
		<source-29>-1</source-29>
		<source-30>-1</source-30>
		<source-31>-1</source-31>
		<source-32>-1</source-32>
		<source-33>-1</source-33>
		<source-34>-1</source-34>
		<source-35>-1</source-35>
		<source-36>-1</source-36>
		<source-37>-1</source-37>
		<source-38>-1</source-38>
		<source-39>-1</source-39>
		<source-40>-1</source-40>
	</component>
	<component>
		<componentID>Radio</componentID>
		<source-1>-1</source-1>
		<source-2>-1</source-2>
		<source-3>-1</source-3>
		<source-4>-1</source-4>
		<source-5>-1</source-5>
		<source-6>99999</source-6>
		<source-7>99999</source-7>
		<source-8>-1</source-8>
		<source-9>-1</source-9>
		<source-10>-1</source-10>
		<source-11>-1</source-11>
		<source-12>-1</source-12>
		<source-13>-1</source-13>
		<source-14>-1</source-14>
		<source-15>-1</source-15>
		<source-16>-1</source-16>
		<source-17>-1</source-17>
		<source-18>-1</source-18>
		<source-19>-1</source-19>
		<source-20>-1</source-20>
		<source-21>99999</source-21>
		<source-22>-1</source-22>
		<source-23>-1</source-23>
		<source-24>-1</source-24>
		<source-25>-1</source-25>
		<source-26>-1</source-26>
		<source-27>-1</source-27>
		<source-28>-1</source-28>
		<source-29>-1</source-29>
		<source-30>-1</source-30>
		<source-31>-1</source-31>
		<source-32>-1</source-32>
		<source-33>-1</source-33>
		<source-34>-1</source-34>
		<source-35>-1</source-35>
		<source-36>-1</source-36>
		<source-37>-1</source-37>
		<source-38>-1</source-38>
		<source-39>-1</source-39>
		<source-40>-1</source-40>
	</component>
	<component>
		<componentID>Guard</componentID>
		<source-1>-1</source-1>
		<source-2>-1</source-2>
		<source-3>-1</source-3>
		<source-4>-1</source-4>
		<source-5>-1</source-5>
		<source-6>99999</source-6>
		<source-7>-1</source-7>
		<source-8>-1</source-8>
		<source-9>-1</source-9>
		<source-10>-1</source-10>
		<source-11>-1</source-11>
		<source-12>-1</source-12>
		<source-13>-1</source-13>
		<source-14>-1</source-14>
		<source-15>-1</source-15>
		<source-16>-1</source-16>
		<source-17>99999</source-17>
		<source-18>-1</source-18>
		<source-19>-1</source-19>
		<source-20>-1</source-20>
		<source-21>99999</source-21>
		<source-22>-1</source-22>
		<source-23>-1</source-23>
		<source-24>-1</source-24>
		<source-25>-1</source-25>
		<source-26>-1</source-26>
		<source-27>-1</source-27>
		<source-28>-1</source-28>
		<source-29>-1</source-29>
		<source-30>-1</source-30>
		<source-31>-1</source-31>
		<source-32>-1</source-32>
		<source-33>-1</source-33>
		<source-34>-1</source-34>
		<source-35>-1</source-35>
		<source-36>-1</source-36>
		<source-37>-1</source-37>
		<source-38>-1</source-38>
		<source-39>-1</source-39>
		<source-40>-1</source-40>
	</component>
	<component>
		<componentID>Fender</componentID>
		<source-1>-1</source-1>
		<source-2>-1</source-2>
		<source-3>-1</source-3>
		<source-4>-1</source-4>
		<source-5>-1</source-5>
		<source-6>99999</source-6>
		<source-7>-1</source-7>
		<source-8>-1</source-8>
		<source-9>-1</source-9>
		<source-10>-1</source-10>
		<source-11>-1</source-11>
		<source-12>-1</source-12>
		<source-13>-1</source-13>
		<source-14>-1</source-14>
		<source-15>-1</source-15>
		<source-16>-1</source-16>
		<source-17>-1</source-17>
		<source-18>-1</source-18>
		<source-19>-1</source-19>
		<source-20>-1</source-20>
		<source-21>99999</source-21>
		<source-22>-1</source-22>
		<source-23>-1</source-23>
		<source-24>-1</source-24>
		<source-25>-1</source-25>
		<source-26>-1</source-26>
		<source-27>-1</source-27>
		<source-28>-1</source-28>
		<source-29>-1</source-29>
		<source-30>-1</source-30>
		<source-31>-1</source-31>
		<source-32>99999</source-32>
		<source-33>-1</source-33>
		<source-34>-1</source-34>
		<source-35>-1</source-35>
		<source-36>-1</source-36>
		<source-37>-1</source-37>
		<source-38>-1</source-38>
		<source-39>-1</source-39>
		<source-40>-1</source-40>
	</component>
	<component>
		<componentID>Bucket</componentID>
		<source-1>-1</source-1>
		<source-2>-1</source-2>
		<source-3>99999</source-3>
		<source-4>-1</source-4>
		<source-5>-1</source-5>
		<source-6>-1</source-6>
		<source-7>-1</source-7>
		<source-8>-1</source-8>
		<source-9>-1</source-9>
		<source-10>-1</source-10>
		<source-11>-1</source-11>
		<source-12>-1</source-12>
		<source-13>-1</source-13>
		<source-14>-1</source-14>
		<source-15>-1</source-15>
		<source-16>-1</source-16>
		<source-17>99999</source-17>
		<source-18>-1</source-18>
		<source-19>-1</source-19>
		<source-20>-1</source-20>
		<source-21>99999</source-21>
		<source-22>-1</source-22>
		<source-23>-1</source-23>
		<source-24>-1</source-24>
		<source-25>-1</source-25>
		<source-26>-1</source-26>
		<source-27>-1</source-27>
		<source-28>-1</source-28>
		<source-29>-1</source-29>
		<source-30>-1</source-30>
		<source-31>-1</source-31>
		<source-32>-1</source-32>
		<source-33>-1</source-33>
		<source-34>-1</source-34>
		<source-35>-1</source-35>
		<source-36>-1</source-36>
		<source-37>-1</source-37>
		<source-38>-1</source-38>
		<source-39>-1</source-39>
		<source-40>-1</source-40>
	</component>
	<component>
		<componentID>Tires</componentID>
		<source-1>-1</source-1>
		<source-2>-1</source-2>
		<source-3>-1</source-3>
		<source-4>-1</source-4>
		<source-5>-1</source-5>
		<source-6>-1</source-6>
		<source-7>-1</source-7>
		<source-8>-1</source-8>
		<source-9>-1</source-9>
		<source-10>-1</source-10>
		<source-11>-1</source-11>
		<source-12>-1</source-12>
		<source-13>-1</source-13>
		<source-14>-1</source-14>
		<source-15>-1</source-15>
		<source-16>-1</source-16>
		<source-17>99999</source-17>
		<source-18>-1</source-18>
		<source-19>-1</source-19>
		<source-20>-1</source-20>
		<source-21>99999</source-21>
		<source-22>-1</source-22>
		<source-23>-1</source-23>
		<source-24>-1</source-24>
		<source-25>-1</source-25>
		<source-26>-1</source-26>
		<source-27>-1</source-27>
		<source-28>-1</source-28>
		<source-29>-1</source-29>
		<source-30>-1</source-30>
		<source-31>-1</source-31>
		<source-32>-1</source-32>
		<source-33>-1</source-33>
		<source-34>-1</source-34>
		<source-35>99999</source-35>
		<source-36>-1</source-36>
		<source-37>-1</source-37>
		<source-38>-1</source-38>
		<source-39>-1</source-39>
		<source-40>-1</source-40>
	</component>
</component-production-capacity>
