<?xml version="1.0" encoding="UTF-8" standalone="yes"?>
<exponentials xmlns:xsi="http://www.w3.org/2001/XMLSchema-instance">
  <exponentialTerm>
      <t>0</t>
      <exponential>1.0</exponential>
  </exponentialTerm>
  <exponentialTerm>
      <t>1</t>
      <exponential>1.0</exponential>
  </exponentialTerm>
  <exponentialTerm>
      <t>2</t>
      <exponential>1.0</exponential>
  </exponentialTerm>
  <exponentialTerm>
      <t>3</t>
      <exponential>1.0</exponential>
  </exponentialTerm>
  <exponentialTerm>
      <t>4</t>
      <exponential>1.0</exponential>
  </exponentialTerm>
  <exponentialTerm>
      <t>5</t>
      <exponential>1.0</exponential>
  </exponentialTerm>
  <exponentialTerm>
      <t>6</t>
      <exponential>1.0</exponential>
  </exponentialTerm>
  <exponentialTerm>
      <t>7</t>
      <exponential>1.0</exponential>
  </exponentialTerm>
  <exponentialTerm>
      <t>8</t>
      <exponential>1.0</exponential>
  </exponentialTerm>
  <exponentialTerm>
      <t>9</t>
      <exponential>1.0</exponential>
  </exponentialTerm>
  <exponentialTerm>
      <t>10</t>
      <exponential>1.0</exponential>
  </exponentialTerm>
  <exponentialTerm>
      <t>11</t>
      <exponential>1.0</exponential>
  </exponentialTerm>
</exponentials>