<?xml version="1.0" encoding="UTF-8" standalone="yes"?>
<node-to-node-map xmlns:xsi="http://www.w3.org/2001/XMLSchema-instance">
  <node-to-node>
    <destination-node>source-1</destination-node>
    <source-1>1.43</source-1>
    <source-2>2.86</source-2>
    <source-3>4.29</source-3>
    <source-4>4.29</source-4>
    <source-5>7.15</source-5>
    <source-6>5.72</source-6>
    <source-7>5.72</source-7>
    <source-8>5.72</source-8>
    <source-9>-1</source-9>
    <source-10>7.15</source-10>
    <source-11>7.15</source-11>
    <source-12>-1</source-12>
    <source-13>-1</source-13>
    <source-14>-1</source-14>
    <source-15>-1</source-15>
    <source-16>-1</source-16>
    <source-17>-1</source-17>
    <source-18>-1</source-18>
    <source-19>-1</source-19>
    <source-20>-1</source-20>
    <source-21>-1</source-21>
    <source-22>-1</source-22>
    <source-23>-1</source-23>
    <source-24>-1</source-24>
    <source-25>-1</source-25>
    <source-26>-1</source-26>
    <source-27>-1</source-27>
    <source-28>-1</source-28>
    <source-29>-1</source-29>
    <source-30>-1</source-30>
    <source-31>-1</source-31>
    <source-32>-1</source-32>
    <source-33>-1</source-33>
    <source-34>-1</source-34>
    <source-35>-1</source-35>
    <source-36>-1</source-36>
    <source-37>-1</source-37>
    <source-38>-1</source-38>
    <source-39>-1</source-39>
    <source-40>-1</source-40>
  </node-to-node>
  <node-to-node>
    <destination-node>source-2</destination-node>
    <source-1>2.86</source-1>
    <source-2>1.43</source-2>
    <source-3>2.86</source-3>
    <source-4>2.86</source-4>
    <source-5>5.72</source-5>
    <source-6>4.29</source-6>
    <source-7>4.29</source-7>
    <source-8>4.29</source-8>
    <source-9>-1</source-9>
    <source-10>5.72</source-10>
    <source-11>5.72</source-11>
    <source-12>-1</source-12>
    <source-13>-1</source-13>
    <source-14>-1</source-14>
    <source-15>-1</source-15>
    <source-16>-1</source-16>
    <source-17>-1</source-17>
    <source-18>-1</source-18>
    <source-19>-1</source-19>
    <source-20>-1</source-20>
    <source-21>-1</source-21>
    <source-22>-1</source-22>
    <source-23>-1</source-23>
    <source-24>-1</source-24>
    <source-25>-1</source-25>
    <source-26>-1</source-26>
    <source-27>-1</source-27>
    <source-28>-1</source-28>
    <source-29>-1</source-29>
    <source-30>-1</source-30>
    <source-31>-1</source-31>
    <source-32>-1</source-32>
    <source-33>-1</source-33>
    <source-34>-1</source-34>
    <source-35>-1</source-35>
    <source-36>-1</source-36>
    <source-37>-1</source-37>
    <source-38>-1</source-38>
    <source-39>-1</source-39>
    <source-40>-1</source-40>
  </node-to-node>
  <node-to-node>
    <destination-node>source-3</destination-node>
    <source-1>4.29</source-1>
    <source-2>2.86</source-2>
    <source-3>1.43</source-3>
    <source-4>2.86</source-4>
    <source-5>5.72</source-5>
    <source-6>2.86</source-6>
    <source-7>2.86</source-7>
    <source-8>4.29</source-8>
    <source-9>-1</source-9>
    <source-10>4.29</source-10>
    <source-11>4.29</source-11>
    <source-12>-1</source-12>
    <source-13>-1</source-13>
    <source-14>-1</source-14>
    <source-15>-1</source-15>
    <source-16>-1</source-16>
    <source-17>-1</source-17>
    <source-18>-1</source-18>
    <source-19>-1</source-19>
    <source-20>-1</source-20>
    <source-21>-1</source-21>
    <source-22>-1</source-22>
    <source-23>-1</source-23>
    <source-24>-1</source-24>
    <source-25>-1</source-25>
    <source-26>-1</source-26>
    <source-27>-1</source-27>
    <source-28>-1</source-28>
    <source-29>-1</source-29>
    <source-30>-1</source-30>
    <source-31>-1</source-31>
    <source-32>-1</source-32>
    <source-33>-1</source-33>
    <source-34>-1</source-34>
    <source-35>-1</source-35>
    <source-36>-1</source-36>
    <source-37>-1</source-37>
    <source-38>-1</source-38>
    <source-39>-1</source-39>
    <source-40>-1</source-40>
  </node-to-node>
  <node-to-node>
    <destination-node>source-4</destination-node>
    <source-1>4.29</source-1>
    <source-2>2.86</source-2>
    <source-3>2.86</source-3>
    <source-4>1.43</source-4>
    <source-5>4.29</source-5>
    <source-6>4.29</source-6>
    <source-7>2.86</source-7>
    <source-8>2.86</source-8>
    <source-9>-1</source-9>
    <source-10>4.29</source-10>
    <source-11>4.29</source-11>
    <source-12>-1</source-12>
    <source-13>-1</source-13>
    <source-14>-1</source-14>
    <source-15>-1</source-15>
    <source-16>-1</source-16>
    <source-17>-1</source-17>
    <source-18>-1</source-18>
    <source-19>-1</source-19>
    <source-20>-1</source-20>
    <source-21>-1</source-21>
    <source-22>-1</source-22>
    <source-23>-1</source-23>
    <source-24>-1</source-24>
    <source-25>-1</source-25>
    <source-26>-1</source-26>
    <source-27>-1</source-27>
    <source-28>-1</source-28>
    <source-29>-1</source-29>
    <source-30>-1</source-30>
    <source-31>-1</source-31>
    <source-32>-1</source-32>
    <source-33>-1</source-33>
    <source-34>-1</source-34>
    <source-35>-1</source-35>
    <source-36>-1</source-36>
    <source-37>-1</source-37>
    <source-38>-1</source-38>
    <source-39>-1</source-39>
    <source-40>-1</source-40>
  </node-to-node>
  <node-to-node>
    <destination-node>source-5</destination-node>
    <source-1>7.15</source-1>
    <source-2>5.72</source-2>
    <source-3>5.72</source-3>
    <source-4>4.29</source-4>
    <source-5>1.43</source-5>
    <source-6>7.15</source-6>
    <source-7>5.72</source-7>
    <source-8>5.72</source-8>
    <source-9>-1</source-9>
    <source-10>7.15</source-10>
    <source-11>7.15</source-11>
    <source-12>-1</source-12>
    <source-13>-1</source-13>
    <source-14>-1</source-14>
    <source-15>-1</source-15>
    <source-16>-1</source-16>
    <source-17>-1</source-17>
    <source-18>-1</source-18>
    <source-19>-1</source-19>
    <source-20>-1</source-20>
    <source-21>-1</source-21>
    <source-22>-1</source-22>
    <source-23>-1</source-23>
    <source-24>-1</source-24>
    <source-25>-1</source-25>
    <source-26>-1</source-26>
    <source-27>-1</source-27>
    <source-28>-1</source-28>
    <source-29>-1</source-29>
    <source-30>-1</source-30>
    <source-31>-1</source-31>
    <source-32>-1</source-32>
    <source-33>-1</source-33>
    <source-34>-1</source-34>
    <source-35>-1</source-35>
    <source-36>-1</source-36>
    <source-37>-1</source-37>
    <source-38>-1</source-38>
    <source-39>-1</source-39>
    <source-40>-1</source-40>
  </node-to-node>
  <node-to-node>
    <destination-node>source-6</destination-node>
    <source-1>5.72</source-1>
    <source-2>4.29</source-2>
    <source-3>2.86</source-3>
    <source-4>4.29</source-4>
    <source-5>7.15</source-5>
    <source-6>1.43</source-6>
    <source-7>2.86</source-7>
    <source-8>4.29</source-8>
    <source-9>-1</source-9>
    <source-10>2.86</source-10>
    <source-11>4.29</source-11>
    <source-12>-1</source-12>
    <source-13>-1</source-13>
    <source-14>-1</source-14>
    <source-15>-1</source-15>
    <source-16>-1</source-16>
    <source-17>-1</source-17>
    <source-18>-1</source-18>
    <source-19>-1</source-19>
    <source-20>-1</source-20>
    <source-21>-1</source-21>
    <source-22>-1</source-22>
    <source-23>-1</source-23>
    <source-24>-1</source-24>
    <source-25>-1</source-25>
    <source-26>-1</source-26>
    <source-27>-1</source-27>
    <source-28>-1</source-28>
    <source-29>-1</source-29>
    <source-30>-1</source-30>
    <source-31>-1</source-31>
    <source-32>-1</source-32>
    <source-33>-1</source-33>
    <source-34>-1</source-34>
    <source-35>-1</source-35>
    <source-36>-1</source-36>
    <source-37>-1</source-37>
    <source-38>-1</source-38>
    <source-39>-1</source-39>
    <source-40>-1</source-40>
  </node-to-node>
  <node-to-node>
    <destination-node>source-7</destination-node>
    <source-1>5.72</source-1>
    <source-2>4.29</source-2>
    <source-3>2.86</source-3>
    <source-4>2.86</source-4>
    <source-5>5.72</source-5>
    <source-6>2.86</source-6>
    <source-7>1.43</source-7>
    <source-8>2.86</source-8>
    <source-9>-1</source-9>
    <source-10>2.86</source-10>
    <source-11>2.86</source-11>
    <source-12>-1</source-12>
    <source-13>-1</source-13>
    <source-14>-1</source-14>
    <source-15>-1</source-15>
    <source-16>-1</source-16>
    <source-17>-1</source-17>
    <source-18>-1</source-18>
    <source-19>-1</source-19>
    <source-20>-1</source-20>
    <source-21>-1</source-21>
    <source-22>-1</source-22>
    <source-23>-1</source-23>
    <source-24>-1</source-24>
    <source-25>-1</source-25>
    <source-26>-1</source-26>
    <source-27>-1</source-27>
    <source-28>-1</source-28>
    <source-29>-1</source-29>
    <source-30>-1</source-30>
    <source-31>-1</source-31>
    <source-32>-1</source-32>
    <source-33>-1</source-33>
    <source-34>-1</source-34>
    <source-35>-1</source-35>
    <source-36>-1</source-36>
    <source-37>-1</source-37>
    <source-38>-1</source-38>
    <source-39>-1</source-39>
    <source-40>-1</source-40>
  </node-to-node>
  <node-to-node>
    <destination-node>source-8</destination-node>
    <source-1>5.72</source-1>
    <source-2>4.29</source-2>
    <source-3>4.29</source-3>
    <source-4>2.86</source-4>
    <source-5>5.72</source-5>
    <source-6>4.29</source-6>
    <source-7>2.86</source-7>
    <source-8>1.43</source-8>
    <source-9>-1</source-9>
    <source-10>4.29</source-10>
    <source-11>4.29</source-11>
    <source-12>-1</source-12>
    <source-13>-1</source-13>
    <source-14>-1</source-14>
    <source-15>-1</source-15>
    <source-16>-1</source-16>
    <source-17>-1</source-17>
    <source-18>-1</source-18>
    <source-19>-1</source-19>
    <source-20>-1</source-20>
    <source-21>-1</source-21>
    <source-22>-1</source-22>
    <source-23>-1</source-23>
    <source-24>-1</source-24>
    <source-25>-1</source-25>
    <source-26>-1</source-26>
    <source-27>-1</source-27>
    <source-28>-1</source-28>
    <source-29>-1</source-29>
    <source-30>-1</source-30>
    <source-31>-1</source-31>
    <source-32>-1</source-32>
    <source-33>-1</source-33>
    <source-34>-1</source-34>
    <source-35>-1</source-35>
    <source-36>-1</source-36>
    <source-37>-1</source-37>
    <source-38>-1</source-38>
    <source-39>-1</source-39>
    <source-40>-1</source-40>
  </node-to-node>
  <node-to-node>
    <destination-node>source-9</destination-node>
    <source-1>-1</source-1>
    <source-2>-1</source-2>
    <source-3>-1</source-3>
    <source-4>-1</source-4>
    <source-5>-1</source-5>
    <source-6>-1</source-6>
    <source-7>-1</source-7>
    <source-8>-1</source-8>
    <source-9>1.43</source-9>
    <source-10>8.58</source-10>
    <source-11>8.58</source-11>
    <source-12>-1</source-12>
    <source-13>-1</source-13>
    <source-14>-1</source-14>
    <source-15>-1</source-15>
    <source-16>-1</source-16>
    <source-17>-1</source-17>
    <source-18>-1</source-18>
    <source-19>-1</source-19>
    <source-20>-1</source-20>
    <source-21>-1</source-21>
    <source-22>-1</source-22>
    <source-23>-1</source-23>
    <source-24>-1</source-24>
    <source-25>-1</source-25>
    <source-26>-1</source-26>
    <source-27>-1</source-27>
    <source-28>-1</source-28>
    <source-29>-1</source-29>
    <source-30>-1</source-30>
    <source-31>-1</source-31>
    <source-32>-1</source-32>
    <source-33>-1</source-33>
    <source-34>-1</source-34>
    <source-35>-1</source-35>
    <source-36>-1</source-36>
    <source-37>-1</source-37>
    <source-38>-1</source-38>
    <source-39>-1</source-39>
    <source-40>-1</source-40>
  </node-to-node>
  <node-to-node>
    <destination-node>source-10</destination-node>
    <source-1>7.15</source-1>
    <source-2>5.72</source-2>
    <source-3>4.29</source-3>
    <source-4>4.29</source-4>
    <source-5>7.15</source-5>
    <source-6>2.86</source-6>
    <source-7>2.86</source-7>
    <source-8>4.29</source-8>
    <source-9>8.58</source-9>
    <source-10>1.43</source-10>
    <source-11>2.86</source-11>
    <source-12>-1</source-12>
    <source-13>-1</source-13>
    <source-14>-1</source-14>
    <source-15>-1</source-15>
    <source-16>-1</source-16>
    <source-17>-1</source-17>
    <source-18>-1</source-18>
    <source-19>-1</source-19>
    <source-20>-1</source-20>
    <source-21>-1</source-21>
    <source-22>-1</source-22>
    <source-23>-1</source-23>
    <source-24>-1</source-24>
    <source-25>-1</source-25>
    <source-26>-1</source-26>
    <source-27>-1</source-27>
    <source-28>-1</source-28>
    <source-29>-1</source-29>
    <source-30>-1</source-30>
    <source-31>-1</source-31>
    <source-32>-1</source-32>
    <source-33>-1</source-33>
    <source-34>-1</source-34>
    <source-35>-1</source-35>
    <source-36>-1</source-36>
    <source-37>-1</source-37>
    <source-38>-1</source-38>
    <source-39>-1</source-39>
    <source-40>-1</source-40>
  </node-to-node>
  <node-to-node>
    <destination-node>source-11</destination-node>
    <source-1>7.15</source-1>
    <source-2>5.72</source-2>
    <source-3>4.29</source-3>
    <source-4>4.29</source-4>
    <source-5>7.15</source-5>
    <source-6>4.29</source-6>
    <source-7>2.86</source-7>
    <source-8>4.29</source-8>
    <source-9>8.58</source-9>
    <source-10>2.86</source-10>
    <source-11>1.43</source-11>
    <source-12>-1</source-12>
    <source-13>-1</source-13>
    <source-14>-1</source-14>
    <source-15>-1</source-15>
    <source-16>-1</source-16>
    <source-17>-1</source-17>
    <source-18>-1</source-18>
    <source-19>-1</source-19>
    <source-20>-1</source-20>
    <source-21>-1</source-21>
    <source-22>-1</source-22>
    <source-23>-1</source-23>
    <source-24>-1</source-24>
    <source-25>-1</source-25>
    <source-26>-1</source-26>
    <source-27>-1</source-27>
    <source-28>-1</source-28>
    <source-29>-1</source-29>
    <source-30>-1</source-30>
    <source-31>-1</source-31>
    <source-32>-1</source-32>
    <source-33>-1</source-33>
    <source-34>-1</source-34>
    <source-35>-1</source-35>
    <source-36>-1</source-36>
    <source-37>-1</source-37>
    <source-38>-1</source-38>
    <source-39>-1</source-39>
    <source-40>-1</source-40>
  </node-to-node>
  <node-to-node>
    <destination-node>source-12</destination-node>
    <source-1>-1</source-1>
    <source-2>-1</source-2>
    <source-3>-1</source-3>
    <source-4>-1</source-4>
    <source-5>-1</source-5>
    <source-6>-1</source-6>
    <source-7>-1</source-7>
    <source-8>-1</source-8>
    <source-9>-1</source-9>
    <source-10>-1</source-10>
    <source-11>-1</source-11>
    <source-12>1.43</source-12>
    <source-13>2.86</source-13>
    <source-14>-1</source-14>
    <source-15>2.86</source-15>
    <source-16>-1</source-16>
    <source-17>-1</source-17>
    <source-18>-1</source-18>
    <source-19>-1</source-19>
    <source-20>-1</source-20>
    <source-21>-1</source-21>
    <source-22>-1</source-22>
    <source-23>-1</source-23>
    <source-24>-1</source-24>
    <source-25>-1</source-25>
    <source-26>-1</source-26>
    <source-27>-1</source-27>
    <source-28>-1</source-28>
    <source-29>-1</source-29>
    <source-30>-1</source-30>
    <source-31>-1</source-31>
    <source-32>-1</source-32>
    <source-33>-1</source-33>
    <source-34>-1</source-34>
    <source-35>-1</source-35>
    <source-36>-1</source-36>
    <source-37>-1</source-37>
    <source-38>-1</source-38>
    <source-39>-1</source-39>
    <source-40>-1</source-40>
  </node-to-node>
  <node-to-node>
    <destination-node>source-13</destination-node>
    <source-1>-1</source-1>
    <source-2>-1</source-2>
    <source-3>-1</source-3>
    <source-4>-1</source-4>
    <source-5>-1</source-5>
    <source-6>-1</source-6>
    <source-7>-1</source-7>
    <source-8>-1</source-8>
    <source-9>-1</source-9>
    <source-10>-1</source-10>
    <source-11>-1</source-11>
    <source-12>2.86</source-12>
    <source-13>1.43</source-13>
    <source-14>-1</source-14>
    <source-15>4.29</source-15>
    <source-16>-1</source-16>
    <source-17>-1</source-17>
    <source-18>-1</source-18>
    <source-19>-1</source-19>
    <source-20>-1</source-20>
    <source-21>-1</source-21>
    <source-22>-1</source-22>
    <source-23>-1</source-23>
    <source-24>-1</source-24>
    <source-25>-1</source-25>
    <source-26>-1</source-26>
    <source-27>-1</source-27>
    <source-28>-1</source-28>
    <source-29>-1</source-29>
    <source-30>-1</source-30>
    <source-31>-1</source-31>
    <source-32>-1</source-32>
    <source-33>-1</source-33>
    <source-34>-1</source-34>
    <source-35>-1</source-35>
    <source-36>-1</source-36>
    <source-37>-1</source-37>
    <source-38>-1</source-38>
    <source-39>-1</source-39>
    <source-40>-1</source-40>
  </node-to-node>
  <node-to-node>
    <destination-node>source-14</destination-node>
    <source-1>-1</source-1>
    <source-2>-1</source-2>
    <source-3>-1</source-3>
    <source-4>-1</source-4>
    <source-5>-1</source-5>
    <source-6>-1</source-6>
    <source-7>-1</source-7>
    <source-8>-1</source-8>
    <source-9>-1</source-9>
    <source-10>-1</source-10>
    <source-11>-1</source-11>
    <source-12>-1</source-12>
    <source-13>-1</source-13>
    <source-14>1.43</source-14>
    <source-15>-1</source-15>
    <source-16>-1</source-16>
    <source-17>-1</source-17>
    <source-18>-1</source-18>
    <source-19>-1</source-19>
    <source-20>-1</source-20>
    <source-21>-1</source-21>
    <source-22>-1</source-22>
    <source-23>-1</source-23>
    <source-24>-1</source-24>
    <source-25>-1</source-25>
    <source-26>-1</source-26>
    <source-27>-1</source-27>
    <source-28>-1</source-28>
    <source-29>-1</source-29>
    <source-30>-1</source-30>
    <source-31>-1</source-31>
    <source-32>-1</source-32>
    <source-33>-1</source-33>
    <source-34>-1</source-34>
    <source-35>-1</source-35>
    <source-36>-1</source-36>
    <source-37>-1</source-37>
    <source-38>-1</source-38>
    <source-39>-1</source-39>
    <source-40>-1</source-40>
  </node-to-node>
  <node-to-node>
    <destination-node>source-15</destination-node>
    <source-1>-1</source-1>
    <source-2>-1</source-2>
    <source-3>-1</source-3>
    <source-4>-1</source-4>
    <source-5>-1</source-5>
    <source-6>-1</source-6>
    <source-7>-1</source-7>
    <source-8>-1</source-8>
    <source-9>-1</source-9>
    <source-10>-1</source-10>
    <source-11>-1</source-11>
    <source-12>2.86</source-12>
    <source-13>4.29</source-13>
    <source-14>-1</source-14>
    <source-15>1.43</source-15>
    <source-16>-1</source-16>
    <source-17>-1</source-17>
    <source-18>-1</source-18>
    <source-19>-1</source-19>
    <source-20>-1</source-20>
    <source-21>-1</source-21>
    <source-22>-1</source-22>
    <source-23>-1</source-23>
    <source-24>-1</source-24>
    <source-25>-1</source-25>
    <source-26>-1</source-26>
    <source-27>-1</source-27>
    <source-28>-1</source-28>
    <source-29>-1</source-29>
    <source-30>-1</source-30>
    <source-31>-1</source-31>
    <source-32>-1</source-32>
    <source-33>-1</source-33>
    <source-34>-1</source-34>
    <source-35>-1</source-35>
    <source-36>-1</source-36>
    <source-37>-1</source-37>
    <source-38>-1</source-38>
    <source-39>-1</source-39>
    <source-40>-1</source-40>
  </node-to-node>
  <node-to-node>
    <destination-node>source-16</destination-node>
    <source-1>-1</source-1>
    <source-2>-1</source-2>
    <source-3>-1</source-3>
    <source-4>-1</source-4>
    <source-5>-1</source-5>
    <source-6>-1</source-6>
    <source-7>-1</source-7>
    <source-8>-1</source-8>
    <source-9>-1</source-9>
    <source-10>-1</source-10>
    <source-11>-1</source-11>
    <source-12>-1</source-12>
    <source-13>-1</source-13>
    <source-14>-1</source-14>
    <source-15>-1</source-15>
    <source-16>1.43</source-16>
    <source-17>4.29</source-17>
    <source-18>-1</source-18>
    <source-19>-1</source-19>
    <source-20>-1</source-20>
    <source-21>-1</source-21>
    <source-22>-1</source-22>
    <source-23>-1</source-23>
    <source-24>-1</source-24>
    <source-25>-1</source-25>
    <source-26>-1</source-26>
    <source-27>-1</source-27>
    <source-28>-1</source-28>
    <source-29>-1</source-29>
    <source-30>-1</source-30>
    <source-31>-1</source-31>
    <source-32>-1</source-32>
    <source-33>-1</source-33>
    <source-34>-1</source-34>
    <source-35>-1</source-35>
    <source-36>-1</source-36>
    <source-37>-1</source-37>
    <source-38>-1</source-38>
    <source-39>-1</source-39>
    <source-40>-1</source-40>
  </node-to-node>
  <node-to-node>
    <destination-node>source-17</destination-node>
    <source-1>-1</source-1>
    <source-2>-1</source-2>
    <source-3>-1</source-3>
    <source-4>-1</source-4>
    <source-5>-1</source-5>
    <source-6>-1</source-6>
    <source-7>-1</source-7>
    <source-8>-1</source-8>
    <source-9>-1</source-9>
    <source-10>-1</source-10>
    <source-11>-1</source-11>
    <source-12>-1</source-12>
    <source-13>-1</source-13>
    <source-14>-1</source-14>
    <source-15>-1</source-15>
    <source-16>4.29</source-16>
    <source-17>1.43</source-17>
    <source-18>-1</source-18>
    <source-19>-1</source-19>
    <source-20>-1</source-20>
    <source-21>-1</source-21>
    <source-22>-1</source-22>
    <source-23>-1</source-23>
    <source-24>-1</source-24>
    <source-25>-1</source-25>
    <source-26>-1</source-26>
    <source-27>-1</source-27>
    <source-28>-1</source-28>
    <source-29>-1</source-29>
    <source-30>-1</source-30>
    <source-31>-1</source-31>
    <source-32>-1</source-32>
    <source-33>-1</source-33>
    <source-34>-1</source-34>
    <source-35>-1</source-35>
    <source-36>-1</source-36>
    <source-37>-1</source-37>
    <source-38>-1</source-38>
    <source-39>-1</source-39>
    <source-40>-1</source-40>
  </node-to-node>
  <node-to-node>
    <destination-node>source-18</destination-node>
    <source-1>-1</source-1>
    <source-2>-1</source-2>
    <source-3>-1</source-3>
    <source-4>-1</source-4>
    <source-5>-1</source-5>
    <source-6>-1</source-6>
    <source-7>-1</source-7>
    <source-8>-1</source-8>
    <source-9>-1</source-9>
    <source-10>-1</source-10>
    <source-11>-1</source-11>
    <source-12>-1</source-12>
    <source-13>-1</source-13>
    <source-14>-1</source-14>
    <source-15>-1</source-15>
    <source-16>-1</source-16>
    <source-17>-1</source-17>
    <source-18>1.43</source-18>
    <source-19>-1</source-19>
    <source-20>-1</source-20>
    <source-21>-1</source-21>
    <source-22>-1</source-22>
    <source-23>-1</source-23>
    <source-24>-1</source-24>
    <source-25>-1</source-25>
    <source-26>-1</source-26>
    <source-27>-1</source-27>
    <source-28>-1</source-28>
    <source-29>-1</source-29>
    <source-30>-1</source-30>
    <source-31>-1</source-31>
    <source-32>-1</source-32>
    <source-33>-1</source-33>
    <source-34>-1</source-34>
    <source-35>-1</source-35>
    <source-36>-1</source-36>
    <source-37>-1</source-37>
    <source-38>-1</source-38>
    <source-39>-1</source-39>
    <source-40>-1</source-40>
  </node-to-node>
  <node-to-node>
    <destination-node>source-19</destination-node>
    <source-1>-1</source-1>
    <source-2>-1</source-2>
    <source-3>-1</source-3>
    <source-4>-1</source-4>
    <source-5>-1</source-5>
    <source-6>-1</source-6>
    <source-7>-1</source-7>
    <source-8>-1</source-8>
    <source-9>-1</source-9>
    <source-10>-1</source-10>
    <source-11>-1</source-11>
    <source-12>-1</source-12>
    <source-13>-1</source-13>
    <source-14>-1</source-14>
    <source-15>-1</source-15>
    <source-16>-1</source-16>
    <source-17>-1</source-17>
    <source-18>-1</source-18>
    <source-19>1.43</source-19>
    <source-20>5.72</source-20>
    <source-21>2.86</source-21>
    <source-22>4.29</source-22>
    <source-23>-1</source-23>
    <source-24>4.29</source-24>
    <source-25>4.29</source-25>
    <source-26>-1</source-26>
    <source-27>-1</source-27>
    <source-28>-1</source-28>
    <source-29>-1</source-29>
    <source-30>-1</source-30>
    <source-31>-1</source-31>
    <source-32>-1</source-32>
    <source-33>-1</source-33>
    <source-34>-1</source-34>
    <source-35>-1</source-35>
    <source-36>-1</source-36>
    <source-37>-1</source-37>
    <source-38>-1</source-38>
    <source-39>-1</source-39>
    <source-40>-1</source-40>
  </node-to-node>
  <node-to-node>
    <destination-node>source-20</destination-node>
    <source-1>-1</source-1>
    <source-2>-1</source-2>
    <source-3>-1</source-3>
    <source-4>-1</source-4>
    <source-5>-1</source-5>
    <source-6>-1</source-6>
    <source-7>-1</source-7>
    <source-8>-1</source-8>
    <source-9>-1</source-9>
    <source-10>-1</source-10>
    <source-11>-1</source-11>
    <source-12>-1</source-12>
    <source-13>-1</source-13>
    <source-14>-1</source-14>
    <source-15>-1</source-15>
    <source-16>-1</source-16>
    <source-17>-1</source-17>
    <source-18>-1</source-18>
    <source-19>5.72</source-19>
    <source-20>1.43</source-20>
    <source-21>4.29</source-21>
    <source-22>5.72</source-22>
    <source-23>-1</source-23>
    <source-24>2.86</source-24>
    <source-25>4.29</source-25>
    <source-26>-1</source-26>
    <source-27>-1</source-27>
    <source-28>-1</source-28>
    <source-29>-1</source-29>
    <source-30>-1</source-30>
    <source-31>-1</source-31>
    <source-32>-1</source-32>
    <source-33>-1</source-33>
    <source-34>-1</source-34>
    <source-35>-1</source-35>
    <source-36>-1</source-36>
    <source-37>-1</source-37>
    <source-38>-1</source-38>
    <source-39>-1</source-39>
    <source-40>-1</source-40>
  </node-to-node>
  <node-to-node>
    <destination-node>source-21</destination-node>
    <source-1>-1</source-1>
    <source-2>-1</source-2>
    <source-3>-1</source-3>
    <source-4>-1</source-4>
    <source-5>-1</source-5>
    <source-6>-1</source-6>
    <source-7>-1</source-7>
    <source-8>-1</source-8>
    <source-9>-1</source-9>
    <source-10>-1</source-10>
    <source-11>-1</source-11>
    <source-12>-1</source-12>
    <source-13>-1</source-13>
    <source-14>-1</source-14>
    <source-15>-1</source-15>
    <source-16>-1</source-16>
    <source-17>-1</source-17>
    <source-18>-1</source-18>
    <source-19>2.86</source-19>
    <source-20>4.29</source-20>
    <source-21>1.43</source-21>
    <source-22>2.86</source-22>
    <source-23>-1</source-23>
    <source-24>2.86</source-24>
    <source-25>2.86</source-25>
    <source-26>-1</source-26>
    <source-27>-1</source-27>
    <source-28>-1</source-28>
    <source-29>-1</source-29>
    <source-30>-1</source-30>
    <source-31>-1</source-31>
    <source-32>-1</source-32>
    <source-33>-1</source-33>
    <source-34>-1</source-34>
    <source-35>-1</source-35>
    <source-36>-1</source-36>
    <source-37>-1</source-37>
    <source-38>-1</source-38>
    <source-39>-1</source-39>
    <source-40>-1</source-40>
  </node-to-node>
  <node-to-node>
    <destination-node>source-22</destination-node>
    <source-1>-1</source-1>
    <source-2>-1</source-2>
    <source-3>-1</source-3>
    <source-4>-1</source-4>
    <source-5>-1</source-5>
    <source-6>-1</source-6>
    <source-7>-1</source-7>
    <source-8>-1</source-8>
    <source-9>-1</source-9>
    <source-10>-1</source-10>
    <source-11>-1</source-11>
    <source-12>-1</source-12>
    <source-13>-1</source-13>
    <source-14>-1</source-14>
    <source-15>-1</source-15>
    <source-16>-1</source-16>
    <source-17>-1</source-17>
    <source-18>-1</source-18>
    <source-19>4.29</source-19>
    <source-20>5.72</source-20>
    <source-21>2.86</source-21>
    <source-22>1.43</source-22>
    <source-23>-1</source-23>
    <source-24>-1</source-24>
    <source-25>-1</source-25>
    <source-26>2.86</source-26>
    <source-27>-1</source-27>
    <source-28>-1</source-28>
    <source-29>-1</source-29>
    <source-30>-1</source-30>
    <source-31>-1</source-31>
    <source-32>-1</source-32>
    <source-33>-1</source-33>
    <source-34>-1</source-34>
    <source-35>-1</source-35>
    <source-36>-1</source-36>
    <source-37>-1</source-37>
    <source-38>-1</source-38>
    <source-39>-1</source-39>
    <source-40>-1</source-40>
  </node-to-node>
  <node-to-node>
    <destination-node>source-23</destination-node>
    <source-1>-1</source-1>
    <source-2>-1</source-2>
    <source-3>-1</source-3>
    <source-4>-1</source-4>
    <source-5>-1</source-5>
    <source-6>-1</source-6>
    <source-7>-1</source-7>
    <source-8>-1</source-8>
    <source-9>-1</source-9>
    <source-10>-1</source-10>
    <source-11>-1</source-11>
    <source-12>-1</source-12>
    <source-13>-1</source-13>
    <source-14>-1</source-14>
    <source-15>-1</source-15>
    <source-16>-1</source-16>
    <source-17>-1</source-17>
    <source-18>-1</source-18>
    <source-19>-1</source-19>
    <source-20>-1</source-20>
    <source-21>-1</source-21>
    <source-22>-1</source-22>
    <source-23>1.43</source-23>
    <source-24>-1</source-24>
    <source-25>-1</source-25>
    <source-26>-1</source-26>
    <source-27>-1</source-27>
    <source-28>-1</source-28>
    <source-29>-1</source-29>
    <source-30>-1</source-30>
    <source-31>-1</source-31>
    <source-32>-1</source-32>
    <source-33>-1</source-33>
    <source-34>-1</source-34>
    <source-35>-1</source-35>
    <source-36>-1</source-36>
    <source-37>-1</source-37>
    <source-38>-1</source-38>
    <source-39>-1</source-39>
    <source-40>-1</source-40>
  </node-to-node>
  <node-to-node>
    <destination-node>source-24</destination-node>
    <source-1>-1</source-1>
    <source-2>-1</source-2>
    <source-3>-1</source-3>
    <source-4>-1</source-4>
    <source-5>-1</source-5>
    <source-6>-1</source-6>
    <source-7>-1</source-7>
    <source-8>-1</source-8>
    <source-9>-1</source-9>
    <source-10>-1</source-10>
    <source-11>-1</source-11>
    <source-12>-1</source-12>
    <source-13>-1</source-13>
    <source-14>-1</source-14>
    <source-15>-1</source-15>
    <source-16>-1</source-16>
    <source-17>-1</source-17>
    <source-18>-1</source-18>
    <source-19>4.29</source-19>
    <source-20>2.86</source-20>
    <source-21>2.86</source-21>
    <source-22>-1</source-22>
    <source-23>-1</source-23>
    <source-24>1.43</source-24>
    <source-25>2.86</source-25>
    <source-26>-1</source-26>
    <source-27>-1</source-27>
    <source-28>-1</source-28>
    <source-29>-1</source-29>
    <source-30>-1</source-30>
    <source-31>-1</source-31>
    <source-32>-1</source-32>
    <source-33>-1</source-33>
    <source-34>-1</source-34>
    <source-35>-1</source-35>
    <source-36>-1</source-36>
    <source-37>-1</source-37>
    <source-38>-1</source-38>
    <source-39>-1</source-39>
    <source-40>-1</source-40>
  </node-to-node>
  <node-to-node>
    <destination-node>source-25</destination-node>
    <source-1>-1</source-1>
    <source-2>-1</source-2>
    <source-3>-1</source-3>
    <source-4>-1</source-4>
    <source-5>-1</source-5>
    <source-6>-1</source-6>
    <source-7>-1</source-7>
    <source-8>-1</source-8>
    <source-9>-1</source-9>
    <source-10>-1</source-10>
    <source-11>-1</source-11>
    <source-12>-1</source-12>
    <source-13>-1</source-13>
    <source-14>-1</source-14>
    <source-15>-1</source-15>
    <source-16>-1</source-16>
    <source-17>-1</source-17>
    <source-18>-1</source-18>
    <source-19>4.29</source-19>
    <source-20>4.29</source-20>
    <source-21>2.86</source-21>
    <source-22>-1</source-22>
    <source-23>-1</source-23>
    <source-24>2.86</source-24>
    <source-25>1.43</source-25>
    <source-26>-1</source-26>
    <source-27>-1</source-27>
    <source-28>-1</source-28>
    <source-29>-1</source-29>
    <source-30>-1</source-30>
    <source-31>-1</source-31>
    <source-32>-1</source-32>
    <source-33>-1</source-33>
    <source-34>-1</source-34>
    <source-35>-1</source-35>
    <source-36>-1</source-36>
    <source-37>-1</source-37>
    <source-38>-1</source-38>
    <source-39>-1</source-39>
    <source-40>-1</source-40>
  </node-to-node>
  <node-to-node>
    <destination-node>source-26</destination-node>
    <source-1>-1</source-1>
    <source-2>-1</source-2>
    <source-3>-1</source-3>
    <source-4>-1</source-4>
    <source-5>-1</source-5>
    <source-6>-1</source-6>
    <source-7>-1</source-7>
    <source-8>-1</source-8>
    <source-9>-1</source-9>
    <source-10>-1</source-10>
    <source-11>-1</source-11>
    <source-12>-1</source-12>
    <source-13>-1</source-13>
    <source-14>-1</source-14>
    <source-15>-1</source-15>
    <source-16>-1</source-16>
    <source-17>-1</source-17>
    <source-18>-1</source-18>
    <source-19>-1</source-19>
    <source-20>-1</source-20>
    <source-21>-1</source-21>
    <source-22>2.86</source-22>
    <source-23>-1</source-23>
    <source-24>-1</source-24>
    <source-25>-1</source-25>
    <source-26>1.43</source-26>
    <source-27>-1</source-27>
    <source-28>-1</source-28>
    <source-29>-1</source-29>
    <source-30>-1</source-30>
    <source-31>-1</source-31>
    <source-32>-1</source-32>
    <source-33>-1</source-33>
    <source-34>-1</source-34>
    <source-35>-1</source-35>
    <source-36>-1</source-36>
    <source-37>-1</source-37>
    <source-38>-1</source-38>
    <source-39>-1</source-39>
    <source-40>-1</source-40>
  </node-to-node>
  <node-to-node>
    <destination-node>source-27</destination-node>
    <source-1>-1</source-1>
    <source-2>-1</source-2>
    <source-3>-1</source-3>
    <source-4>-1</source-4>
    <source-5>-1</source-5>
    <source-6>-1</source-6>
    <source-7>-1</source-7>
    <source-8>-1</source-8>
    <source-9>-1</source-9>
    <source-10>-1</source-10>
    <source-11>-1</source-11>
    <source-12>-1</source-12>
    <source-13>-1</source-13>
    <source-14>-1</source-14>
    <source-15>-1</source-15>
    <source-16>-1</source-16>
    <source-17>-1</source-17>
    <source-18>-1</source-18>
    <source-19>-1</source-19>
    <source-20>-1</source-20>
    <source-21>-1</source-21>
    <source-22>-1</source-22>
    <source-23>-1</source-23>
    <source-24>-1</source-24>
    <source-25>-1</source-25>
    <source-26>-1</source-26>
    <source-27>1.43</source-27>
    <source-28>-1</source-28>
    <source-29>-1</source-29>
    <source-30>-1</source-30>
    <source-31>-1</source-31>
    <source-32>-1</source-32>
    <source-33>-1</source-33>
    <source-34>-1</source-34>
    <source-35>-1</source-35>
    <source-36>-1</source-36>
    <source-37>-1</source-37>
    <source-38>-1</source-38>
    <source-39>-1</source-39>
    <source-40>-1</source-40>
  </node-to-node>
  <node-to-node>
    <destination-node>source-28</destination-node>
    <source-1>-1</source-1>
    <source-2>-1</source-2>
    <source-3>-1</source-3>
    <source-4>-1</source-4>
    <source-5>-1</source-5>
    <source-6>-1</source-6>
    <source-7>-1</source-7>
    <source-8>-1</source-8>
    <source-9>-1</source-9>
    <source-10>-1</source-10>
    <source-11>-1</source-11>
    <source-12>-1</source-12>
    <source-13>-1</source-13>
    <source-14>-1</source-14>
    <source-15>-1</source-15>
    <source-16>-1</source-16>
    <source-17>-1</source-17>
    <source-18>-1</source-18>
    <source-19>-1</source-19>
    <source-20>-1</source-20>
    <source-21>-1</source-21>
    <source-22>-1</source-22>
    <source-23>-1</source-23>
    <source-24>-1</source-24>
    <source-25>-1</source-25>
    <source-26>-1</source-26>
    <source-27>-1</source-27>
    <source-28>1.43</source-28>
    <source-29>2.86</source-29>
    <source-30>-1</source-30>
    <source-31>-1</source-31>
    <source-32>-1</source-32>
    <source-33>-1</source-33>
    <source-34>-1</source-34>
    <source-35>-1</source-35>
    <source-36>-1</source-36>
    <source-37>-1</source-37>
    <source-38>-1</source-38>
    <source-39>-1</source-39>
    <source-40>-1</source-40>
  </node-to-node>
  <node-to-node>
    <destination-node>source-29</destination-node>
    <source-1>-1</source-1>
    <source-2>-1</source-2>
    <source-3>-1</source-3>
    <source-4>-1</source-4>
    <source-5>-1</source-5>
    <source-6>-1</source-6>
    <source-7>-1</source-7>
    <source-8>-1</source-8>
    <source-9>-1</source-9>
    <source-10>-1</source-10>
    <source-11>-1</source-11>
    <source-12>-1</source-12>
    <source-13>-1</source-13>
    <source-14>-1</source-14>
    <source-15>-1</source-15>
    <source-16>-1</source-16>
    <source-17>-1</source-17>
    <source-18>-1</source-18>
    <source-19>-1</source-19>
    <source-20>-1</source-20>
    <source-21>-1</source-21>
    <source-22>-1</source-22>
    <source-23>-1</source-23>
    <source-24>-1</source-24>
    <source-25>-1</source-25>
    <source-26>-1</source-26>
    <source-27>-1</source-27>
    <source-28>2.86</source-28>
    <source-29>1.43</source-29>
    <source-30>-1</source-30>
    <source-31>-1</source-31>
    <source-32>-1</source-32>
    <source-33>-1</source-33>
    <source-34>-1</source-34>
    <source-35>-1</source-35>
    <source-36>-1</source-36>
    <source-37>-1</source-37>
    <source-38>-1</source-38>
    <source-39>-1</source-39>
    <source-40>-1</source-40>
  </node-to-node>
  <node-to-node>
    <destination-node>source-30</destination-node>
    <source-1>-1</source-1>
    <source-2>-1</source-2>
    <source-3>-1</source-3>
    <source-4>-1</source-4>
    <source-5>-1</source-5>
    <source-6>-1</source-6>
    <source-7>-1</source-7>
    <source-8>-1</source-8>
    <source-9>-1</source-9>
    <source-10>-1</source-10>
    <source-11>-1</source-11>
    <source-12>-1</source-12>
    <source-13>-1</source-13>
    <source-14>-1</source-14>
    <source-15>-1</source-15>
    <source-16>-1</source-16>
    <source-17>-1</source-17>
    <source-18>-1</source-18>
    <source-19>-1</source-19>
    <source-20>-1</source-20>
    <source-21>-1</source-21>
    <source-22>-1</source-22>
    <source-23>-1</source-23>
    <source-24>-1</source-24>
    <source-25>-1</source-25>
    <source-26>-1</source-26>
    <source-27>-1</source-27>
    <source-28>-1</source-28>
    <source-29>-1</source-29>
    <source-30>1.43</source-30>
    <source-31>-1</source-31>
    <source-32>4.29</source-32>
    <source-33>-1</source-33>
    <source-34>-1</source-34>
    <source-35>-1</source-35>
    <source-36>-1</source-36>
    <source-37>-1</source-37>
    <source-38>-1</source-38>
    <source-39>-1</source-39>
    <source-40>-1</source-40>
  </node-to-node>
  <node-to-node>
    <destination-node>source-31</destination-node>
    <source-1>-1</source-1>
    <source-2>-1</source-2>
    <source-3>-1</source-3>
    <source-4>-1</source-4>
    <source-5>-1</source-5>
    <source-6>-1</source-6>
    <source-7>-1</source-7>
    <source-8>-1</source-8>
    <source-9>-1</source-9>
    <source-10>-1</source-10>
    <source-11>-1</source-11>
    <source-12>-1</source-12>
    <source-13>-1</source-13>
    <source-14>-1</source-14>
    <source-15>-1</source-15>
    <source-16>-1</source-16>
    <source-17>-1</source-17>
    <source-18>-1</source-18>
    <source-19>-1</source-19>
    <source-20>-1</source-20>
    <source-21>-1</source-21>
    <source-22>-1</source-22>
    <source-23>-1</source-23>
    <source-24>-1</source-24>
    <source-25>-1</source-25>
    <source-26>-1</source-26>
    <source-27>-1</source-27>
    <source-28>-1</source-28>
    <source-29>-1</source-29>
    <source-30>-1</source-30>
    <source-31>1.43</source-31>
    <source-32>-1</source-32>
    <source-33>-1</source-33>
    <source-34>-1</source-34>
    <source-35>-1</source-35>
    <source-36>-1</source-36>
    <source-37>-1</source-37>
    <source-38>-1</source-38>
    <source-39>-1</source-39>
    <source-40>-1</source-40>
  </node-to-node>
  <node-to-node>
    <destination-node>source-32</destination-node>
    <source-1>-1</source-1>
    <source-2>-1</source-2>
    <source-3>-1</source-3>
    <source-4>-1</source-4>
    <source-5>-1</source-5>
    <source-6>-1</source-6>
    <source-7>-1</source-7>
    <source-8>-1</source-8>
    <source-9>-1</source-9>
    <source-10>-1</source-10>
    <source-11>-1</source-11>
    <source-12>-1</source-12>
    <source-13>-1</source-13>
    <source-14>-1</source-14>
    <source-15>-1</source-15>
    <source-16>-1</source-16>
    <source-17>-1</source-17>
    <source-18>-1</source-18>
    <source-19>-1</source-19>
    <source-20>-1</source-20>
    <source-21>-1</source-21>
    <source-22>-1</source-22>
    <source-23>-1</source-23>
    <source-24>-1</source-24>
    <source-25>-1</source-25>
    <source-26>-1</source-26>
    <source-27>-1</source-27>
    <source-28>-1</source-28>
    <source-29>-1</source-29>
    <source-30>4.29</source-30>
    <source-31>-1</source-31>
    <source-32>1.43</source-32>
    <source-33>-1</source-33>
    <source-34>-1</source-34>
    <source-35>-1</source-35>
    <source-36>-1</source-36>
    <source-37>-1</source-37>
    <source-38>-1</source-38>
    <source-39>-1</source-39>
    <source-40>-1</source-40>
  </node-to-node>
  <node-to-node>
    <destination-node>source-33</destination-node>
    <source-1>-1</source-1>
    <source-2>-1</source-2>
    <source-3>-1</source-3>
    <source-4>-1</source-4>
    <source-5>-1</source-5>
    <source-6>-1</source-6>
    <source-7>-1</source-7>
    <source-8>-1</source-8>
    <source-9>-1</source-9>
    <source-10>-1</source-10>
    <source-11>-1</source-11>
    <source-12>-1</source-12>
    <source-13>-1</source-13>
    <source-14>-1</source-14>
    <source-15>-1</source-15>
    <source-16>-1</source-16>
    <source-17>-1</source-17>
    <source-18>-1</source-18>
    <source-19>-1</source-19>
    <source-20>-1</source-20>
    <source-21>-1</source-21>
    <source-22>-1</source-22>
    <source-23>-1</source-23>
    <source-24>-1</source-24>
    <source-25>-1</source-25>
    <source-26>-1</source-26>
    <source-27>-1</source-27>
    <source-28>-1</source-28>
    <source-29>-1</source-29>
    <source-30>-1</source-30>
    <source-31>-1</source-31>
    <source-32>-1</source-32>
    <source-33>1.43</source-33>
    <source-34>-1</source-34>
    <source-35>-1</source-35>
    <source-36>-1</source-36>
    <source-37>-1</source-37>
    <source-38>-1</source-38>
    <source-39>-1</source-39>
    <source-40>-1</source-40>
  </node-to-node>
  <node-to-node>
    <destination-node>source-34</destination-node>
    <source-1>-1</source-1>
    <source-2>-1</source-2>
    <source-3>-1</source-3>
    <source-4>-1</source-4>
    <source-5>-1</source-5>
    <source-6>-1</source-6>
    <source-7>-1</source-7>
    <source-8>-1</source-8>
    <source-9>-1</source-9>
    <source-10>-1</source-10>
    <source-11>-1</source-11>
    <source-12>-1</source-12>
    <source-13>-1</source-13>
    <source-14>-1</source-14>
    <source-15>-1</source-15>
    <source-16>-1</source-16>
    <source-17>-1</source-17>
    <source-18>-1</source-18>
    <source-19>-1</source-19>
    <source-20>-1</source-20>
    <source-21>-1</source-21>
    <source-22>-1</source-22>
    <source-23>-1</source-23>
    <source-24>-1</source-24>
    <source-25>-1</source-25>
    <source-26>-1</source-26>
    <source-27>-1</source-27>
    <source-28>-1</source-28>
    <source-29>-1</source-29>
    <source-30>-1</source-30>
    <source-31>-1</source-31>
    <source-32>-1</source-32>
    <source-33>-1</source-33>
    <source-34>1.43</source-34>
    <source-35>2.86</source-35>
    <source-36>-1</source-36>
    <source-37>-1</source-37>
    <source-38>-1</source-38>
    <source-39>-1</source-39>
    <source-40>-1</source-40>
  </node-to-node>
  <node-to-node>
    <destination-node>source-35</destination-node>
    <source-1>-1</source-1>
    <source-2>-1</source-2>
    <source-3>-1</source-3>
    <source-4>-1</source-4>
    <source-5>-1</source-5>
    <source-6>-1</source-6>
    <source-7>-1</source-7>
    <source-8>-1</source-8>
    <source-9>-1</source-9>
    <source-10>-1</source-10>
    <source-11>-1</source-11>
    <source-12>-1</source-12>
    <source-13>-1</source-13>
    <source-14>-1</source-14>
    <source-15>-1</source-15>
    <source-16>-1</source-16>
    <source-17>-1</source-17>
    <source-18>-1</source-18>
    <source-19>-1</source-19>
    <source-20>-1</source-20>
    <source-21>-1</source-21>
    <source-22>-1</source-22>
    <source-23>-1</source-23>
    <source-24>-1</source-24>
    <source-25>-1</source-25>
    <source-26>-1</source-26>
    <source-27>-1</source-27>
    <source-28>-1</source-28>
    <source-29>-1</source-29>
    <source-30>-1</source-30>
    <source-31>-1</source-31>
    <source-32>-1</source-32>
    <source-33>-1</source-33>
    <source-34>2.86</source-34>
    <source-35>1.43</source-35>
    <source-36>-1</source-36>
    <source-37>-1</source-37>
    <source-38>-1</source-38>
    <source-39>-1</source-39>
    <source-40>-1</source-40>
  </node-to-node>
  <node-to-node>
    <destination-node>source-36</destination-node>
    <source-1>-1</source-1>
    <source-2>-1</source-2>
    <source-3>-1</source-3>
    <source-4>-1</source-4>
    <source-5>-1</source-5>
    <source-6>-1</source-6>
    <source-7>-1</source-7>
    <source-8>-1</source-8>
    <source-9>-1</source-9>
    <source-10>-1</source-10>
    <source-11>-1</source-11>
    <source-12>-1</source-12>
    <source-13>-1</source-13>
    <source-14>-1</source-14>
    <source-15>-1</source-15>
    <source-16>-1</source-16>
    <source-17>-1</source-17>
    <source-18>-1</source-18>
    <source-19>-1</source-19>
    <source-20>-1</source-20>
    <source-21>-1</source-21>
    <source-22>-1</source-22>
    <source-23>-1</source-23>
    <source-24>-1</source-24>
    <source-25>-1</source-25>
    <source-26>-1</source-26>
    <source-27>-1</source-27>
    <source-28>-1</source-28>
    <source-29>-1</source-29>
    <source-30>-1</source-30>
    <source-31>-1</source-31>
    <source-32>-1</source-32>
    <source-33>-1</source-33>
    <source-34>-1</source-34>
    <source-35>-1</source-35>
    <source-36>1.43</source-36>
    <source-37>4.29</source-37>
    <source-38>2.86</source-38>
    <source-39>-1</source-39>
    <source-40>-1</source-40>
  </node-to-node>
  <node-to-node>
    <destination-node>source-37</destination-node>
    <source-1>-1</source-1>
    <source-2>-1</source-2>
    <source-3>-1</source-3>
    <source-4>-1</source-4>
    <source-5>-1</source-5>
    <source-6>-1</source-6>
    <source-7>-1</source-7>
    <source-8>-1</source-8>
    <source-9>-1</source-9>
    <source-10>-1</source-10>
    <source-11>-1</source-11>
    <source-12>-1</source-12>
    <source-13>-1</source-13>
    <source-14>-1</source-14>
    <source-15>-1</source-15>
    <source-16>-1</source-16>
    <source-17>-1</source-17>
    <source-18>-1</source-18>
    <source-19>-1</source-19>
    <source-20>-1</source-20>
    <source-21>-1</source-21>
    <source-22>-1</source-22>
    <source-23>-1</source-23>
    <source-24>-1</source-24>
    <source-25>-1</source-25>
    <source-26>-1</source-26>
    <source-27>-1</source-27>
    <source-28>-1</source-28>
    <source-29>-1</source-29>
    <source-30>-1</source-30>
    <source-31>-1</source-31>
    <source-32>-1</source-32>
    <source-33>-1</source-33>
    <source-34>-1</source-34>
    <source-35>-1</source-35>
    <source-36>4.29</source-36>
    <source-37>1.43</source-37>
    <source-38>2.86</source-38>
    <source-39>-1</source-39>
    <source-40>-1</source-40>
  </node-to-node>
  <node-to-node>
    <destination-node>source-38</destination-node>
    <source-1>-1</source-1>
    <source-2>-1</source-2>
    <source-3>-1</source-3>
    <source-4>-1</source-4>
    <source-5>-1</source-5>
    <source-6>-1</source-6>
    <source-7>-1</source-7>
    <source-8>-1</source-8>
    <source-9>-1</source-9>
    <source-10>-1</source-10>
    <source-11>-1</source-11>
    <source-12>-1</source-12>
    <source-13>-1</source-13>
    <source-14>-1</source-14>
    <source-15>-1</source-15>
    <source-16>-1</source-16>
    <source-17>-1</source-17>
    <source-18>-1</source-18>
    <source-19>-1</source-19>
    <source-20>-1</source-20>
    <source-21>-1</source-21>
    <source-22>-1</source-22>
    <source-23>-1</source-23>
    <source-24>-1</source-24>
    <source-25>-1</source-25>
    <source-26>-1</source-26>
    <source-27>-1</source-27>
    <source-28>-1</source-28>
    <source-29>-1</source-29>
    <source-30>-1</source-30>
    <source-31>-1</source-31>
    <source-32>-1</source-32>
    <source-33>-1</source-33>
    <source-34>-1</source-34>
    <source-35>-1</source-35>
    <source-36>2.86</source-36>
    <source-37>2.86</source-37>
    <source-38>1.43</source-38>
    <source-39>-1</source-39>
    <source-40>-1</source-40>
  </node-to-node>
  <node-to-node>
    <destination-node>source-39</destination-node>
    <source-1>-1</source-1>
    <source-2>-1</source-2>
    <source-3>-1</source-3>
    <source-4>-1</source-4>
    <source-5>-1</source-5>
    <source-6>-1</source-6>
    <source-7>-1</source-7>
    <source-8>-1</source-8>
    <source-9>-1</source-9>
    <source-10>-1</source-10>
    <source-11>-1</source-11>
    <source-12>-1</source-12>
    <source-13>-1</source-13>
    <source-14>-1</source-14>
    <source-15>-1</source-15>
    <source-16>-1</source-16>
    <source-17>-1</source-17>
    <source-18>-1</source-18>
    <source-19>-1</source-19>
    <source-20>-1</source-20>
    <source-21>-1</source-21>
    <source-22>-1</source-22>
    <source-23>-1</source-23>
    <source-24>-1</source-24>
    <source-25>-1</source-25>
    <source-26>-1</source-26>
    <source-27>-1</source-27>
    <source-28>-1</source-28>
    <source-29>-1</source-29>
    <source-30>-1</source-30>
    <source-31>-1</source-31>
    <source-32>-1</source-32>
    <source-33>-1</source-33>
    <source-34>-1</source-34>
    <source-35>-1</source-35>
    <source-36>-1</source-36>
    <source-37>-1</source-37>
    <source-38>-1</source-38>
    <source-39>1.43</source-39>
    <source-40>-1</source-40>
  </node-to-node>
  <node-to-node>
    <destination-node>source-40</destination-node>
    <source-1>-1</source-1>
    <source-2>-1</source-2>
    <source-3>-1</source-3>
    <source-4>-1</source-4>
    <source-5>-1</source-5>
    <source-6>-1</source-6>
    <source-7>-1</source-7>
    <source-8>-1</source-8>
    <source-9>-1</source-9>
    <source-10>-1</source-10>
    <source-11>-1</source-11>
    <source-12>-1</source-12>
    <source-13>-1</source-13>
    <source-14>-1</source-14>
    <source-15>-1</source-15>
    <source-16>-1</source-16>
    <source-17>-1</source-17>
    <source-18>-1</source-18>
    <source-19>-1</source-19>
    <source-20>-1</source-20>
    <source-21>-1</source-21>
    <source-22>-1</source-22>
    <source-23>-1</source-23>
    <source-24>-1</source-24>
    <source-25>-1</source-25>
    <source-26>-1</source-26>
    <source-27>-1</source-27>
    <source-28>-1</source-28>
    <source-29>-1</source-29>
    <source-30>-1</source-30>
    <source-31>-1</source-31>
    <source-32>-1</source-32>
    <source-33>-1</source-33>
    <source-34>-1</source-34>
    <source-35>-1</source-35>
    <source-36>-1</source-36>
    <source-37>-1</source-37>
    <source-38>-1</source-38>
    <source-39>1.43</source-39>
    <source-40>-1</source-40>
  </node-to-node>
</node-to-node-map>
