<?xml version="1.0" encoding="UTF-8" standalone="yes"?>
<node-to-node-map xmlns:xsi="http://www.w3.org/2001/XMLSchema-instance">
  <node-to-node>
    <destination-node>source-1</destination-node>
    <source-1>727.08</source-1>
    <source-2>1454.16</source-2>
    <source-3>2181.24</source-3>
    <source-4>2181.24</source-4>
    <source-5>3635.4</source-5>
    <source-6>2908.32</source-6>
    <source-7>2908.32</source-7>
    <source-8>2908.32</source-8>
    <source-9>-1</source-9>
    <source-10>3635.4</source-10>
    <source-11>3635.4</source-11>
    <source-12>-1</source-12>
    <source-13>-1</source-13>
    <source-14>-1</source-14>
    <source-15>-1</source-15>
    <source-16>-1</source-16>
    <source-17>-1</source-17>
    <source-18>-1</source-18>
    <source-19>-1</source-19>
    <source-20>-1</source-20>
    <source-21>-1</source-21>
    <source-22>-1</source-22>
    <source-23>-1</source-23>
    <source-24>-1</source-24>
    <source-25>-1</source-25>
    <source-26>-1</source-26>
    <source-27>-1</source-27>
    <source-28>-1</source-28>
    <source-29>-1</source-29>
    <source-30>-1</source-30>
    <source-31>-1</source-31>
    <source-32>-1</source-32>
    <source-33>-1</source-33>
    <source-34>-1</source-34>
    <source-35>-1</source-35>
    <source-36>-1</source-36>
    <source-37>-1</source-37>
    <source-38>-1</source-38>
    <source-39>-1</source-39>
    <source-40>-1</source-40>
  </node-to-node>
  <node-to-node>
    <destination-node>source-2</destination-node>
    <source-1>1454.16</source-1>
    <source-2>727.08</source-2>
    <source-3>1454.16</source-3>
    <source-4>1454.16</source-4>
    <source-5>2908.32</source-5>
    <source-6>2181.24</source-6>
    <source-7>2181.24</source-7>
    <source-8>2181.24</source-8>
    <source-9>-1</source-9>
    <source-10>2908.32</source-10>
    <source-11>2908.32</source-11>
    <source-12>-1</source-12>
    <source-13>-1</source-13>
    <source-14>-1</source-14>
    <source-15>-1</source-15>
    <source-16>-1</source-16>
    <source-17>-1</source-17>
    <source-18>-1</source-18>
    <source-19>-1</source-19>
    <source-20>-1</source-20>
    <source-21>-1</source-21>
    <source-22>-1</source-22>
    <source-23>-1</source-23>
    <source-24>-1</source-24>
    <source-25>-1</source-25>
    <source-26>-1</source-26>
    <source-27>-1</source-27>
    <source-28>-1</source-28>
    <source-29>-1</source-29>
    <source-30>-1</source-30>
    <source-31>-1</source-31>
    <source-32>-1</source-32>
    <source-33>-1</source-33>
    <source-34>-1</source-34>
    <source-35>-1</source-35>
    <source-36>-1</source-36>
    <source-37>-1</source-37>
    <source-38>-1</source-38>
    <source-39>-1</source-39>
    <source-40>-1</source-40>
  </node-to-node>
  <node-to-node>
    <destination-node>source-3</destination-node>
    <source-1>2181.24</source-1>
    <source-2>1454.16</source-2>
    <source-3>727.08</source-3>
    <source-4>1454.16</source-4>
    <source-5>2908.32</source-5>
    <source-6>1454.16</source-6>
    <source-7>1454.16</source-7>
    <source-8>2181.24</source-8>
    <source-9>-1</source-9>
    <source-10>2181.24</source-10>
    <source-11>2181.24</source-11>
    <source-12>-1</source-12>
    <source-13>-1</source-13>
    <source-14>-1</source-14>
    <source-15>-1</source-15>
    <source-16>-1</source-16>
    <source-17>-1</source-17>
    <source-18>-1</source-18>
    <source-19>-1</source-19>
    <source-20>-1</source-20>
    <source-21>-1</source-21>
    <source-22>-1</source-22>
    <source-23>-1</source-23>
    <source-24>-1</source-24>
    <source-25>-1</source-25>
    <source-26>-1</source-26>
    <source-27>-1</source-27>
    <source-28>-1</source-28>
    <source-29>-1</source-29>
    <source-30>-1</source-30>
    <source-31>-1</source-31>
    <source-32>-1</source-32>
    <source-33>-1</source-33>
    <source-34>-1</source-34>
    <source-35>-1</source-35>
    <source-36>-1</source-36>
    <source-37>-1</source-37>
    <source-38>-1</source-38>
    <source-39>-1</source-39>
    <source-40>-1</source-40>
  </node-to-node>
  <node-to-node>
    <destination-node>source-4</destination-node>
    <source-1>2181.24</source-1>
    <source-2>1454.16</source-2>
    <source-3>1454.16</source-3>
    <source-4>727.08</source-4>
    <source-5>2181.24</source-5>
    <source-6>2181.24</source-6>
    <source-7>1454.16</source-7>
    <source-8>1454.16</source-8>
    <source-9>-1</source-9>
    <source-10>2181.24</source-10>
    <source-11>2181.24</source-11>
    <source-12>-1</source-12>
    <source-13>-1</source-13>
    <source-14>-1</source-14>
    <source-15>-1</source-15>
    <source-16>-1</source-16>
    <source-17>-1</source-17>
    <source-18>-1</source-18>
    <source-19>-1</source-19>
    <source-20>-1</source-20>
    <source-21>-1</source-21>
    <source-22>-1</source-22>
    <source-23>-1</source-23>
    <source-24>-1</source-24>
    <source-25>-1</source-25>
    <source-26>-1</source-26>
    <source-27>-1</source-27>
    <source-28>-1</source-28>
    <source-29>-1</source-29>
    <source-30>-1</source-30>
    <source-31>-1</source-31>
    <source-32>-1</source-32>
    <source-33>-1</source-33>
    <source-34>-1</source-34>
    <source-35>-1</source-35>
    <source-36>-1</source-36>
    <source-37>-1</source-37>
    <source-38>-1</source-38>
    <source-39>-1</source-39>
    <source-40>-1</source-40>
  </node-to-node>
  <node-to-node>
    <destination-node>source-5</destination-node>
    <source-1>3635.4</source-1>
    <source-2>2908.32</source-2>
    <source-3>2908.32</source-3>
    <source-4>2181.24</source-4>
    <source-5>727.08</source-5>
    <source-6>3635.4</source-6>
    <source-7>2908.32</source-7>
    <source-8>2908.32</source-8>
    <source-9>-1</source-9>
    <source-10>3635.4</source-10>
    <source-11>3635.4</source-11>
    <source-12>-1</source-12>
    <source-13>-1</source-13>
    <source-14>-1</source-14>
    <source-15>-1</source-15>
    <source-16>-1</source-16>
    <source-17>-1</source-17>
    <source-18>-1</source-18>
    <source-19>-1</source-19>
    <source-20>-1</source-20>
    <source-21>-1</source-21>
    <source-22>-1</source-22>
    <source-23>-1</source-23>
    <source-24>-1</source-24>
    <source-25>-1</source-25>
    <source-26>-1</source-26>
    <source-27>-1</source-27>
    <source-28>-1</source-28>
    <source-29>-1</source-29>
    <source-30>-1</source-30>
    <source-31>-1</source-31>
    <source-32>-1</source-32>
    <source-33>-1</source-33>
    <source-34>-1</source-34>
    <source-35>-1</source-35>
    <source-36>-1</source-36>
    <source-37>-1</source-37>
    <source-38>-1</source-38>
    <source-39>-1</source-39>
    <source-40>-1</source-40>
  </node-to-node>
  <node-to-node>
    <destination-node>source-6</destination-node>
    <source-1>2908.32</source-1>
    <source-2>2181.24</source-2>
    <source-3>1454.16</source-3>
    <source-4>2181.24</source-4>
    <source-5>3635.4</source-5>
    <source-6>727.08</source-6>
    <source-7>1454.16</source-7>
    <source-8>2181.24</source-8>
    <source-9>-1</source-9>
    <source-10>1454.16</source-10>
    <source-11>2181.24</source-11>
    <source-12>-1</source-12>
    <source-13>-1</source-13>
    <source-14>-1</source-14>
    <source-15>-1</source-15>
    <source-16>-1</source-16>
    <source-17>-1</source-17>
    <source-18>-1</source-18>
    <source-19>-1</source-19>
    <source-20>-1</source-20>
    <source-21>-1</source-21>
    <source-22>-1</source-22>
    <source-23>-1</source-23>
    <source-24>-1</source-24>
    <source-25>-1</source-25>
    <source-26>-1</source-26>
    <source-27>-1</source-27>
    <source-28>-1</source-28>
    <source-29>-1</source-29>
    <source-30>-1</source-30>
    <source-31>-1</source-31>
    <source-32>-1</source-32>
    <source-33>-1</source-33>
    <source-34>-1</source-34>
    <source-35>-1</source-35>
    <source-36>-1</source-36>
    <source-37>-1</source-37>
    <source-38>-1</source-38>
    <source-39>-1</source-39>
    <source-40>-1</source-40>
  </node-to-node>
  <node-to-node>
    <destination-node>source-7</destination-node>
    <source-1>2908.32</source-1>
    <source-2>2181.24</source-2>
    <source-3>1454.16</source-3>
    <source-4>1454.16</source-4>
    <source-5>2908.32</source-5>
    <source-6>1454.16</source-6>
    <source-7>727.08</source-7>
    <source-8>1454.16</source-8>
    <source-9>-1</source-9>
    <source-10>1454.16</source-10>
    <source-11>1454.16</source-11>
    <source-12>-1</source-12>
    <source-13>-1</source-13>
    <source-14>-1</source-14>
    <source-15>-1</source-15>
    <source-16>-1</source-16>
    <source-17>-1</source-17>
    <source-18>-1</source-18>
    <source-19>-1</source-19>
    <source-20>-1</source-20>
    <source-21>-1</source-21>
    <source-22>-1</source-22>
    <source-23>-1</source-23>
    <source-24>-1</source-24>
    <source-25>-1</source-25>
    <source-26>-1</source-26>
    <source-27>-1</source-27>
    <source-28>-1</source-28>
    <source-29>-1</source-29>
    <source-30>-1</source-30>
    <source-31>-1</source-31>
    <source-32>-1</source-32>
    <source-33>-1</source-33>
    <source-34>-1</source-34>
    <source-35>-1</source-35>
    <source-36>-1</source-36>
    <source-37>-1</source-37>
    <source-38>-1</source-38>
    <source-39>-1</source-39>
    <source-40>-1</source-40>
  </node-to-node>
  <node-to-node>
    <destination-node>source-8</destination-node>
    <source-1>2908.32</source-1>
    <source-2>2181.24</source-2>
    <source-3>2181.24</source-3>
    <source-4>1454.16</source-4>
    <source-5>2908.32</source-5>
    <source-6>2181.24</source-6>
    <source-7>1454.16</source-7>
    <source-8>727.08</source-8>
    <source-9>-1</source-9>
    <source-10>2181.24</source-10>
    <source-11>2181.24</source-11>
    <source-12>-1</source-12>
    <source-13>-1</source-13>
    <source-14>-1</source-14>
    <source-15>-1</source-15>
    <source-16>-1</source-16>
    <source-17>-1</source-17>
    <source-18>-1</source-18>
    <source-19>-1</source-19>
    <source-20>-1</source-20>
    <source-21>-1</source-21>
    <source-22>-1</source-22>
    <source-23>-1</source-23>
    <source-24>-1</source-24>
    <source-25>-1</source-25>
    <source-26>-1</source-26>
    <source-27>-1</source-27>
    <source-28>-1</source-28>
    <source-29>-1</source-29>
    <source-30>-1</source-30>
    <source-31>-1</source-31>
    <source-32>-1</source-32>
    <source-33>-1</source-33>
    <source-34>-1</source-34>
    <source-35>-1</source-35>
    <source-36>-1</source-36>
    <source-37>-1</source-37>
    <source-38>-1</source-38>
    <source-39>-1</source-39>
    <source-40>-1</source-40>
  </node-to-node>
  <node-to-node>
    <destination-node>source-9</destination-node>
    <source-1>-1</source-1>
    <source-2>-1</source-2>
    <source-3>-1</source-3>
    <source-4>-1</source-4>
    <source-5>-1</source-5>
    <source-6>-1</source-6>
    <source-7>-1</source-7>
    <source-8>-1</source-8>
    <source-9>727.08</source-9>
    <source-10>4362.48</source-10>
    <source-11>4362.48</source-11>
    <source-12>-1</source-12>
    <source-13>-1</source-13>
    <source-14>-1</source-14>
    <source-15>-1</source-15>
    <source-16>-1</source-16>
    <source-17>-1</source-17>
    <source-18>-1</source-18>
    <source-19>-1</source-19>
    <source-20>-1</source-20>
    <source-21>-1</source-21>
    <source-22>-1</source-22>
    <source-23>-1</source-23>
    <source-24>-1</source-24>
    <source-25>-1</source-25>
    <source-26>-1</source-26>
    <source-27>-1</source-27>
    <source-28>-1</source-28>
    <source-29>-1</source-29>
    <source-30>-1</source-30>
    <source-31>-1</source-31>
    <source-32>-1</source-32>
    <source-33>-1</source-33>
    <source-34>-1</source-34>
    <source-35>-1</source-35>
    <source-36>-1</source-36>
    <source-37>-1</source-37>
    <source-38>-1</source-38>
    <source-39>-1</source-39>
    <source-40>-1</source-40>
  </node-to-node>
  <node-to-node>
    <destination-node>source-10</destination-node>
    <source-1>3635.4</source-1>
    <source-2>2908.32</source-2>
    <source-3>2181.24</source-3>
    <source-4>2181.24</source-4>
    <source-5>3635.4</source-5>
    <source-6>1454.16</source-6>
    <source-7>1454.16</source-7>
    <source-8>2181.24</source-8>
    <source-9>4362.48</source-9>
    <source-10>727.08</source-10>
    <source-11>1454.16</source-11>
    <source-12>-1</source-12>
    <source-13>-1</source-13>
    <source-14>-1</source-14>
    <source-15>-1</source-15>
    <source-16>-1</source-16>
    <source-17>-1</source-17>
    <source-18>-1</source-18>
    <source-19>-1</source-19>
    <source-20>-1</source-20>
    <source-21>-1</source-21>
    <source-22>-1</source-22>
    <source-23>-1</source-23>
    <source-24>-1</source-24>
    <source-25>-1</source-25>
    <source-26>-1</source-26>
    <source-27>-1</source-27>
    <source-28>-1</source-28>
    <source-29>-1</source-29>
    <source-30>-1</source-30>
    <source-31>-1</source-31>
    <source-32>-1</source-32>
    <source-33>-1</source-33>
    <source-34>-1</source-34>
    <source-35>-1</source-35>
    <source-36>-1</source-36>
    <source-37>-1</source-37>
    <source-38>-1</source-38>
    <source-39>-1</source-39>
    <source-40>-1</source-40>
  </node-to-node>
  <node-to-node>
    <destination-node>source-11</destination-node>
    <source-1>3635.4</source-1>
    <source-2>2908.32</source-2>
    <source-3>2181.24</source-3>
    <source-4>2181.24</source-4>
    <source-5>3635.4</source-5>
    <source-6>2181.24</source-6>
    <source-7>1454.16</source-7>
    <source-8>2181.24</source-8>
    <source-9>4362.48</source-9>
    <source-10>1454.16</source-10>
    <source-11>727.08</source-11>
    <source-12>-1</source-12>
    <source-13>-1</source-13>
    <source-14>-1</source-14>
    <source-15>-1</source-15>
    <source-16>-1</source-16>
    <source-17>-1</source-17>
    <source-18>-1</source-18>
    <source-19>-1</source-19>
    <source-20>-1</source-20>
    <source-21>-1</source-21>
    <source-22>-1</source-22>
    <source-23>-1</source-23>
    <source-24>-1</source-24>
    <source-25>-1</source-25>
    <source-26>-1</source-26>
    <source-27>-1</source-27>
    <source-28>-1</source-28>
    <source-29>-1</source-29>
    <source-30>-1</source-30>
    <source-31>-1</source-31>
    <source-32>-1</source-32>
    <source-33>-1</source-33>
    <source-34>-1</source-34>
    <source-35>-1</source-35>
    <source-36>-1</source-36>
    <source-37>-1</source-37>
    <source-38>-1</source-38>
    <source-39>-1</source-39>
    <source-40>-1</source-40>
  </node-to-node>
  <node-to-node>
    <destination-node>source-12</destination-node>
    <source-1>-1</source-1>
    <source-2>-1</source-2>
    <source-3>-1</source-3>
    <source-4>-1</source-4>
    <source-5>-1</source-5>
    <source-6>-1</source-6>
    <source-7>-1</source-7>
    <source-8>-1</source-8>
    <source-9>-1</source-9>
    <source-10>-1</source-10>
    <source-11>-1</source-11>
    <source-12>727.08</source-12>
    <source-13>1454.16</source-13>
    <source-14>-1</source-14>
    <source-15>1454.16</source-15>
    <source-16>-1</source-16>
    <source-17>-1</source-17>
    <source-18>-1</source-18>
    <source-19>-1</source-19>
    <source-20>-1</source-20>
    <source-21>-1</source-21>
    <source-22>-1</source-22>
    <source-23>-1</source-23>
    <source-24>-1</source-24>
    <source-25>-1</source-25>
    <source-26>-1</source-26>
    <source-27>-1</source-27>
    <source-28>-1</source-28>
    <source-29>-1</source-29>
    <source-30>-1</source-30>
    <source-31>-1</source-31>
    <source-32>-1</source-32>
    <source-33>-1</source-33>
    <source-34>-1</source-34>
    <source-35>-1</source-35>
    <source-36>-1</source-36>
    <source-37>-1</source-37>
    <source-38>-1</source-38>
    <source-39>-1</source-39>
    <source-40>-1</source-40>
  </node-to-node>
  <node-to-node>
    <destination-node>source-13</destination-node>
    <source-1>-1</source-1>
    <source-2>-1</source-2>
    <source-3>-1</source-3>
    <source-4>-1</source-4>
    <source-5>-1</source-5>
    <source-6>-1</source-6>
    <source-7>-1</source-7>
    <source-8>-1</source-8>
    <source-9>-1</source-9>
    <source-10>-1</source-10>
    <source-11>-1</source-11>
    <source-12>1454.16</source-12>
    <source-13>727.08</source-13>
    <source-14>-1</source-14>
    <source-15>2181.24</source-15>
    <source-16>-1</source-16>
    <source-17>-1</source-17>
    <source-18>-1</source-18>
    <source-19>-1</source-19>
    <source-20>-1</source-20>
    <source-21>-1</source-21>
    <source-22>-1</source-22>
    <source-23>-1</source-23>
    <source-24>-1</source-24>
    <source-25>-1</source-25>
    <source-26>-1</source-26>
    <source-27>-1</source-27>
    <source-28>-1</source-28>
    <source-29>-1</source-29>
    <source-30>-1</source-30>
    <source-31>-1</source-31>
    <source-32>-1</source-32>
    <source-33>-1</source-33>
    <source-34>-1</source-34>
    <source-35>-1</source-35>
    <source-36>-1</source-36>
    <source-37>-1</source-37>
    <source-38>-1</source-38>
    <source-39>-1</source-39>
    <source-40>-1</source-40>
  </node-to-node>
  <node-to-node>
    <destination-node>source-14</destination-node>
    <source-1>-1</source-1>
    <source-2>-1</source-2>
    <source-3>-1</source-3>
    <source-4>-1</source-4>
    <source-5>-1</source-5>
    <source-6>-1</source-6>
    <source-7>-1</source-7>
    <source-8>-1</source-8>
    <source-9>-1</source-9>
    <source-10>-1</source-10>
    <source-11>-1</source-11>
    <source-12>-1</source-12>
    <source-13>-1</source-13>
    <source-14>727.08</source-14>
    <source-15>-1</source-15>
    <source-16>-1</source-16>
    <source-17>-1</source-17>
    <source-18>-1</source-18>
    <source-19>-1</source-19>
    <source-20>-1</source-20>
    <source-21>-1</source-21>
    <source-22>-1</source-22>
    <source-23>-1</source-23>
    <source-24>-1</source-24>
    <source-25>-1</source-25>
    <source-26>-1</source-26>
    <source-27>-1</source-27>
    <source-28>-1</source-28>
    <source-29>-1</source-29>
    <source-30>-1</source-30>
    <source-31>-1</source-31>
    <source-32>-1</source-32>
    <source-33>-1</source-33>
    <source-34>-1</source-34>
    <source-35>-1</source-35>
    <source-36>-1</source-36>
    <source-37>-1</source-37>
    <source-38>-1</source-38>
    <source-39>-1</source-39>
    <source-40>-1</source-40>
  </node-to-node>
  <node-to-node>
    <destination-node>source-15</destination-node>
    <source-1>-1</source-1>
    <source-2>-1</source-2>
    <source-3>-1</source-3>
    <source-4>-1</source-4>
    <source-5>-1</source-5>
    <source-6>-1</source-6>
    <source-7>-1</source-7>
    <source-8>-1</source-8>
    <source-9>-1</source-9>
    <source-10>-1</source-10>
    <source-11>-1</source-11>
    <source-12>1454.16</source-12>
    <source-13>2181.24</source-13>
    <source-14>-1</source-14>
    <source-15>727.08</source-15>
    <source-16>-1</source-16>
    <source-17>-1</source-17>
    <source-18>-1</source-18>
    <source-19>-1</source-19>
    <source-20>-1</source-20>
    <source-21>-1</source-21>
    <source-22>-1</source-22>
    <source-23>-1</source-23>
    <source-24>-1</source-24>
    <source-25>-1</source-25>
    <source-26>-1</source-26>
    <source-27>-1</source-27>
    <source-28>-1</source-28>
    <source-29>-1</source-29>
    <source-30>-1</source-30>
    <source-31>-1</source-31>
    <source-32>-1</source-32>
    <source-33>-1</source-33>
    <source-34>-1</source-34>
    <source-35>-1</source-35>
    <source-36>-1</source-36>
    <source-37>-1</source-37>
    <source-38>-1</source-38>
    <source-39>-1</source-39>
    <source-40>-1</source-40>
  </node-to-node>
  <node-to-node>
    <destination-node>source-16</destination-node>
    <source-1>-1</source-1>
    <source-2>-1</source-2>
    <source-3>-1</source-3>
    <source-4>-1</source-4>
    <source-5>-1</source-5>
    <source-6>-1</source-6>
    <source-7>-1</source-7>
    <source-8>-1</source-8>
    <source-9>-1</source-9>
    <source-10>-1</source-10>
    <source-11>-1</source-11>
    <source-12>-1</source-12>
    <source-13>-1</source-13>
    <source-14>-1</source-14>
    <source-15>-1</source-15>
    <source-16>727.08</source-16>
    <source-17>2181.24</source-17>
    <source-18>-1</source-18>
    <source-19>-1</source-19>
    <source-20>-1</source-20>
    <source-21>-1</source-21>
    <source-22>-1</source-22>
    <source-23>-1</source-23>
    <source-24>-1</source-24>
    <source-25>-1</source-25>
    <source-26>-1</source-26>
    <source-27>-1</source-27>
    <source-28>-1</source-28>
    <source-29>-1</source-29>
    <source-30>-1</source-30>
    <source-31>-1</source-31>
    <source-32>-1</source-32>
    <source-33>-1</source-33>
    <source-34>-1</source-34>
    <source-35>-1</source-35>
    <source-36>-1</source-36>
    <source-37>-1</source-37>
    <source-38>-1</source-38>
    <source-39>-1</source-39>
    <source-40>-1</source-40>
  </node-to-node>
  <node-to-node>
    <destination-node>source-17</destination-node>
    <source-1>-1</source-1>
    <source-2>-1</source-2>
    <source-3>-1</source-3>
    <source-4>-1</source-4>
    <source-5>-1</source-5>
    <source-6>-1</source-6>
    <source-7>-1</source-7>
    <source-8>-1</source-8>
    <source-9>-1</source-9>
    <source-10>-1</source-10>
    <source-11>-1</source-11>
    <source-12>-1</source-12>
    <source-13>-1</source-13>
    <source-14>-1</source-14>
    <source-15>-1</source-15>
    <source-16>2181.24</source-16>
    <source-17>727.08</source-17>
    <source-18>-1</source-18>
    <source-19>-1</source-19>
    <source-20>-1</source-20>
    <source-21>-1</source-21>
    <source-22>-1</source-22>
    <source-23>-1</source-23>
    <source-24>-1</source-24>
    <source-25>-1</source-25>
    <source-26>-1</source-26>
    <source-27>-1</source-27>
    <source-28>-1</source-28>
    <source-29>-1</source-29>
    <source-30>-1</source-30>
    <source-31>-1</source-31>
    <source-32>-1</source-32>
    <source-33>-1</source-33>
    <source-34>-1</source-34>
    <source-35>-1</source-35>
    <source-36>-1</source-36>
    <source-37>-1</source-37>
    <source-38>-1</source-38>
    <source-39>-1</source-39>
    <source-40>-1</source-40>
  </node-to-node>
  <node-to-node>
    <destination-node>source-18</destination-node>
    <source-1>-1</source-1>
    <source-2>-1</source-2>
    <source-3>-1</source-3>
    <source-4>-1</source-4>
    <source-5>-1</source-5>
    <source-6>-1</source-6>
    <source-7>-1</source-7>
    <source-8>-1</source-8>
    <source-9>-1</source-9>
    <source-10>-1</source-10>
    <source-11>-1</source-11>
    <source-12>-1</source-12>
    <source-13>-1</source-13>
    <source-14>-1</source-14>
    <source-15>-1</source-15>
    <source-16>-1</source-16>
    <source-17>-1</source-17>
    <source-18>727.08</source-18>
    <source-19>-1</source-19>
    <source-20>-1</source-20>
    <source-21>-1</source-21>
    <source-22>-1</source-22>
    <source-23>-1</source-23>
    <source-24>-1</source-24>
    <source-25>-1</source-25>
    <source-26>-1</source-26>
    <source-27>-1</source-27>
    <source-28>-1</source-28>
    <source-29>-1</source-29>
    <source-30>-1</source-30>
    <source-31>-1</source-31>
    <source-32>-1</source-32>
    <source-33>-1</source-33>
    <source-34>-1</source-34>
    <source-35>-1</source-35>
    <source-36>-1</source-36>
    <source-37>-1</source-37>
    <source-38>-1</source-38>
    <source-39>-1</source-39>
    <source-40>-1</source-40>
  </node-to-node>
  <node-to-node>
    <destination-node>source-19</destination-node>
    <source-1>-1</source-1>
    <source-2>-1</source-2>
    <source-3>-1</source-3>
    <source-4>-1</source-4>
    <source-5>-1</source-5>
    <source-6>-1</source-6>
    <source-7>-1</source-7>
    <source-8>-1</source-8>
    <source-9>-1</source-9>
    <source-10>-1</source-10>
    <source-11>-1</source-11>
    <source-12>-1</source-12>
    <source-13>-1</source-13>
    <source-14>-1</source-14>
    <source-15>-1</source-15>
    <source-16>-1</source-16>
    <source-17>-1</source-17>
    <source-18>-1</source-18>
    <source-19>727.08</source-19>
    <source-20>2908.32</source-20>
    <source-21>1454.16</source-21>
    <source-22>2181.24</source-22>
    <source-23>-1</source-23>
    <source-24>2181.24</source-24>
    <source-25>2181.24</source-25>
    <source-26>-1</source-26>
    <source-27>-1</source-27>
    <source-28>-1</source-28>
    <source-29>-1</source-29>
    <source-30>-1</source-30>
    <source-31>-1</source-31>
    <source-32>-1</source-32>
    <source-33>-1</source-33>
    <source-34>-1</source-34>
    <source-35>-1</source-35>
    <source-36>-1</source-36>
    <source-37>-1</source-37>
    <source-38>-1</source-38>
    <source-39>-1</source-39>
    <source-40>-1</source-40>
  </node-to-node>
  <node-to-node>
    <destination-node>source-20</destination-node>
    <source-1>-1</source-1>
    <source-2>-1</source-2>
    <source-3>-1</source-3>
    <source-4>-1</source-4>
    <source-5>-1</source-5>
    <source-6>-1</source-6>
    <source-7>-1</source-7>
    <source-8>-1</source-8>
    <source-9>-1</source-9>
    <source-10>-1</source-10>
    <source-11>-1</source-11>
    <source-12>-1</source-12>
    <source-13>-1</source-13>
    <source-14>-1</source-14>
    <source-15>-1</source-15>
    <source-16>-1</source-16>
    <source-17>-1</source-17>
    <source-18>-1</source-18>
    <source-19>2908.32</source-19>
    <source-20>727.08</source-20>
    <source-21>2181.24</source-21>
    <source-22>2908.32</source-22>
    <source-23>-1</source-23>
    <source-24>1454.16</source-24>
    <source-25>2181.24</source-25>
    <source-26>-1</source-26>
    <source-27>-1</source-27>
    <source-28>-1</source-28>
    <source-29>-1</source-29>
    <source-30>-1</source-30>
    <source-31>-1</source-31>
    <source-32>-1</source-32>
    <source-33>-1</source-33>
    <source-34>-1</source-34>
    <source-35>-1</source-35>
    <source-36>-1</source-36>
    <source-37>-1</source-37>
    <source-38>-1</source-38>
    <source-39>-1</source-39>
    <source-40>-1</source-40>
  </node-to-node>
  <node-to-node>
    <destination-node>source-21</destination-node>
    <source-1>-1</source-1>
    <source-2>-1</source-2>
    <source-3>-1</source-3>
    <source-4>-1</source-4>
    <source-5>-1</source-5>
    <source-6>-1</source-6>
    <source-7>-1</source-7>
    <source-8>-1</source-8>
    <source-9>-1</source-9>
    <source-10>-1</source-10>
    <source-11>-1</source-11>
    <source-12>-1</source-12>
    <source-13>-1</source-13>
    <source-14>-1</source-14>
    <source-15>-1</source-15>
    <source-16>-1</source-16>
    <source-17>-1</source-17>
    <source-18>-1</source-18>
    <source-19>1454.16</source-19>
    <source-20>2181.24</source-20>
    <source-21>727.08</source-21>
    <source-22>1454.16</source-22>
    <source-23>-1</source-23>
    <source-24>1454.16</source-24>
    <source-25>1454.16</source-25>
    <source-26>-1</source-26>
    <source-27>-1</source-27>
    <source-28>-1</source-28>
    <source-29>-1</source-29>
    <source-30>-1</source-30>
    <source-31>-1</source-31>
    <source-32>-1</source-32>
    <source-33>-1</source-33>
    <source-34>-1</source-34>
    <source-35>-1</source-35>
    <source-36>-1</source-36>
    <source-37>-1</source-37>
    <source-38>-1</source-38>
    <source-39>-1</source-39>
    <source-40>-1</source-40>
  </node-to-node>
  <node-to-node>
    <destination-node>source-22</destination-node>
    <source-1>-1</source-1>
    <source-2>-1</source-2>
    <source-3>-1</source-3>
    <source-4>-1</source-4>
    <source-5>-1</source-5>
    <source-6>-1</source-6>
    <source-7>-1</source-7>
    <source-8>-1</source-8>
    <source-9>-1</source-9>
    <source-10>-1</source-10>
    <source-11>-1</source-11>
    <source-12>-1</source-12>
    <source-13>-1</source-13>
    <source-14>-1</source-14>
    <source-15>-1</source-15>
    <source-16>-1</source-16>
    <source-17>-1</source-17>
    <source-18>-1</source-18>
    <source-19>2181.24</source-19>
    <source-20>2908.32</source-20>
    <source-21>1454.16</source-21>
    <source-22>727.08</source-22>
    <source-23>-1</source-23>
    <source-24>-1</source-24>
    <source-25>-1</source-25>
    <source-26>1454.16</source-26>
    <source-27>-1</source-27>
    <source-28>-1</source-28>
    <source-29>-1</source-29>
    <source-30>-1</source-30>
    <source-31>-1</source-31>
    <source-32>-1</source-32>
    <source-33>-1</source-33>
    <source-34>-1</source-34>
    <source-35>-1</source-35>
    <source-36>-1</source-36>
    <source-37>-1</source-37>
    <source-38>-1</source-38>
    <source-39>-1</source-39>
    <source-40>-1</source-40>
  </node-to-node>
  <node-to-node>
    <destination-node>source-23</destination-node>
    <source-1>-1</source-1>
    <source-2>-1</source-2>
    <source-3>-1</source-3>
    <source-4>-1</source-4>
    <source-5>-1</source-5>
    <source-6>-1</source-6>
    <source-7>-1</source-7>
    <source-8>-1</source-8>
    <source-9>-1</source-9>
    <source-10>-1</source-10>
    <source-11>-1</source-11>
    <source-12>-1</source-12>
    <source-13>-1</source-13>
    <source-14>-1</source-14>
    <source-15>-1</source-15>
    <source-16>-1</source-16>
    <source-17>-1</source-17>
    <source-18>-1</source-18>
    <source-19>-1</source-19>
    <source-20>-1</source-20>
    <source-21>-1</source-21>
    <source-22>-1</source-22>
    <source-23>727.08</source-23>
    <source-24>-1</source-24>
    <source-25>-1</source-25>
    <source-26>-1</source-26>
    <source-27>-1</source-27>
    <source-28>-1</source-28>
    <source-29>-1</source-29>
    <source-30>-1</source-30>
    <source-31>-1</source-31>
    <source-32>-1</source-32>
    <source-33>-1</source-33>
    <source-34>-1</source-34>
    <source-35>-1</source-35>
    <source-36>-1</source-36>
    <source-37>-1</source-37>
    <source-38>-1</source-38>
    <source-39>-1</source-39>
    <source-40>-1</source-40>
  </node-to-node>
  <node-to-node>
    <destination-node>source-24</destination-node>
    <source-1>-1</source-1>
    <source-2>-1</source-2>
    <source-3>-1</source-3>
    <source-4>-1</source-4>
    <source-5>-1</source-5>
    <source-6>-1</source-6>
    <source-7>-1</source-7>
    <source-8>-1</source-8>
    <source-9>-1</source-9>
    <source-10>-1</source-10>
    <source-11>-1</source-11>
    <source-12>-1</source-12>
    <source-13>-1</source-13>
    <source-14>-1</source-14>
    <source-15>-1</source-15>
    <source-16>-1</source-16>
    <source-17>-1</source-17>
    <source-18>-1</source-18>
    <source-19>2181.24</source-19>
    <source-20>1454.16</source-20>
    <source-21>1454.16</source-21>
    <source-22>-1</source-22>
    <source-23>-1</source-23>
    <source-24>727.08</source-24>
    <source-25>1454.16</source-25>
    <source-26>-1</source-26>
    <source-27>-1</source-27>
    <source-28>-1</source-28>
    <source-29>-1</source-29>
    <source-30>-1</source-30>
    <source-31>-1</source-31>
    <source-32>-1</source-32>
    <source-33>-1</source-33>
    <source-34>-1</source-34>
    <source-35>-1</source-35>
    <source-36>-1</source-36>
    <source-37>-1</source-37>
    <source-38>-1</source-38>
    <source-39>-1</source-39>
    <source-40>-1</source-40>
  </node-to-node>
  <node-to-node>
    <destination-node>source-25</destination-node>
    <source-1>-1</source-1>
    <source-2>-1</source-2>
    <source-3>-1</source-3>
    <source-4>-1</source-4>
    <source-5>-1</source-5>
    <source-6>-1</source-6>
    <source-7>-1</source-7>
    <source-8>-1</source-8>
    <source-9>-1</source-9>
    <source-10>-1</source-10>
    <source-11>-1</source-11>
    <source-12>-1</source-12>
    <source-13>-1</source-13>
    <source-14>-1</source-14>
    <source-15>-1</source-15>
    <source-16>-1</source-16>
    <source-17>-1</source-17>
    <source-18>-1</source-18>
    <source-19>2181.24</source-19>
    <source-20>2181.24</source-20>
    <source-21>1454.16</source-21>
    <source-22>-1</source-22>
    <source-23>-1</source-23>
    <source-24>1454.16</source-24>
    <source-25>727.08</source-25>
    <source-26>-1</source-26>
    <source-27>-1</source-27>
    <source-28>-1</source-28>
    <source-29>-1</source-29>
    <source-30>-1</source-30>
    <source-31>-1</source-31>
    <source-32>-1</source-32>
    <source-33>-1</source-33>
    <source-34>-1</source-34>
    <source-35>-1</source-35>
    <source-36>-1</source-36>
    <source-37>-1</source-37>
    <source-38>-1</source-38>
    <source-39>-1</source-39>
    <source-40>-1</source-40>
  </node-to-node>
  <node-to-node>
    <destination-node>source-26</destination-node>
    <source-1>-1</source-1>
    <source-2>-1</source-2>
    <source-3>-1</source-3>
    <source-4>-1</source-4>
    <source-5>-1</source-5>
    <source-6>-1</source-6>
    <source-7>-1</source-7>
    <source-8>-1</source-8>
    <source-9>-1</source-9>
    <source-10>-1</source-10>
    <source-11>-1</source-11>
    <source-12>-1</source-12>
    <source-13>-1</source-13>
    <source-14>-1</source-14>
    <source-15>-1</source-15>
    <source-16>-1</source-16>
    <source-17>-1</source-17>
    <source-18>-1</source-18>
    <source-19>-1</source-19>
    <source-20>-1</source-20>
    <source-21>-1</source-21>
    <source-22>1454.16</source-22>
    <source-23>-1</source-23>
    <source-24>-1</source-24>
    <source-25>-1</source-25>
    <source-26>727.08</source-26>
    <source-27>-1</source-27>
    <source-28>-1</source-28>
    <source-29>-1</source-29>
    <source-30>-1</source-30>
    <source-31>-1</source-31>
    <source-32>-1</source-32>
    <source-33>-1</source-33>
    <source-34>-1</source-34>
    <source-35>-1</source-35>
    <source-36>-1</source-36>
    <source-37>-1</source-37>
    <source-38>-1</source-38>
    <source-39>-1</source-39>
    <source-40>-1</source-40>
  </node-to-node>
  <node-to-node>
    <destination-node>source-27</destination-node>
    <source-1>-1</source-1>
    <source-2>-1</source-2>
    <source-3>-1</source-3>
    <source-4>-1</source-4>
    <source-5>-1</source-5>
    <source-6>-1</source-6>
    <source-7>-1</source-7>
    <source-8>-1</source-8>
    <source-9>-1</source-9>
    <source-10>-1</source-10>
    <source-11>-1</source-11>
    <source-12>-1</source-12>
    <source-13>-1</source-13>
    <source-14>-1</source-14>
    <source-15>-1</source-15>
    <source-16>-1</source-16>
    <source-17>-1</source-17>
    <source-18>-1</source-18>
    <source-19>-1</source-19>
    <source-20>-1</source-20>
    <source-21>-1</source-21>
    <source-22>-1</source-22>
    <source-23>-1</source-23>
    <source-24>-1</source-24>
    <source-25>-1</source-25>
    <source-26>-1</source-26>
    <source-27>727.08</source-27>
    <source-28>-1</source-28>
    <source-29>-1</source-29>
    <source-30>-1</source-30>
    <source-31>-1</source-31>
    <source-32>-1</source-32>
    <source-33>-1</source-33>
    <source-34>-1</source-34>
    <source-35>-1</source-35>
    <source-36>-1</source-36>
    <source-37>-1</source-37>
    <source-38>-1</source-38>
    <source-39>-1</source-39>
    <source-40>-1</source-40>
  </node-to-node>
  <node-to-node>
    <destination-node>source-28</destination-node>
    <source-1>-1</source-1>
    <source-2>-1</source-2>
    <source-3>-1</source-3>
    <source-4>-1</source-4>
    <source-5>-1</source-5>
    <source-6>-1</source-6>
    <source-7>-1</source-7>
    <source-8>-1</source-8>
    <source-9>-1</source-9>
    <source-10>-1</source-10>
    <source-11>-1</source-11>
    <source-12>-1</source-12>
    <source-13>-1</source-13>
    <source-14>-1</source-14>
    <source-15>-1</source-15>
    <source-16>-1</source-16>
    <source-17>-1</source-17>
    <source-18>-1</source-18>
    <source-19>-1</source-19>
    <source-20>-1</source-20>
    <source-21>-1</source-21>
    <source-22>-1</source-22>
    <source-23>-1</source-23>
    <source-24>-1</source-24>
    <source-25>-1</source-25>
    <source-26>-1</source-26>
    <source-27>-1</source-27>
    <source-28>727.08</source-28>
    <source-29>1454.16</source-29>
    <source-30>-1</source-30>
    <source-31>-1</source-31>
    <source-32>-1</source-32>
    <source-33>-1</source-33>
    <source-34>-1</source-34>
    <source-35>-1</source-35>
    <source-36>-1</source-36>
    <source-37>-1</source-37>
    <source-38>-1</source-38>
    <source-39>-1</source-39>
    <source-40>-1</source-40>
  </node-to-node>
  <node-to-node>
    <destination-node>source-29</destination-node>
    <source-1>-1</source-1>
    <source-2>-1</source-2>
    <source-3>-1</source-3>
    <source-4>-1</source-4>
    <source-5>-1</source-5>
    <source-6>-1</source-6>
    <source-7>-1</source-7>
    <source-8>-1</source-8>
    <source-9>-1</source-9>
    <source-10>-1</source-10>
    <source-11>-1</source-11>
    <source-12>-1</source-12>
    <source-13>-1</source-13>
    <source-14>-1</source-14>
    <source-15>-1</source-15>
    <source-16>-1</source-16>
    <source-17>-1</source-17>
    <source-18>-1</source-18>
    <source-19>-1</source-19>
    <source-20>-1</source-20>
    <source-21>-1</source-21>
    <source-22>-1</source-22>
    <source-23>-1</source-23>
    <source-24>-1</source-24>
    <source-25>-1</source-25>
    <source-26>-1</source-26>
    <source-27>-1</source-27>
    <source-28>1454.16</source-28>
    <source-29>727.08</source-29>
    <source-30>-1</source-30>
    <source-31>-1</source-31>
    <source-32>-1</source-32>
    <source-33>-1</source-33>
    <source-34>-1</source-34>
    <source-35>-1</source-35>
    <source-36>-1</source-36>
    <source-37>-1</source-37>
    <source-38>-1</source-38>
    <source-39>-1</source-39>
    <source-40>-1</source-40>
  </node-to-node>
  <node-to-node>
    <destination-node>source-30</destination-node>
    <source-1>-1</source-1>
    <source-2>-1</source-2>
    <source-3>-1</source-3>
    <source-4>-1</source-4>
    <source-5>-1</source-5>
    <source-6>-1</source-6>
    <source-7>-1</source-7>
    <source-8>-1</source-8>
    <source-9>-1</source-9>
    <source-10>-1</source-10>
    <source-11>-1</source-11>
    <source-12>-1</source-12>
    <source-13>-1</source-13>
    <source-14>-1</source-14>
    <source-15>-1</source-15>
    <source-16>-1</source-16>
    <source-17>-1</source-17>
    <source-18>-1</source-18>
    <source-19>-1</source-19>
    <source-20>-1</source-20>
    <source-21>-1</source-21>
    <source-22>-1</source-22>
    <source-23>-1</source-23>
    <source-24>-1</source-24>
    <source-25>-1</source-25>
    <source-26>-1</source-26>
    <source-27>-1</source-27>
    <source-28>-1</source-28>
    <source-29>-1</source-29>
    <source-30>727.08</source-30>
    <source-31>-1</source-31>
    <source-32>2181.24</source-32>
    <source-33>-1</source-33>
    <source-34>-1</source-34>
    <source-35>-1</source-35>
    <source-36>-1</source-36>
    <source-37>-1</source-37>
    <source-38>-1</source-38>
    <source-39>-1</source-39>
    <source-40>-1</source-40>
  </node-to-node>
  <node-to-node>
    <destination-node>source-31</destination-node>
    <source-1>-1</source-1>
    <source-2>-1</source-2>
    <source-3>-1</source-3>
    <source-4>-1</source-4>
    <source-5>-1</source-5>
    <source-6>-1</source-6>
    <source-7>-1</source-7>
    <source-8>-1</source-8>
    <source-9>-1</source-9>
    <source-10>-1</source-10>
    <source-11>-1</source-11>
    <source-12>-1</source-12>
    <source-13>-1</source-13>
    <source-14>-1</source-14>
    <source-15>-1</source-15>
    <source-16>-1</source-16>
    <source-17>-1</source-17>
    <source-18>-1</source-18>
    <source-19>-1</source-19>
    <source-20>-1</source-20>
    <source-21>-1</source-21>
    <source-22>-1</source-22>
    <source-23>-1</source-23>
    <source-24>-1</source-24>
    <source-25>-1</source-25>
    <source-26>-1</source-26>
    <source-27>-1</source-27>
    <source-28>-1</source-28>
    <source-29>-1</source-29>
    <source-30>-1</source-30>
    <source-31>727.08</source-31>
    <source-32>-1</source-32>
    <source-33>-1</source-33>
    <source-34>-1</source-34>
    <source-35>-1</source-35>
    <source-36>-1</source-36>
    <source-37>-1</source-37>
    <source-38>-1</source-38>
    <source-39>-1</source-39>
    <source-40>-1</source-40>
  </node-to-node>
  <node-to-node>
    <destination-node>source-32</destination-node>
    <source-1>-1</source-1>
    <source-2>-1</source-2>
    <source-3>-1</source-3>
    <source-4>-1</source-4>
    <source-5>-1</source-5>
    <source-6>-1</source-6>
    <source-7>-1</source-7>
    <source-8>-1</source-8>
    <source-9>-1</source-9>
    <source-10>-1</source-10>
    <source-11>-1</source-11>
    <source-12>-1</source-12>
    <source-13>-1</source-13>
    <source-14>-1</source-14>
    <source-15>-1</source-15>
    <source-16>-1</source-16>
    <source-17>-1</source-17>
    <source-18>-1</source-18>
    <source-19>-1</source-19>
    <source-20>-1</source-20>
    <source-21>-1</source-21>
    <source-22>-1</source-22>
    <source-23>-1</source-23>
    <source-24>-1</source-24>
    <source-25>-1</source-25>
    <source-26>-1</source-26>
    <source-27>-1</source-27>
    <source-28>-1</source-28>
    <source-29>-1</source-29>
    <source-30>2181.24</source-30>
    <source-31>-1</source-31>
    <source-32>727.08</source-32>
    <source-33>-1</source-33>
    <source-34>-1</source-34>
    <source-35>-1</source-35>
    <source-36>-1</source-36>
    <source-37>-1</source-37>
    <source-38>-1</source-38>
    <source-39>-1</source-39>
    <source-40>-1</source-40>
  </node-to-node>
  <node-to-node>
    <destination-node>source-33</destination-node>
    <source-1>-1</source-1>
    <source-2>-1</source-2>
    <source-3>-1</source-3>
    <source-4>-1</source-4>
    <source-5>-1</source-5>
    <source-6>-1</source-6>
    <source-7>-1</source-7>
    <source-8>-1</source-8>
    <source-9>-1</source-9>
    <source-10>-1</source-10>
    <source-11>-1</source-11>
    <source-12>-1</source-12>
    <source-13>-1</source-13>
    <source-14>-1</source-14>
    <source-15>-1</source-15>
    <source-16>-1</source-16>
    <source-17>-1</source-17>
    <source-18>-1</source-18>
    <source-19>-1</source-19>
    <source-20>-1</source-20>
    <source-21>-1</source-21>
    <source-22>-1</source-22>
    <source-23>-1</source-23>
    <source-24>-1</source-24>
    <source-25>-1</source-25>
    <source-26>-1</source-26>
    <source-27>-1</source-27>
    <source-28>-1</source-28>
    <source-29>-1</source-29>
    <source-30>-1</source-30>
    <source-31>-1</source-31>
    <source-32>-1</source-32>
    <source-33>727.08</source-33>
    <source-34>-1</source-34>
    <source-35>-1</source-35>
    <source-36>-1</source-36>
    <source-37>-1</source-37>
    <source-38>-1</source-38>
    <source-39>-1</source-39>
    <source-40>-1</source-40>
  </node-to-node>
  <node-to-node>
    <destination-node>source-34</destination-node>
    <source-1>-1</source-1>
    <source-2>-1</source-2>
    <source-3>-1</source-3>
    <source-4>-1</source-4>
    <source-5>-1</source-5>
    <source-6>-1</source-6>
    <source-7>-1</source-7>
    <source-8>-1</source-8>
    <source-9>-1</source-9>
    <source-10>-1</source-10>
    <source-11>-1</source-11>
    <source-12>-1</source-12>
    <source-13>-1</source-13>
    <source-14>-1</source-14>
    <source-15>-1</source-15>
    <source-16>-1</source-16>
    <source-17>-1</source-17>
    <source-18>-1</source-18>
    <source-19>-1</source-19>
    <source-20>-1</source-20>
    <source-21>-1</source-21>
    <source-22>-1</source-22>
    <source-23>-1</source-23>
    <source-24>-1</source-24>
    <source-25>-1</source-25>
    <source-26>-1</source-26>
    <source-27>-1</source-27>
    <source-28>-1</source-28>
    <source-29>-1</source-29>
    <source-30>-1</source-30>
    <source-31>-1</source-31>
    <source-32>-1</source-32>
    <source-33>-1</source-33>
    <source-34>727.08</source-34>
    <source-35>1454.16</source-35>
    <source-36>-1</source-36>
    <source-37>-1</source-37>
    <source-38>-1</source-38>
    <source-39>-1</source-39>
    <source-40>-1</source-40>
  </node-to-node>
  <node-to-node>
    <destination-node>source-35</destination-node>
    <source-1>-1</source-1>
    <source-2>-1</source-2>
    <source-3>-1</source-3>
    <source-4>-1</source-4>
    <source-5>-1</source-5>
    <source-6>-1</source-6>
    <source-7>-1</source-7>
    <source-8>-1</source-8>
    <source-9>-1</source-9>
    <source-10>-1</source-10>
    <source-11>-1</source-11>
    <source-12>-1</source-12>
    <source-13>-1</source-13>
    <source-14>-1</source-14>
    <source-15>-1</source-15>
    <source-16>-1</source-16>
    <source-17>-1</source-17>
    <source-18>-1</source-18>
    <source-19>-1</source-19>
    <source-20>-1</source-20>
    <source-21>-1</source-21>
    <source-22>-1</source-22>
    <source-23>-1</source-23>
    <source-24>-1</source-24>
    <source-25>-1</source-25>
    <source-26>-1</source-26>
    <source-27>-1</source-27>
    <source-28>-1</source-28>
    <source-29>-1</source-29>
    <source-30>-1</source-30>
    <source-31>-1</source-31>
    <source-32>-1</source-32>
    <source-33>-1</source-33>
    <source-34>1454.16</source-34>
    <source-35>727.08</source-35>
    <source-36>-1</source-36>
    <source-37>-1</source-37>
    <source-38>-1</source-38>
    <source-39>-1</source-39>
    <source-40>-1</source-40>
  </node-to-node>
  <node-to-node>
    <destination-node>source-36</destination-node>
    <source-1>-1</source-1>
    <source-2>-1</source-2>
    <source-3>-1</source-3>
    <source-4>-1</source-4>
    <source-5>-1</source-5>
    <source-6>-1</source-6>
    <source-7>-1</source-7>
    <source-8>-1</source-8>
    <source-9>-1</source-9>
    <source-10>-1</source-10>
    <source-11>-1</source-11>
    <source-12>-1</source-12>
    <source-13>-1</source-13>
    <source-14>-1</source-14>
    <source-15>-1</source-15>
    <source-16>-1</source-16>
    <source-17>-1</source-17>
    <source-18>-1</source-18>
    <source-19>-1</source-19>
    <source-20>-1</source-20>
    <source-21>-1</source-21>
    <source-22>-1</source-22>
    <source-23>-1</source-23>
    <source-24>-1</source-24>
    <source-25>-1</source-25>
    <source-26>-1</source-26>
    <source-27>-1</source-27>
    <source-28>-1</source-28>
    <source-29>-1</source-29>
    <source-30>-1</source-30>
    <source-31>-1</source-31>
    <source-32>-1</source-32>
    <source-33>-1</source-33>
    <source-34>-1</source-34>
    <source-35>-1</source-35>
    <source-36>727.08</source-36>
    <source-37>2181.24</source-37>
    <source-38>1454.16</source-38>
    <source-39>-1</source-39>
    <source-40>-1</source-40>
  </node-to-node>
  <node-to-node>
    <destination-node>source-37</destination-node>
    <source-1>-1</source-1>
    <source-2>-1</source-2>
    <source-3>-1</source-3>
    <source-4>-1</source-4>
    <source-5>-1</source-5>
    <source-6>-1</source-6>
    <source-7>-1</source-7>
    <source-8>-1</source-8>
    <source-9>-1</source-9>
    <source-10>-1</source-10>
    <source-11>-1</source-11>
    <source-12>-1</source-12>
    <source-13>-1</source-13>
    <source-14>-1</source-14>
    <source-15>-1</source-15>
    <source-16>-1</source-16>
    <source-17>-1</source-17>
    <source-18>-1</source-18>
    <source-19>-1</source-19>
    <source-20>-1</source-20>
    <source-21>-1</source-21>
    <source-22>-1</source-22>
    <source-23>-1</source-23>
    <source-24>-1</source-24>
    <source-25>-1</source-25>
    <source-26>-1</source-26>
    <source-27>-1</source-27>
    <source-28>-1</source-28>
    <source-29>-1</source-29>
    <source-30>-1</source-30>
    <source-31>-1</source-31>
    <source-32>-1</source-32>
    <source-33>-1</source-33>
    <source-34>-1</source-34>
    <source-35>-1</source-35>
    <source-36>2181.24</source-36>
    <source-37>727.08</source-37>
    <source-38>1454.16</source-38>
    <source-39>-1</source-39>
    <source-40>-1</source-40>
  </node-to-node>
  <node-to-node>
    <destination-node>source-38</destination-node>
    <source-1>-1</source-1>
    <source-2>-1</source-2>
    <source-3>-1</source-3>
    <source-4>-1</source-4>
    <source-5>-1</source-5>
    <source-6>-1</source-6>
    <source-7>-1</source-7>
    <source-8>-1</source-8>
    <source-9>-1</source-9>
    <source-10>-1</source-10>
    <source-11>-1</source-11>
    <source-12>-1</source-12>
    <source-13>-1</source-13>
    <source-14>-1</source-14>
    <source-15>-1</source-15>
    <source-16>-1</source-16>
    <source-17>-1</source-17>
    <source-18>-1</source-18>
    <source-19>-1</source-19>
    <source-20>-1</source-20>
    <source-21>-1</source-21>
    <source-22>-1</source-22>
    <source-23>-1</source-23>
    <source-24>-1</source-24>
    <source-25>-1</source-25>
    <source-26>-1</source-26>
    <source-27>-1</source-27>
    <source-28>-1</source-28>
    <source-29>-1</source-29>
    <source-30>-1</source-30>
    <source-31>-1</source-31>
    <source-32>-1</source-32>
    <source-33>-1</source-33>
    <source-34>-1</source-34>
    <source-35>-1</source-35>
    <source-36>1454.16</source-36>
    <source-37>1454.16</source-37>
    <source-38>727.08</source-38>
    <source-39>-1</source-39>
    <source-40>-1</source-40>
  </node-to-node>
  <node-to-node>
    <destination-node>source-39</destination-node>
    <source-1>-1</source-1>
    <source-2>-1</source-2>
    <source-3>-1</source-3>
    <source-4>-1</source-4>
    <source-5>-1</source-5>
    <source-6>-1</source-6>
    <source-7>-1</source-7>
    <source-8>-1</source-8>
    <source-9>-1</source-9>
    <source-10>-1</source-10>
    <source-11>-1</source-11>
    <source-12>-1</source-12>
    <source-13>-1</source-13>
    <source-14>-1</source-14>
    <source-15>-1</source-15>
    <source-16>-1</source-16>
    <source-17>-1</source-17>
    <source-18>-1</source-18>
    <source-19>-1</source-19>
    <source-20>-1</source-20>
    <source-21>-1</source-21>
    <source-22>-1</source-22>
    <source-23>-1</source-23>
    <source-24>-1</source-24>
    <source-25>-1</source-25>
    <source-26>-1</source-26>
    <source-27>-1</source-27>
    <source-28>-1</source-28>
    <source-29>-1</source-29>
    <source-30>-1</source-30>
    <source-31>-1</source-31>
    <source-32>-1</source-32>
    <source-33>-1</source-33>
    <source-34>-1</source-34>
    <source-35>-1</source-35>
    <source-36>-1</source-36>
    <source-37>-1</source-37>
    <source-38>-1</source-38>
    <source-39>727.08</source-39>
    <source-40>-1</source-40>
  </node-to-node>
  <node-to-node>
    <destination-node>source-40</destination-node>
    <source-1>-1</source-1>
    <source-2>-1</source-2>
    <source-3>-1</source-3>
    <source-4>-1</source-4>
    <source-5>-1</source-5>
    <source-6>-1</source-6>
    <source-7>-1</source-7>
    <source-8>-1</source-8>
    <source-9>-1</source-9>
    <source-10>-1</source-10>
    <source-11>-1</source-11>
    <source-12>-1</source-12>
    <source-13>-1</source-13>
    <source-14>-1</source-14>
    <source-15>-1</source-15>
    <source-16>-1</source-16>
    <source-17>-1</source-17>
    <source-18>-1</source-18>
    <source-19>-1</source-19>
    <source-20>-1</source-20>
    <source-21>-1</source-21>
    <source-22>-1</source-22>
    <source-23>-1</source-23>
    <source-24>-1</source-24>
    <source-25>-1</source-25>
    <source-26>-1</source-26>
    <source-27>-1</source-27>
    <source-28>-1</source-28>
    <source-29>-1</source-29>
    <source-30>-1</source-30>
    <source-31>-1</source-31>
    <source-32>-1</source-32>
    <source-33>-1</source-33>
    <source-34>-1</source-34>
    <source-35>-1</source-35>
    <source-36>-1</source-36>
    <source-37>-1</source-37>
    <source-38>-1</source-38>
    <source-39>727.08</source-39>
    <source-40>-1</source-40>
  </node-to-node>
</node-to-node-map>
