<?xml version="1.0" encoding="UTF-8" standalone="yes"?>
<node-to-node-map xmlns:xsi="http://www.w3.org/2001/XMLSchema-instance">
  <node-to-node>
    <destination-node>N1</destination-node>
    <source-1>7.15</source-1>
    <source-2>5.72</source-2>
    <source-3>4.29</source-3>
    <source-4>2.86</source-4>
    <source-5>7.15</source-5>
    <source-6>2.86</source-6>
    <source-7>2.86</source-7>
    <source-8>4.29</source-8>
    <source-9>-1</source-9>
    <source-10>1.43</source-10>
    <source-11>2.86</source-11>
    <source-12>-1</source-12>
    <source-13>-1</source-13>
    <source-14>-1</source-14>
    <source-15>-1</source-15>
    <source-16>-1</source-16>
    <source-17>-1</source-17>
    <source-18>-1</source-18>
    <source-19>-1</source-19>
    <source-20>-1</source-20>
    <source-21>-1</source-21>
    <source-22>-1</source-22>
    <source-23>-1</source-23>
    <source-24>-1</source-24>
    <source-25>-1</source-25>
    <source-26>-1</source-26>
    <source-27>-1</source-27>
    <source-28>-1</source-28>
    <source-29>-1</source-29>
    <source-30>-1</source-30>
    <source-31>-1</source-31>
    <source-32>-1</source-32>
    <source-33>-1</source-33>
    <source-34>-1</source-34>
    <source-35>-1</source-35>
    <source-36>-1</source-36>
    <source-37>-1</source-37>
    <source-38>-1</source-38>
    <source-39>-1</source-39>
    <source-40>-1</source-40>
  </node-to-node>
  <node-to-node>
    <destination-node>N2</destination-node>
    <source-1>7.15</source-1>
    <source-2>5.72</source-2>
    <source-3>4.29</source-3>
    <source-4>4.29</source-4>
    <source-5>5.72</source-5>
    <source-6>4.29</source-6>
    <source-7>2.86</source-7>
    <source-8>2.86</source-8>
    <source-9>-1</source-9>
    <source-10>2.86</source-10>
    <source-11>1.43</source-11>
    <source-12>-1</source-12>
    <source-13>-1</source-13>
    <source-14>-1</source-14>
    <source-15>-1</source-15>
    <source-16>-1</source-16>
    <source-17>-1</source-17>
    <source-18>-1</source-18>
    <source-19>-1</source-19>
    <source-20>-1</source-20>
    <source-21>-1</source-21>
    <source-22>-1</source-22>
    <source-23>-1</source-23>
    <source-24>-1</source-24>
    <source-25>-1</source-25>
    <source-26>-1</source-26>
    <source-27>-1</source-27>
    <source-28>-1</source-28>
    <source-29>-1</source-29>
    <source-30>-1</source-30>
    <source-31>-1</source-31>
    <source-32>-1</source-32>
    <source-33>-1</source-33>
    <source-34>-1</source-34>
    <source-35>-1</source-35>
    <source-36>-1</source-36>
    <source-37>-1</source-37>
    <source-38>-1</source-38>
    <source-39>-1</source-39>
    <source-40>-1</source-40>
  </node-to-node>
  <node-to-node>
    <destination-node>N3</destination-node>
    <source-1>5.72</source-1>
    <source-2>4.29</source-2>
    <source-3>4.29</source-3>
    <source-4>4.29</source-4>
    <source-5>4.29</source-5>
    <source-6>4.29</source-6>
    <source-7>2.86</source-7>
    <source-8>1.43</source-8>
    <source-9>-1</source-9>
    <source-10>4.29</source-10>
    <source-11>2.86</source-11>
    <source-12>-1</source-12>
    <source-13>-1</source-13>
    <source-14>-1</source-14>
    <source-15>-1</source-15>
    <source-16>-1</source-16>
    <source-17>-1</source-17>
    <source-18>-1</source-18>
    <source-19>-1</source-19>
    <source-20>-1</source-20>
    <source-21>-1</source-21>
    <source-22>-1</source-22>
    <source-23>-1</source-23>
    <source-24>-1</source-24>
    <source-25>-1</source-25>
    <source-26>-1</source-26>
    <source-27>-1</source-27>
    <source-28>-1</source-28>
    <source-29>-1</source-29>
    <source-30>-1</source-30>
    <source-31>-1</source-31>
    <source-32>-1</source-32>
    <source-33>-1</source-33>
    <source-34>-1</source-34>
    <source-35>-1</source-35>
    <source-36>-1</source-36>
    <source-37>-1</source-37>
    <source-38>-1</source-38>
    <source-39>-1</source-39>
    <source-40>-1</source-40>
  </node-to-node>
  <node-to-node>
    <destination-node>N4</destination-node>
    <source-1>4.29</source-1>
    <source-2>2.86</source-2>
    <source-3>2.86</source-3>
    <source-4>4.29</source-4>
    <source-5>2.86</source-5>
    <source-6>4.29</source-6>
    <source-7>2.86</source-7>
    <source-8>2.86</source-8>
    <source-9>-1</source-9>
    <source-10>4.29</source-10>
    <source-11>4.29</source-11>
    <source-12>-1</source-12>
    <source-13>-1</source-13>
    <source-14>-1</source-14>
    <source-15>-1</source-15>
    <source-16>-1</source-16>
    <source-17>-1</source-17>
    <source-18>-1</source-18>
    <source-19>-1</source-19>
    <source-20>-1</source-20>
    <source-21>-1</source-21>
    <source-22>-1</source-22>
    <source-23>-1</source-23>
    <source-24>-1</source-24>
    <source-25>-1</source-25>
    <source-26>-1</source-26>
    <source-27>-1</source-27>
    <source-28>-1</source-28>
    <source-29>-1</source-29>
    <source-30>-1</source-30>
    <source-31>-1</source-31>
    <source-32>-1</source-32>
    <source-33>-1</source-33>
    <source-34>-1</source-34>
    <source-35>-1</source-35>
    <source-36>-1</source-36>
    <source-37>-1</source-37>
    <source-38>-1</source-38>
    <source-39>-1</source-39>
    <source-40>-1</source-40>
  </node-to-node>
  <node-to-node>
    <destination-node>N5</destination-node>
    <source-1>2.86</source-1>
    <source-2>1.43</source-2>
    <source-3>2.86</source-3>
    <source-4>4.29</source-4>
    <source-5>4.29</source-5>
    <source-6>4.29</source-6>
    <source-7>4.29</source-7>
    <source-8>5.72</source-8>
    <source-9>-1</source-9>
    <source-10>5.72</source-10>
    <source-11>5.72</source-11>
    <source-12>-1</source-12>
    <source-13>-1</source-13>
    <source-14>-1</source-14>
    <source-15>-1</source-15>
    <source-16>-1</source-16>
    <source-17>-1</source-17>
    <source-18>-1</source-18>
    <source-19>-1</source-19>
    <source-20>-1</source-20>
    <source-21>-1</source-21>
    <source-22>-1</source-22>
    <source-23>-1</source-23>
    <source-24>-1</source-24>
    <source-25>-1</source-25>
    <source-26>-1</source-26>
    <source-27>-1</source-27>
    <source-28>-1</source-28>
    <source-29>-1</source-29>
    <source-30>-1</source-30>
    <source-31>-1</source-31>
    <source-32>-1</source-32>
    <source-33>-1</source-33>
    <source-34>-1</source-34>
    <source-35>-1</source-35>
    <source-36>-1</source-36>
    <source-37>-1</source-37>
    <source-38>-1</source-38>
    <source-39>-1</source-39>
    <source-40>-1</source-40>
  </node-to-node>
  <node-to-node>
    <destination-node>N6</destination-node>
    <source-1>1.43</source-1>
    <source-2>2.86</source-2>
    <source-3>4.29</source-3>
    <source-4>5.72</source-4>
    <source-5>5.72</source-5>
    <source-6>5.72</source-6>
    <source-7>5.72</source-7>
    <source-8>7.15</source-8>
    <source-9>-1</source-9>
    <source-10>7.15</source-10>
    <source-11>7.15</source-11>
    <source-12>-1</source-12>
    <source-13>-1</source-13>
    <source-14>-1</source-14>
    <source-15>-1</source-15>
    <source-16>-1</source-16>
    <source-17>-1</source-17>
    <source-18>-1</source-18>
    <source-19>-1</source-19>
    <source-20>-1</source-20>
    <source-21>-1</source-21>
    <source-22>-1</source-22>
    <source-23>-1</source-23>
    <source-24>-1</source-24>
    <source-25>-1</source-25>
    <source-26>-1</source-26>
    <source-27>-1</source-27>
    <source-28>-1</source-28>
    <source-29>-1</source-29>
    <source-30>-1</source-30>
    <source-31>-1</source-31>
    <source-32>-1</source-32>
    <source-33>-1</source-33>
    <source-34>-1</source-34>
    <source-35>-1</source-35>
    <source-36>-1</source-36>
    <source-37>-1</source-37>
    <source-38>-1</source-38>
    <source-39>-1</source-39>
    <source-40>-1</source-40>
  </node-to-node>
  <node-to-node>
    <destination-node>N7</destination-node>
    <source-1>-1</source-1>
    <source-2>-1</source-2>
    <source-3>-1</source-3>
    <source-4>-1</source-4>
    <source-5>-1</source-5>
    <source-6>-1</source-6>
    <source-7>-1</source-7>
    <source-8>-1</source-8>
    <source-9>-1</source-9>
    <source-10>-1</source-10>
    <source-11>-1</source-11>
    <source-12>-1</source-12>
    <source-13>-1</source-13>
    <source-14>-1</source-14>
    <source-15>-1</source-15>
    <source-16>-1</source-16>
    <source-17>-1</source-17>
    <source-18>-1</source-18>
    <source-19>-1</source-19>
    <source-20>-1</source-20>
    <source-21>-1</source-21>
    <source-22>-1</source-22>
    <source-23>-1</source-23>
    <source-24>-1</source-24>
    <source-25>-1</source-25>
    <source-26>-1</source-26>
    <source-27>-1</source-27>
    <source-28>-1</source-28>
    <source-29>-1</source-29>
    <source-30>-1</source-30>
    <source-31>-1</source-31>
    <source-32>-1</source-32>
    <source-33>-1</source-33>
    <source-34>-1</source-34>
    <source-35>-1</source-35>
    <source-36>-1</source-36>
    <source-37>-1</source-37>
    <source-38>-1</source-38>
    <source-39>-1</source-39>
    <source-40>-1</source-40>
  </node-to-node>
  <node-to-node>
    <destination-node>N8</destination-node>
    <source-1>-1</source-1>
    <source-2>-1</source-2>
    <source-3>-1</source-3>
    <source-4>-1</source-4>
    <source-5>-1</source-5>
    <source-6>-1</source-6>
    <source-7>-1</source-7>
    <source-8>-1</source-8>
    <source-9>-1</source-9>
    <source-10>-1</source-10>
    <source-11>-1</source-11>
    <source-12>-1</source-12>
    <source-13>-1</source-13>
    <source-14>-1</source-14>
    <source-15>-1</source-15>
    <source-16>-1</source-16>
    <source-17>-1</source-17>
    <source-18>-1</source-18>
    <source-19>-1</source-19>
    <source-20>-1</source-20>
    <source-21>-1</source-21>
    <source-22>-1</source-22>
    <source-23>-1</source-23>
    <source-24>-1</source-24>
    <source-25>-1</source-25>
    <source-26>-1</source-26>
    <source-27>-1</source-27>
    <source-28>-1</source-28>
    <source-29>-1</source-29>
    <source-30>-1</source-30>
    <source-31>-1</source-31>
    <source-32>-1</source-32>
    <source-33>-1</source-33>
    <source-34>-1</source-34>
    <source-35>-1</source-35>
    <source-36>-1</source-36>
    <source-37>-1</source-37>
    <source-38>-1</source-38>
    <source-39>-1</source-39>
    <source-40>-1</source-40>
  </node-to-node>
  <node-to-node>
    <destination-node>N9</destination-node>
    <source-1>-1</source-1>
    <source-2>-1</source-2>
    <source-3>-1</source-3>
    <source-4>-1</source-4>
    <source-5>-1</source-5>
    <source-6>-1</source-6>
    <source-7>-1</source-7>
    <source-8>-1</source-8>
    <source-9>-1</source-9>
    <source-10>-1</source-10>
    <source-11>-1</source-11>
    <source-12>-1</source-12>
    <source-13>-1</source-13>
    <source-14>-1</source-14>
    <source-15>-1</source-15>
    <source-16>-1</source-16>
    <source-17>-1</source-17>
    <source-18>-1</source-18>
    <source-19>-1</source-19>
    <source-20>-1</source-20>
    <source-21>-1</source-21>
    <source-22>-1</source-22>
    <source-23>-1</source-23>
    <source-24>-1</source-24>
    <source-25>-1</source-25>
    <source-26>-1</source-26>
    <source-27>-1</source-27>
    <source-28>-1</source-28>
    <source-29>-1</source-29>
    <source-30>-1</source-30>
    <source-31>-1</source-31>
    <source-32>-1</source-32>
    <source-33>-1</source-33>
    <source-34>-1</source-34>
    <source-35>-1</source-35>
    <source-36>-1</source-36>
    <source-37>-1</source-37>
    <source-38>-1</source-38>
    <source-39>-1</source-39>
    <source-40>-1</source-40>
  </node-to-node>
  <node-to-node>
    <destination-node>N10</destination-node>
    <source-1>-1</source-1>
    <source-2>-1</source-2>
    <source-3>-1</source-3>
    <source-4>-1</source-4>
    <source-5>-1</source-5>
    <source-6>-1</source-6>
    <source-7>-1</source-7>
    <source-8>-1</source-8>
    <source-9>-1</source-9>
    <source-10>-1</source-10>
    <source-11>-1</source-11>
    <source-12>-1</source-12>
    <source-13>-1</source-13>
    <source-14>-1</source-14>
    <source-15>-1</source-15>
    <source-16>-1</source-16>
    <source-17>-1</source-17>
    <source-18>-1</source-18>
    <source-19>-1</source-19>
    <source-20>-1</source-20>
    <source-21>-1</source-21>
    <source-22>-1</source-22>
    <source-23>-1</source-23>
    <source-24>-1</source-24>
    <source-25>-1</source-25>
    <source-26>-1</source-26>
    <source-27>-1</source-27>
    <source-28>-1</source-28>
    <source-29>-1</source-29>
    <source-30>-1</source-30>
    <source-31>-1</source-31>
    <source-32>-1</source-32>
    <source-33>-1</source-33>
    <source-34>-1</source-34>
    <source-35>-1</source-35>
    <source-36>-1</source-36>
    <source-37>-1</source-37>
    <source-38>-1</source-38>
    <source-39>-1</source-39>
    <source-40>-1</source-40>
  </node-to-node>
  <node-to-node>
    <destination-node>S1</destination-node>
    <source-1>-1</source-1>
    <source-2>-1</source-2>
    <source-3>-1</source-3>
    <source-4>-1</source-4>
    <source-5>-1</source-5>
    <source-6>-1</source-6>
    <source-7>-1</source-7>
    <source-8>-1</source-8>
    <source-9>-1</source-9>
    <source-10>-1</source-10>
    <source-11>-1</source-11>
    <source-12>2.86</source-12>
    <source-13>-1</source-13>
    <source-14>-1</source-14>
    <source-15>1.43</source-15>
    <source-16>-1</source-16>
    <source-17>-1</source-17>
    <source-18>-1</source-18>
    <source-19>-1</source-19>
    <source-20>-1</source-20>
    <source-21>-1</source-21>
    <source-22>-1</source-22>
    <source-23>-1</source-23>
    <source-24>-1</source-24>
    <source-25>-1</source-25>
    <source-26>-1</source-26>
    <source-27>-1</source-27>
    <source-28>-1</source-28>
    <source-29>-1</source-29>
    <source-30>-1</source-30>
    <source-31>-1</source-31>
    <source-32>-1</source-32>
    <source-33>-1</source-33>
    <source-34>-1</source-34>
    <source-35>-1</source-35>
    <source-36>-1</source-36>
    <source-37>-1</source-37>
    <source-38>-1</source-38>
    <source-39>-1</source-39>
    <source-40>-1</source-40>
  </node-to-node>
  <node-to-node>
    <destination-node>S2</destination-node>
    <source-1>-1</source-1>
    <source-2>-1</source-2>
    <source-3>-1</source-3>
    <source-4>-1</source-4>
    <source-5>-1</source-5>
    <source-6>-1</source-6>
    <source-7>-1</source-7>
    <source-8>-1</source-8>
    <source-9>-1</source-9>
    <source-10>-1</source-10>
    <source-11>-1</source-11>
    <source-12>-1</source-12>
    <source-13>-1</source-13>
    <source-14>-1</source-14>
    <source-15>4.29</source-15>
    <source-16>-1</source-16>
    <source-17>4.29</source-17>
    <source-18>-1</source-18>
    <source-19>-1</source-19>
    <source-20>-1</source-20>
    <source-21>-1</source-21>
    <source-22>-1</source-22>
    <source-23>-1</source-23>
    <source-24>-1</source-24>
    <source-25>-1</source-25>
    <source-26>-1</source-26>
    <source-27>-1</source-27>
    <source-28>-1</source-28>
    <source-29>-1</source-29>
    <source-30>-1</source-30>
    <source-31>-1</source-31>
    <source-32>-1</source-32>
    <source-33>-1</source-33>
    <source-34>-1</source-34>
    <source-35>-1</source-35>
    <source-36>-1</source-36>
    <source-37>-1</source-37>
    <source-38>-1</source-38>
    <source-39>-1</source-39>
    <source-40>-1</source-40>
  </node-to-node>
  <node-to-node>
    <destination-node>S3</destination-node>
    <source-1>-1</source-1>
    <source-2>-1</source-2>
    <source-3>-1</source-3>
    <source-4>-1</source-4>
    <source-5>-1</source-5>
    <source-6>-1</source-6>
    <source-7>-1</source-7>
    <source-8>-1</source-8>
    <source-9>-1</source-9>
    <source-10>-1</source-10>
    <source-11>-1</source-11>
    <source-12>-1</source-12>
    <source-13>-1</source-13>
    <source-14>-1</source-14>
    <source-15>-1</source-15>
    <source-16>4.29</source-16>
    <source-17>1.43</source-17>
    <source-18>-1</source-18>
    <source-19>-1</source-19>
    <source-20>-1</source-20>
    <source-21>-1</source-21>
    <source-22>-1</source-22>
    <source-23>-1</source-23>
    <source-24>-1</source-24>
    <source-25>-1</source-25>
    <source-26>-1</source-26>
    <source-27>-1</source-27>
    <source-28>-1</source-28>
    <source-29>-1</source-29>
    <source-30>-1</source-30>
    <source-31>-1</source-31>
    <source-32>-1</source-32>
    <source-33>-1</source-33>
    <source-34>-1</source-34>
    <source-35>-1</source-35>
    <source-36>-1</source-36>
    <source-37>-1</source-37>
    <source-38>-1</source-38>
    <source-39>-1</source-39>
    <source-40>-1</source-40>
  </node-to-node>
  <node-to-node>
    <destination-node>S4</destination-node>
    <source-1>-1</source-1>
    <source-2>-1</source-2>
    <source-3>-1</source-3>
    <source-4>-1</source-4>
    <source-5>-1</source-5>
    <source-6>-1</source-6>
    <source-7>-1</source-7>
    <source-8>-1</source-8>
    <source-9>-1</source-9>
    <source-10>-1</source-10>
    <source-11>-1</source-11>
    <source-12>-1</source-12>
    <source-13>-1</source-13>
    <source-14>2.86</source-14>
    <source-15>-1</source-15>
    <source-16>1.43</source-16>
    <source-17>4.29</source-17>
    <source-18>-1</source-18>
    <source-19>-1</source-19>
    <source-20>-1</source-20>
    <source-21>-1</source-21>
    <source-22>-1</source-22>
    <source-23>-1</source-23>
    <source-24>-1</source-24>
    <source-25>-1</source-25>
    <source-26>-1</source-26>
    <source-27>-1</source-27>
    <source-28>-1</source-28>
    <source-29>-1</source-29>
    <source-30>-1</source-30>
    <source-31>-1</source-31>
    <source-32>-1</source-32>
    <source-33>-1</source-33>
    <source-34>-1</source-34>
    <source-35>-1</source-35>
    <source-36>-1</source-36>
    <source-37>-1</source-37>
    <source-38>-1</source-38>
    <source-39>-1</source-39>
    <source-40>-1</source-40>
  </node-to-node>
  <node-to-node>
    <destination-node>S5</destination-node>
    <source-1>-1</source-1>
    <source-2>-1</source-2>
    <source-3>-1</source-3>
    <source-4>-1</source-4>
    <source-5>-1</source-5>
    <source-6>-1</source-6>
    <source-7>-1</source-7>
    <source-8>-1</source-8>
    <source-9>-1</source-9>
    <source-10>-1</source-10>
    <source-11>-1</source-11>
    <source-12>-1</source-12>
    <source-13>-1</source-13>
    <source-14>1.43</source-14>
    <source-15>-1</source-15>
    <source-16>2.86</source-16>
    <source-17>-1</source-17>
    <source-18>-1</source-18>
    <source-19>-1</source-19>
    <source-20>-1</source-20>
    <source-21>-1</source-21>
    <source-22>-1</source-22>
    <source-23>-1</source-23>
    <source-24>-1</source-24>
    <source-25>-1</source-25>
    <source-26>-1</source-26>
    <source-27>-1</source-27>
    <source-28>-1</source-28>
    <source-29>-1</source-29>
    <source-30>-1</source-30>
    <source-31>-1</source-31>
    <source-32>-1</source-32>
    <source-33>-1</source-33>
    <source-34>-1</source-34>
    <source-35>-1</source-35>
    <source-36>-1</source-36>
    <source-37>-1</source-37>
    <source-38>-1</source-38>
    <source-39>-1</source-39>
    <source-40>-1</source-40>
  </node-to-node>
  <node-to-node>
    <destination-node>S6</destination-node>
    <source-1>-1</source-1>
    <source-2>-1</source-2>
    <source-3>-1</source-3>
    <source-4>-1</source-4>
    <source-5>-1</source-5>
    <source-6>-1</source-6>
    <source-7>-1</source-7>
    <source-8>-1</source-8>
    <source-9>-1</source-9>
    <source-10>-1</source-10>
    <source-11>-1</source-11>
    <source-12>2.86</source-12>
    <source-13>1.43</source-13>
    <source-14>-1</source-14>
    <source-15>-1</source-15>
    <source-16>-1</source-16>
    <source-17>-1</source-17>
    <source-18>-1</source-18>
    <source-19>-1</source-19>
    <source-20>-1</source-20>
    <source-21>-1</source-21>
    <source-22>-1</source-22>
    <source-23>-1</source-23>
    <source-24>-1</source-24>
    <source-25>-1</source-25>
    <source-26>-1</source-26>
    <source-27>-1</source-27>
    <source-28>-1</source-28>
    <source-29>-1</source-29>
    <source-30>-1</source-30>
    <source-31>-1</source-31>
    <source-32>-1</source-32>
    <source-33>-1</source-33>
    <source-34>-1</source-34>
    <source-35>-1</source-35>
    <source-36>-1</source-36>
    <source-37>-1</source-37>
    <source-38>-1</source-38>
    <source-39>-1</source-39>
    <source-40>-1</source-40>
  </node-to-node>
  <node-to-node>
    <destination-node>S7</destination-node>
    <source-1>-1</source-1>
    <source-2>-1</source-2>
    <source-3>-1</source-3>
    <source-4>-1</source-4>
    <source-5>-1</source-5>
    <source-6>-1</source-6>
    <source-7>-1</source-7>
    <source-8>-1</source-8>
    <source-9>1.43</source-9>
    <source-10>-1</source-10>
    <source-11>-1</source-11>
    <source-12>1.43</source-12>
    <source-13>2.86</source-13>
    <source-14>-1</source-14>
    <source-15>2.86</source-15>
    <source-16>-1</source-16>
    <source-17>-1</source-17>
    <source-18>-1</source-18>
    <source-19>-1</source-19>
    <source-20>-1</source-20>
    <source-21>-1</source-21>
    <source-22>-1</source-22>
    <source-23>-1</source-23>
    <source-24>-1</source-24>
    <source-25>-1</source-25>
    <source-26>-1</source-26>
    <source-27>-1</source-27>
    <source-28>-1</source-28>
    <source-29>-1</source-29>
    <source-30>-1</source-30>
    <source-31>-1</source-31>
    <source-32>-1</source-32>
    <source-33>-1</source-33>
    <source-34>-1</source-34>
    <source-35>-1</source-35>
    <source-36>-1</source-36>
    <source-37>-1</source-37>
    <source-38>-1</source-38>
    <source-39>-1</source-39>
    <source-40>-1</source-40>
  </node-to-node>
  <node-to-node>
    <destination-node>S8</destination-node>
    <source-1>-1</source-1>
    <source-2>-1</source-2>
    <source-3>-1</source-3>
    <source-4>-1</source-4>
    <source-5>-1</source-5>
    <source-6>-1</source-6>
    <source-7>-1</source-7>
    <source-8>-1</source-8>
    <source-9>-1</source-9>
    <source-10>-1</source-10>
    <source-11>-1</source-11>
    <source-12>-1</source-12>
    <source-13>-1</source-13>
    <source-14>4.29</source-14>
    <source-15>-1</source-15>
    <source-16>2.86</source-16>
    <source-17>2.86</source-17>
    <source-18>-1</source-18>
    <source-19>-1</source-19>
    <source-20>-1</source-20>
    <source-21>-1</source-21>
    <source-22>-1</source-22>
    <source-23>-1</source-23>
    <source-24>-1</source-24>
    <source-25>-1</source-25>
    <source-26>-1</source-26>
    <source-27>-1</source-27>
    <source-28>-1</source-28>
    <source-29>-1</source-29>
    <source-30>-1</source-30>
    <source-31>-1</source-31>
    <source-32>-1</source-32>
    <source-33>-1</source-33>
    <source-34>-1</source-34>
    <source-35>-1</source-35>
    <source-36>-1</source-36>
    <source-37>-1</source-37>
    <source-38>-1</source-38>
    <source-39>-1</source-39>
    <source-40>-1</source-40>
  </node-to-node>
  <node-to-node>
    <destination-node>E1</destination-node>
    <source-1>-1</source-1>
    <source-2>-1</source-2>
    <source-3>-1</source-3>
    <source-4>-1</source-4>
    <source-5>-1</source-5>
    <source-6>-1</source-6>
    <source-7>-1</source-7>
    <source-8>-1</source-8>
    <source-9>-1</source-9>
    <source-10>-1</source-10>
    <source-11>-1</source-11>
    <source-12>-1</source-12>
    <source-13>-1</source-13>
    <source-14>-1</source-14>
    <source-15>-1</source-15>
    <source-16>-1</source-16>
    <source-17>-1</source-17>
    <source-18>-1</source-18>
    <source-19>2.86</source-19>
    <source-20>4.29</source-20>
    <source-21>1.43</source-21>
    <source-22>2.86</source-22>
    <source-23>-1</source-23>
    <source-24>2.86</source-24>
    <source-25>2.86</source-25>
    <source-26>-1</source-26>
    <source-27>-1</source-27>
    <source-28>-1</source-28>
    <source-29>-1</source-29>
    <source-30>-1</source-30>
    <source-31>-1</source-31>
    <source-32>-1</source-32>
    <source-33>-1</source-33>
    <source-34>-1</source-34>
    <source-35>-1</source-35>
    <source-36>-1</source-36>
    <source-37>-1</source-37>
    <source-38>-1</source-38>
    <source-39>-1</source-39>
    <source-40>-1</source-40>
  </node-to-node>
  <node-to-node>
    <destination-node>E2</destination-node>
    <source-1>-1</source-1>
    <source-2>-1</source-2>
    <source-3>-1</source-3>
    <source-4>-1</source-4>
    <source-5>-1</source-5>
    <source-6>-1</source-6>
    <source-7>-1</source-7>
    <source-8>-1</source-8>
    <source-9>-1</source-9>
    <source-10>-1</source-10>
    <source-11>-1</source-11>
    <source-12>-1</source-12>
    <source-13>-1</source-13>
    <source-14>-1</source-14>
    <source-15>-1</source-15>
    <source-16>-1</source-16>
    <source-17>-1</source-17>
    <source-18>-1</source-18>
    <source-19>4.29</source-19>
    <source-20>2.86</source-20>
    <source-21>2.86</source-21>
    <source-22>4.29</source-22>
    <source-23>-1</source-23>
    <source-24>1.43</source-24>
    <source-25>2.86</source-25>
    <source-26>-1</source-26>
    <source-27>-1</source-27>
    <source-28>-1</source-28>
    <source-29>-1</source-29>
    <source-30>-1</source-30>
    <source-31>-1</source-31>
    <source-32>-1</source-32>
    <source-33>-1</source-33>
    <source-34>-1</source-34>
    <source-35>-1</source-35>
    <source-36>-1</source-36>
    <source-37>-1</source-37>
    <source-38>-1</source-38>
    <source-39>-1</source-39>
    <source-40>-1</source-40>
  </node-to-node>
  <node-to-node>
    <destination-node>E3</destination-node>
    <source-1>-1</source-1>
    <source-2>-1</source-2>
    <source-3>-1</source-3>
    <source-4>-1</source-4>
    <source-5>-1</source-5>
    <source-6>-1</source-6>
    <source-7>-1</source-7>
    <source-8>-1</source-8>
    <source-9>-1</source-9>
    <source-10>-1</source-10>
    <source-11>-1</source-11>
    <source-12>-1</source-12>
    <source-13>-1</source-13>
    <source-14>-1</source-14>
    <source-15>-1</source-15>
    <source-16>-1</source-16>
    <source-17>-1</source-17>
    <source-18>-1</source-18>
    <source-19>-1</source-19>
    <source-20>1.43</source-20>
    <source-21>2.86</source-21>
    <source-22>5.72</source-22>
    <source-23>-1</source-23>
    <source-24>2.86</source-24>
    <source-25>4.29</source-25>
    <source-26>-1</source-26>
    <source-27>-1</source-27>
    <source-28>-1</source-28>
    <source-29>-1</source-29>
    <source-30>-1</source-30>
    <source-31>-1</source-31>
    <source-32>-1</source-32>
    <source-33>-1</source-33>
    <source-34>-1</source-34>
    <source-35>-1</source-35>
    <source-36>-1</source-36>
    <source-37>-1</source-37>
    <source-38>-1</source-38>
    <source-39>-1</source-39>
    <source-40>-1</source-40>
  </node-to-node>
  <node-to-node>
    <destination-node>E4</destination-node>
    <source-1>-1</source-1>
    <source-2>-1</source-2>
    <source-3>-1</source-3>
    <source-4>-1</source-4>
    <source-5>-1</source-5>
    <source-6>-1</source-6>
    <source-7>-1</source-7>
    <source-8>-1</source-8>
    <source-9>-1</source-9>
    <source-10>-1</source-10>
    <source-11>-1</source-11>
    <source-12>-1</source-12>
    <source-13>-1</source-13>
    <source-14>-1</source-14>
    <source-15>-1</source-15>
    <source-16>-1</source-16>
    <source-17>-1</source-17>
    <source-18>1.43</source-18>
    <source-19>-1</source-19>
    <source-20>-1</source-20>
    <source-21>-1</source-21>
    <source-22>-1</source-22>
    <source-23>-1</source-23>
    <source-24>-1</source-24>
    <source-25>-1</source-25>
    <source-26>-1</source-26>
    <source-27>-1</source-27>
    <source-28>-1</source-28>
    <source-29>-1</source-29>
    <source-30>-1</source-30>
    <source-31>-1</source-31>
    <source-32>-1</source-32>
    <source-33>-1</source-33>
    <source-34>-1</source-34>
    <source-35>-1</source-35>
    <source-36>-1</source-36>
    <source-37>-1</source-37>
    <source-38>-1</source-38>
    <source-39>-1</source-39>
    <source-40>-1</source-40>
  </node-to-node>
  <node-to-node>
    <destination-node>E5</destination-node>
    <source-1>-1</source-1>
    <source-2>-1</source-2>
    <source-3>-1</source-3>
    <source-4>-1</source-4>
    <source-5>-1</source-5>
    <source-6>-1</source-6>
    <source-7>-1</source-7>
    <source-8>-1</source-8>
    <source-9>-1</source-9>
    <source-10>-1</source-10>
    <source-11>-1</source-11>
    <source-12>-1</source-12>
    <source-13>-1</source-13>
    <source-14>-1</source-14>
    <source-15>-1</source-15>
    <source-16>-1</source-16>
    <source-17>-1</source-17>
    <source-18>-1</source-18>
    <source-19>1.43</source-19>
    <source-20>5.72</source-20>
    <source-21>2.86</source-21>
    <source-22>4.29</source-22>
    <source-23>-1</source-23>
    <source-24>4.29</source-24>
    <source-25>5.72</source-25>
    <source-26>-1</source-26>
    <source-27>-1</source-27>
    <source-28>-1</source-28>
    <source-29>-1</source-29>
    <source-30>-1</source-30>
    <source-31>-1</source-31>
    <source-32>-1</source-32>
    <source-33>-1</source-33>
    <source-34>-1</source-34>
    <source-35>-1</source-35>
    <source-36>-1</source-36>
    <source-37>-1</source-37>
    <source-38>-1</source-38>
    <source-39>-1</source-39>
    <source-40>-1</source-40>
  </node-to-node>
  <node-to-node>
    <destination-node>E6</destination-node>
    <source-1>-1</source-1>
    <source-2>-1</source-2>
    <source-3>-1</source-3>
    <source-4>-1</source-4>
    <source-5>-1</source-5>
    <source-6>-1</source-6>
    <source-7>-1</source-7>
    <source-8>-1</source-8>
    <source-9>-1</source-9>
    <source-10>-1</source-10>
    <source-11>-1</source-11>
    <source-12>-1</source-12>
    <source-13>-1</source-13>
    <source-14>-1</source-14>
    <source-15>-1</source-15>
    <source-16>-1</source-16>
    <source-17>-1</source-17>
    <source-18>-1</source-18>
    <source-19>-1</source-19>
    <source-20>5.72</source-20>
    <source-21>2.86</source-21>
    <source-22>1.43</source-22>
    <source-23>-1</source-23>
    <source-24>4.29</source-24>
    <source-25>5.72</source-25>
    <source-26>2.86</source-26>
    <source-27>-1</source-27>
    <source-28>-1</source-28>
    <source-29>-1</source-29>
    <source-30>-1</source-30>
    <source-31>-1</source-31>
    <source-32>-1</source-32>
    <source-33>-1</source-33>
    <source-34>-1</source-34>
    <source-35>-1</source-35>
    <source-36>-1</source-36>
    <source-37>-1</source-37>
    <source-38>-1</source-38>
    <source-39>-1</source-39>
    <source-40>-1</source-40>
  </node-to-node>
  <node-to-node>
    <destination-node>E7</destination-node>
    <source-1>-1</source-1>
    <source-2>-1</source-2>
    <source-3>-1</source-3>
    <source-4>-1</source-4>
    <source-5>-1</source-5>
    <source-6>-1</source-6>
    <source-7>-1</source-7>
    <source-8>-1</source-8>
    <source-9>-1</source-9>
    <source-10>-1</source-10>
    <source-11>-1</source-11>
    <source-12>-1</source-12>
    <source-13>-1</source-13>
    <source-14>-1</source-14>
    <source-15>-1</source-15>
    <source-16>-1</source-16>
    <source-17>-1</source-17>
    <source-18>-1</source-18>
    <source-19>-1</source-19>
    <source-20>4.29</source-20>
    <source-21>2.86</source-21>
    <source-22>4.29</source-22>
    <source-23>-1</source-23>
    <source-24>2.86</source-24>
    <source-25>1.43</source-25>
    <source-26>-1</source-26>
    <source-27>-1</source-27>
    <source-28>-1</source-28>
    <source-29>-1</source-29>
    <source-30>-1</source-30>
    <source-31>-1</source-31>
    <source-32>-1</source-32>
    <source-33>-1</source-33>
    <source-34>-1</source-34>
    <source-35>-1</source-35>
    <source-36>-1</source-36>
    <source-37>-1</source-37>
    <source-38>-1</source-38>
    <source-39>-1</source-39>
    <source-40>-1</source-40>
  </node-to-node>
  <node-to-node>
    <destination-node>E8</destination-node>
    <source-1>-1</source-1>
    <source-2>-1</source-2>
    <source-3>-1</source-3>
    <source-4>-1</source-4>
    <source-5>-1</source-5>
    <source-6>-1</source-6>
    <source-7>-1</source-7>
    <source-8>-1</source-8>
    <source-9>-1</source-9>
    <source-10>-1</source-10>
    <source-11>-1</source-11>
    <source-12>-1</source-12>
    <source-13>-1</source-13>
    <source-14>-1</source-14>
    <source-15>-1</source-15>
    <source-16>-1</source-16>
    <source-17>-1</source-17>
    <source-18>-1</source-18>
    <source-19>-1</source-19>
    <source-20>-1</source-20>
    <source-21>-1</source-21>
    <source-22>-1</source-22>
    <source-23>-1</source-23>
    <source-24>-1</source-24>
    <source-25>-1</source-25>
    <source-26>-1</source-26>
    <source-27>-1</source-27>
    <source-28>-1</source-28>
    <source-29>-1</source-29>
    <source-30>-1</source-30>
    <source-31>-1</source-31>
    <source-32>-1</source-32>
    <source-33>-1</source-33>
    <source-34>-1</source-34>
    <source-35>-1</source-35>
    <source-36>-1</source-36>
    <source-37>-1</source-37>
    <source-38>-1</source-38>
    <source-39>-1</source-39>
    <source-40>-1</source-40>
  </node-to-node>
  <node-to-node>
    <destination-node>E9</destination-node>
    <source-1>-1</source-1>
    <source-2>-1</source-2>
    <source-3>-1</source-3>
    <source-4>-1</source-4>
    <source-5>-1</source-5>
    <source-6>-1</source-6>
    <source-7>-1</source-7>
    <source-8>-1</source-8>
    <source-9>-1</source-9>
    <source-10>-1</source-10>
    <source-11>-1</source-11>
    <source-12>-1</source-12>
    <source-13>-1</source-13>
    <source-14>-1</source-14>
    <source-15>-1</source-15>
    <source-16>-1</source-16>
    <source-17>-1</source-17>
    <source-18>-1</source-18>
    <source-19>-1</source-19>
    <source-20>-1</source-20>
    <source-21>-1</source-21>
    <source-22>-1</source-22>
    <source-23>-1</source-23>
    <source-24>-1</source-24>
    <source-25>-1</source-25>
    <source-26>-1</source-26>
    <source-27>-1</source-27>
    <source-28>-1</source-28>
    <source-29>-1</source-29>
    <source-30>-1</source-30>
    <source-31>-1</source-31>
    <source-32>-1</source-32>
    <source-33>-1</source-33>
    <source-34>-1</source-34>
    <source-35>-1</source-35>
    <source-36>-1</source-36>
    <source-37>-1</source-37>
    <source-38>-1</source-38>
    <source-39>-1</source-39>
    <source-40>-1</source-40>
  </node-to-node>
  <node-to-node>
    <destination-node>E10</destination-node>
    <source-1>-1</source-1>
    <source-2>-1</source-2>
    <source-3>-1</source-3>
    <source-4>-1</source-4>
    <source-5>-1</source-5>
    <source-6>-1</source-6>
    <source-7>-1</source-7>
    <source-8>-1</source-8>
    <source-9>-1</source-9>
    <source-10>-1</source-10>
    <source-11>-1</source-11>
    <source-12>-1</source-12>
    <source-13>-1</source-13>
    <source-14>-1</source-14>
    <source-15>-1</source-15>
    <source-16>-1</source-16>
    <source-17>-1</source-17>
    <source-18>-1</source-18>
    <source-19>-1</source-19>
    <source-20>5.72</source-20>
    <source-21>4.29</source-21>
    <source-22>5.72</source-22>
    <source-23>-1</source-23>
    <source-24>4.29</source-24>
    <source-25>2.86</source-25>
    <source-26>-1</source-26>
    <source-27>-1</source-27>
    <source-28>-1</source-28>
    <source-29>-1</source-29>
    <source-30>-1</source-30>
    <source-31>-1</source-31>
    <source-32>-1</source-32>
    <source-33>-1</source-33>
    <source-34>-1</source-34>
    <source-35>-1</source-35>
    <source-36>-1</source-36>
    <source-37>-1</source-37>
    <source-38>-1</source-38>
    <source-39>-1</source-39>
    <source-40>-1</source-40>
  </node-to-node>
  <node-to-node>
    <destination-node>E11</destination-node>
    <source-1>-1</source-1>
    <source-2>-1</source-2>
    <source-3>-1</source-3>
    <source-4>-1</source-4>
    <source-5>-1</source-5>
    <source-6>-1</source-6>
    <source-7>-1</source-7>
    <source-8>-1</source-8>
    <source-9>-1</source-9>
    <source-10>-1</source-10>
    <source-11>-1</source-11>
    <source-12>-1</source-12>
    <source-13>-1</source-13>
    <source-14>-1</source-14>
    <source-15>-1</source-15>
    <source-16>-1</source-16>
    <source-17>-1</source-17>
    <source-18>-1</source-18>
    <source-19>-1</source-19>
    <source-20>-1</source-20>
    <source-21>-1</source-21>
    <source-22>-1</source-22>
    <source-23>-1</source-23>
    <source-24>-1</source-24>
    <source-25>-1</source-25>
    <source-26>-1</source-26>
    <source-27>-1</source-27>
    <source-28>-1</source-28>
    <source-29>-1</source-29>
    <source-30>5.72</source-30>
    <source-31>-1</source-31>
    <source-32>4.29</source-32>
    <source-33>-1</source-33>
    <source-34>4.29</source-34>
    <source-35>-1</source-35>
    <source-36>-1</source-36>
    <source-37>-1</source-37>
    <source-38>-1</source-38>
    <source-39>-1</source-39>
    <source-40>-1</source-40>
  </node-to-node>
  <node-to-node>
    <destination-node>M1</destination-node>
    <source-1>-1</source-1>
    <source-2>-1</source-2>
    <source-3>-1</source-3>
    <source-4>-1</source-4>
    <source-5>-1</source-5>
    <source-6>-1</source-6>
    <source-7>-1</source-7>
    <source-8>-1</source-8>
    <source-9>-1</source-9>
    <source-10>-1</source-10>
    <source-11>-1</source-11>
    <source-12>-1</source-12>
    <source-13>-1</source-13>
    <source-14>-1</source-14>
    <source-15>-1</source-15>
    <source-16>-1</source-16>
    <source-17>-1</source-17>
    <source-18>-1</source-18>
    <source-19>-1</source-19>
    <source-20>-1</source-20>
    <source-21>-1</source-21>
    <source-22>-1</source-22>
    <source-23>-1</source-23>
    <source-24>-1</source-24>
    <source-25>-1</source-25>
    <source-26>1.43</source-26>
    <source-27>-1</source-27>
    <source-28>-1</source-28>
    <source-29>-1</source-29>
    <source-30>-1</source-30>
    <source-31>-1</source-31>
    <source-32>-1</source-32>
    <source-33>-1</source-33>
    <source-34>-1</source-34>
    <source-35>-1</source-35>
    <source-36>-1</source-36>
    <source-37>-1</source-37>
    <source-38>-1</source-38>
    <source-39>-1</source-39>
    <source-40>-1</source-40>
  </node-to-node>
  <node-to-node>
    <destination-node>M2</destination-node>
    <source-1>-1</source-1>
    <source-2>-1</source-2>
    <source-3>-1</source-3>
    <source-4>-1</source-4>
    <source-5>-1</source-5>
    <source-6>-1</source-6>
    <source-7>-1</source-7>
    <source-8>-1</source-8>
    <source-9>-1</source-9>
    <source-10>-1</source-10>
    <source-11>-1</source-11>
    <source-12>-1</source-12>
    <source-13>-1</source-13>
    <source-14>-1</source-14>
    <source-15>-1</source-15>
    <source-16>-1</source-16>
    <source-17>-1</source-17>
    <source-18>-1</source-18>
    <source-19>-1</source-19>
    <source-20>-1</source-20>
    <source-21>-1</source-21>
    <source-22>-1</source-22>
    <source-23>-1</source-23>
    <source-24>-1</source-24>
    <source-25>-1</source-25>
    <source-26>2.86</source-26>
    <source-27>-1</source-27>
    <source-28>-1</source-28>
    <source-29>-1</source-29>
    <source-30>-1</source-30>
    <source-31>-1</source-31>
    <source-32>-1</source-32>
    <source-33>-1</source-33>
    <source-34>-1</source-34>
    <source-35>-1</source-35>
    <source-36>-1</source-36>
    <source-37>-1</source-37>
    <source-38>-1</source-38>
    <source-39>-1</source-39>
    <source-40>-1</source-40>
  </node-to-node>
  <node-to-node>
    <destination-node>M3</destination-node>
    <source-1>-1</source-1>
    <source-2>-1</source-2>
    <source-3>-1</source-3>
    <source-4>-1</source-4>
    <source-5>-1</source-5>
    <source-6>-1</source-6>
    <source-7>-1</source-7>
    <source-8>-1</source-8>
    <source-9>-1</source-9>
    <source-10>-1</source-10>
    <source-11>-1</source-11>
    <source-12>-1</source-12>
    <source-13>-1</source-13>
    <source-14>-1</source-14>
    <source-15>-1</source-15>
    <source-16>-1</source-16>
    <source-17>-1</source-17>
    <source-18>-1</source-18>
    <source-19>-1</source-19>
    <source-20>-1</source-20>
    <source-21>-1</source-21>
    <source-22>-1</source-22>
    <source-23>-1</source-23>
    <source-24>-1</source-24>
    <source-25>-1</source-25>
    <source-26>-1</source-26>
    <source-27>-1</source-27>
    <source-28>-1</source-28>
    <source-29>-1</source-29>
    <source-30>-1</source-30>
    <source-31>-1</source-31>
    <source-32>-1</source-32>
    <source-33>-1</source-33>
    <source-34>-1</source-34>
    <source-35>-1</source-35>
    <source-36>-1</source-36>
    <source-37>-1</source-37>
    <source-38>-1</source-38>
    <source-39>-1</source-39>
    <source-40>-1</source-40>
  </node-to-node>
  <node-to-node>
    <destination-node>M4</destination-node>
    <source-1>-1</source-1>
    <source-2>-1</source-2>
    <source-3>-1</source-3>
    <source-4>-1</source-4>
    <source-5>-1</source-5>
    <source-6>-1</source-6>
    <source-7>-1</source-7>
    <source-8>-1</source-8>
    <source-9>-1</source-9>
    <source-10>-1</source-10>
    <source-11>-1</source-11>
    <source-12>-1</source-12>
    <source-13>-1</source-13>
    <source-14>-1</source-14>
    <source-15>-1</source-15>
    <source-16>-1</source-16>
    <source-17>-1</source-17>
    <source-18>-1</source-18>
    <source-19>-1</source-19>
    <source-20>-1</source-20>
    <source-21>-1</source-21>
    <source-22>-1</source-22>
    <source-23>-1</source-23>
    <source-24>-1</source-24>
    <source-25>-1</source-25>
    <source-26>-1</source-26>
    <source-27>-1</source-27>
    <source-28>-1</source-28>
    <source-29>-1</source-29>
    <source-30>-1</source-30>
    <source-31>-1</source-31>
    <source-32>-1</source-32>
    <source-33>-1</source-33>
    <source-34>-1</source-34>
    <source-35>-1</source-35>
    <source-36>-1</source-36>
    <source-37>-1</source-37>
    <source-38>-1</source-38>
    <source-39>-1</source-39>
    <source-40>-1</source-40>
  </node-to-node>
  <node-to-node>
    <destination-node>M5</destination-node>
    <source-1>-1</source-1>
    <source-2>-1</source-2>
    <source-3>-1</source-3>
    <source-4>-1</source-4>
    <source-5>-1</source-5>
    <source-6>-1</source-6>
    <source-7>-1</source-7>
    <source-8>-1</source-8>
    <source-9>-1</source-9>
    <source-10>-1</source-10>
    <source-11>-1</source-11>
    <source-12>-1</source-12>
    <source-13>-1</source-13>
    <source-14>-1</source-14>
    <source-15>-1</source-15>
    <source-16>-1</source-16>
    <source-17>-1</source-17>
    <source-18>-1</source-18>
    <source-19>-1</source-19>
    <source-20>-1</source-20>
    <source-21>-1</source-21>
    <source-22>-1</source-22>
    <source-23>-1</source-23>
    <source-24>-1</source-24>
    <source-25>-1</source-25>
    <source-26>-1</source-26>
    <source-27>2.86</source-27>
    <source-28>-1</source-28>
    <source-29>-1</source-29>
    <source-30>-1</source-30>
    <source-31>-1</source-31>
    <source-32>-1</source-32>
    <source-33>-1</source-33>
    <source-34>-1</source-34>
    <source-35>-1</source-35>
    <source-36>-1</source-36>
    <source-37>-1</source-37>
    <source-38>-1</source-38>
    <source-39>-1</source-39>
    <source-40>-1</source-40>
  </node-to-node>
  <node-to-node>
    <destination-node>M6</destination-node>
    <source-1>-1</source-1>
    <source-2>-1</source-2>
    <source-3>-1</source-3>
    <source-4>-1</source-4>
    <source-5>-1</source-5>
    <source-6>-1</source-6>
    <source-7>-1</source-7>
    <source-8>-1</source-8>
    <source-9>-1</source-9>
    <source-10>-1</source-10>
    <source-11>-1</source-11>
    <source-12>-1</source-12>
    <source-13>-1</source-13>
    <source-14>-1</source-14>
    <source-15>-1</source-15>
    <source-16>-1</source-16>
    <source-17>-1</source-17>
    <source-18>-1</source-18>
    <source-19>-1</source-19>
    <source-20>-1</source-20>
    <source-21>-1</source-21>
    <source-22>-1</source-22>
    <source-23>-1</source-23>
    <source-24>-1</source-24>
    <source-25>-1</source-25>
    <source-26>-1</source-26>
    <source-27>1.43</source-27>
    <source-28>-1</source-28>
    <source-29>-1</source-29>
    <source-30>-1</source-30>
    <source-31>-1</source-31>
    <source-32>-1</source-32>
    <source-33>-1</source-33>
    <source-34>-1</source-34>
    <source-35>-1</source-35>
    <source-36>-1</source-36>
    <source-37>-1</source-37>
    <source-38>-1</source-38>
    <source-39>-1</source-39>
    <source-40>-1</source-40>
  </node-to-node>
  <node-to-node>
    <destination-node>M7</destination-node>
    <source-1>-1</source-1>
    <source-2>-1</source-2>
    <source-3>-1</source-3>
    <source-4>-1</source-4>
    <source-5>-1</source-5>
    <source-6>-1</source-6>
    <source-7>-1</source-7>
    <source-8>-1</source-8>
    <source-9>-1</source-9>
    <source-10>-1</source-10>
    <source-11>-1</source-11>
    <source-12>-1</source-12>
    <source-13>-1</source-13>
    <source-14>-1</source-14>
    <source-15>-1</source-15>
    <source-16>-1</source-16>
    <source-17>-1</source-17>
    <source-18>-1</source-18>
    <source-19>-1</source-19>
    <source-20>-1</source-20>
    <source-21>-1</source-21>
    <source-22>-1</source-22>
    <source-23>1.43</source-23>
    <source-24>-1</source-24>
    <source-25>-1</source-25>
    <source-26>-1</source-26>
    <source-27>-1</source-27>
    <source-28>-1</source-28>
    <source-29>-1</source-29>
    <source-30>-1</source-30>
    <source-31>-1</source-31>
    <source-32>-1</source-32>
    <source-33>-1</source-33>
    <source-34>-1</source-34>
    <source-35>-1</source-35>
    <source-36>-1</source-36>
    <source-37>-1</source-37>
    <source-38>-1</source-38>
    <source-39>-1</source-39>
    <source-40>-1</source-40>
  </node-to-node>
  <node-to-node>
    <destination-node>M8</destination-node>
    <source-1>-1</source-1>
    <source-2>-1</source-2>
    <source-3>-1</source-3>
    <source-4>-1</source-4>
    <source-5>-1</source-5>
    <source-6>-1</source-6>
    <source-7>-1</source-7>
    <source-8>-1</source-8>
    <source-9>-1</source-9>
    <source-10>-1</source-10>
    <source-11>-1</source-11>
    <source-12>-1</source-12>
    <source-13>-1</source-13>
    <source-14>-1</source-14>
    <source-15>-1</source-15>
    <source-16>-1</source-16>
    <source-17>-1</source-17>
    <source-18>-1</source-18>
    <source-19>-1</source-19>
    <source-20>-1</source-20>
    <source-21>-1</source-21>
    <source-22>-1</source-22>
    <source-23>4.29</source-23>
    <source-24>-1</source-24>
    <source-25>-1</source-25>
    <source-26>-1</source-26>
    <source-27>-1</source-27>
    <source-28>-1</source-28>
    <source-29>-1</source-29>
    <source-30>-1</source-30>
    <source-31>-1</source-31>
    <source-32>-1</source-32>
    <source-33>-1</source-33>
    <source-34>-1</source-34>
    <source-35>-1</source-35>
    <source-36>-1</source-36>
    <source-37>-1</source-37>
    <source-38>-1</source-38>
    <source-39>-1</source-39>
    <source-40>-1</source-40>
  </node-to-node>
  <node-to-node>
    <destination-node>M9</destination-node>
    <source-1>-1</source-1>
    <source-2>-1</source-2>
    <source-3>-1</source-3>
    <source-4>-1</source-4>
    <source-5>-1</source-5>
    <source-6>-1</source-6>
    <source-7>-1</source-7>
    <source-8>-1</source-8>
    <source-9>-1</source-9>
    <source-10>-1</source-10>
    <source-11>-1</source-11>
    <source-12>-1</source-12>
    <source-13>-1</source-13>
    <source-14>-1</source-14>
    <source-15>-1</source-15>
    <source-16>-1</source-16>
    <source-17>-1</source-17>
    <source-18>-1</source-18>
    <source-19>-1</source-19>
    <source-20>-1</source-20>
    <source-21>-1</source-21>
    <source-22>-1</source-22>
    <source-23>-1</source-23>
    <source-24>-1</source-24>
    <source-25>-1</source-25>
    <source-26>-1</source-26>
    <source-27>-1</source-27>
    <source-28>-1</source-28>
    <source-29>-1</source-29>
    <source-30>-1</source-30>
    <source-31>-1</source-31>
    <source-32>-1</source-32>
    <source-33>-1</source-33>
    <source-34>-1</source-34>
    <source-35>-1</source-35>
    <source-36>-1</source-36>
    <source-37>-1</source-37>
    <source-38>-1</source-38>
    <source-39>-1</source-39>
    <source-40>-1</source-40>
  </node-to-node>
  <node-to-node>
    <destination-node>M10</destination-node>
    <source-1>-1</source-1>
    <source-2>-1</source-2>
    <source-3>-1</source-3>
    <source-4>-1</source-4>
    <source-5>-1</source-5>
    <source-6>-1</source-6>
    <source-7>-1</source-7>
    <source-8>-1</source-8>
    <source-9>-1</source-9>
    <source-10>-1</source-10>
    <source-11>-1</source-11>
    <source-12>-1</source-12>
    <source-13>-1</source-13>
    <source-14>-1</source-14>
    <source-15>-1</source-15>
    <source-16>-1</source-16>
    <source-17>-1</source-17>
    <source-18>-1</source-18>
    <source-19>-1</source-19>
    <source-20>-1</source-20>
    <source-21>-1</source-21>
    <source-22>-1</source-22>
    <source-23>-1</source-23>
    <source-24>-1</source-24>
    <source-25>-1</source-25>
    <source-26>-1</source-26>
    <source-27>-1</source-27>
    <source-28>-1</source-28>
    <source-29>-1</source-29>
    <source-30>-1</source-30>
    <source-31>-1</source-31>
    <source-32>-1</source-32>
    <source-33>-1</source-33>
    <source-34>-1</source-34>
    <source-35>-1</source-35>
    <source-36>-1</source-36>
    <source-37>-1</source-37>
    <source-38>-1</source-38>
    <source-39>-1</source-39>
    <source-40>-1</source-40>
  </node-to-node>
  <node-to-node>
    <destination-node>M11</destination-node>
    <source-1>-1</source-1>
    <source-2>-1</source-2>
    <source-3>-1</source-3>
    <source-4>-1</source-4>
    <source-5>-1</source-5>
    <source-6>-1</source-6>
    <source-7>-1</source-7>
    <source-8>-1</source-8>
    <source-9>-1</source-9>
    <source-10>-1</source-10>
    <source-11>-1</source-11>
    <source-12>-1</source-12>
    <source-13>-1</source-13>
    <source-14>-1</source-14>
    <source-15>-1</source-15>
    <source-16>-1</source-16>
    <source-17>-1</source-17>
    <source-18>-1</source-18>
    <source-19>-1</source-19>
    <source-20>-1</source-20>
    <source-21>-1</source-21>
    <source-22>-1</source-22>
    <source-23>-1</source-23>
    <source-24>-1</source-24>
    <source-25>-1</source-25>
    <source-26>-1</source-26>
    <source-27>2.86</source-27>
    <source-28>-1</source-28>
    <source-29>-1</source-29>
    <source-30>-1</source-30>
    <source-31>-1</source-31>
    <source-32>-1</source-32>
    <source-33>-1</source-33>
    <source-34>-1</source-34>
    <source-35>-1</source-35>
    <source-36>-1</source-36>
    <source-37>-1</source-37>
    <source-38>-1</source-38>
    <source-39>-1</source-39>
    <source-40>-1</source-40>
  </node-to-node>
  <node-to-node>
    <destination-node>M12</destination-node>
    <source-1>-1</source-1>
    <source-2>-1</source-2>
    <source-3>-1</source-3>
    <source-4>-1</source-4>
    <source-5>-1</source-5>
    <source-6>-1</source-6>
    <source-7>-1</source-7>
    <source-8>-1</source-8>
    <source-9>-1</source-9>
    <source-10>-1</source-10>
    <source-11>-1</source-11>
    <source-12>-1</source-12>
    <source-13>-1</source-13>
    <source-14>-1</source-14>
    <source-15>-1</source-15>
    <source-16>-1</source-16>
    <source-17>-1</source-17>
    <source-18>-1</source-18>
    <source-19>-1</source-19>
    <source-20>-1</source-20>
    <source-21>-1</source-21>
    <source-22>-1</source-22>
    <source-23>1.43</source-23>
    <source-24>-1</source-24>
    <source-25>-1</source-25>
    <source-26>-1</source-26>
    <source-27>2.86</source-27>
    <source-28>-1</source-28>
    <source-29>-1</source-29>
    <source-30>-1</source-30>
    <source-31>-1</source-31>
    <source-32>-1</source-32>
    <source-33>-1</source-33>
    <source-34>-1</source-34>
    <source-35>-1</source-35>
    <source-36>-1</source-36>
    <source-37>-1</source-37>
    <source-38>-1</source-38>
    <source-39>-1</source-39>
    <source-40>-1</source-40>
  </node-to-node>
  <node-to-node>
    <destination-node>M13</destination-node>
    <source-1>-1</source-1>
    <source-2>-1</source-2>
    <source-3>-1</source-3>
    <source-4>-1</source-4>
    <source-5>-1</source-5>
    <source-6>-1</source-6>
    <source-7>-1</source-7>
    <source-8>-1</source-8>
    <source-9>-1</source-9>
    <source-10>-1</source-10>
    <source-11>-1</source-11>
    <source-12>-1</source-12>
    <source-13>-1</source-13>
    <source-14>-1</source-14>
    <source-15>-1</source-15>
    <source-16>-1</source-16>
    <source-17>-1</source-17>
    <source-18>-1</source-18>
    <source-19>-1</source-19>
    <source-20>-1</source-20>
    <source-21>-1</source-21>
    <source-22>-1</source-22>
    <source-23>2.86</source-23>
    <source-24>-1</source-24>
    <source-25>-1</source-25>
    <source-26>-1</source-26>
    <source-27>1.43</source-27>
    <source-28>-1</source-28>
    <source-29>-1</source-29>
    <source-30>-1</source-30>
    <source-31>-1</source-31>
    <source-32>-1</source-32>
    <source-33>-1</source-33>
    <source-34>-1</source-34>
    <source-35>-1</source-35>
    <source-36>-1</source-36>
    <source-37>-1</source-37>
    <source-38>-1</source-38>
    <source-39>-1</source-39>
    <source-40>-1</source-40>
  </node-to-node>
  <node-to-node>
    <destination-node>K1</destination-node>
    <source-1>-1</source-1>
    <source-2>-1</source-2>
    <source-3>-1</source-3>
    <source-4>-1</source-4>
    <source-5>-1</source-5>
    <source-6>-1</source-6>
    <source-7>-1</source-7>
    <source-8>-1</source-8>
    <source-9>-1</source-9>
    <source-10>-1</source-10>
    <source-11>-1</source-11>
    <source-12>-1</source-12>
    <source-13>-1</source-13>
    <source-14>-1</source-14>
    <source-15>-1</source-15>
    <source-16>-1</source-16>
    <source-17>-1</source-17>
    <source-18>-1</source-18>
    <source-19>-1</source-19>
    <source-20>-1</source-20>
    <source-21>-1</source-21>
    <source-22>-1</source-22>
    <source-23>-1</source-23>
    <source-24>-1</source-24>
    <source-25>-1</source-25>
    <source-26>-1</source-26>
    <source-27>-1</source-27>
    <source-28>-1</source-28>
    <source-29>-1</source-29>
    <source-30>-1</source-30>
    <source-31>-1</source-31>
    <source-32>-1</source-32>
    <source-33>-1</source-33>
    <source-34>-1</source-34>
    <source-35>-1</source-35>
    <source-36>-1</source-36>
    <source-37>-1</source-37>
    <source-38>-1</source-38>
    <source-39>-1</source-39>
    <source-40>-1</source-40>
  </node-to-node>
  <node-to-node>
    <destination-node>K2</destination-node>
    <source-1>-1</source-1>
    <source-2>-1</source-2>
    <source-3>-1</source-3>
    <source-4>-1</source-4>
    <source-5>-1</source-5>
    <source-6>-1</source-6>
    <source-7>-1</source-7>
    <source-8>-1</source-8>
    <source-9>-1</source-9>
    <source-10>-1</source-10>
    <source-11>-1</source-11>
    <source-12>-1</source-12>
    <source-13>-1</source-13>
    <source-14>-1</source-14>
    <source-15>-1</source-15>
    <source-16>-1</source-16>
    <source-17>-1</source-17>
    <source-18>-1</source-18>
    <source-19>-1</source-19>
    <source-20>-1</source-20>
    <source-21>-1</source-21>
    <source-22>-1</source-22>
    <source-23>-1</source-23>
    <source-24>-1</source-24>
    <source-25>-1</source-25>
    <source-26>-1</source-26>
    <source-27>-1</source-27>
    <source-28>-1</source-28>
    <source-29>-1</source-29>
    <source-30>-1</source-30>
    <source-31>-1</source-31>
    <source-32>-1</source-32>
    <source-33>-1</source-33>
    <source-34>-1</source-34>
    <source-35>-1</source-35>
    <source-36>-1</source-36>
    <source-37>-1</source-37>
    <source-38>-1</source-38>
    <source-39>-1</source-39>
    <source-40>-1</source-40>
  </node-to-node>
  <node-to-node>
    <destination-node>K3</destination-node>
    <source-1>-1</source-1>
    <source-2>-1</source-2>
    <source-3>-1</source-3>
    <source-4>-1</source-4>
    <source-5>-1</source-5>
    <source-6>-1</source-6>
    <source-7>-1</source-7>
    <source-8>-1</source-8>
    <source-9>-1</source-9>
    <source-10>-1</source-10>
    <source-11>-1</source-11>
    <source-12>-1</source-12>
    <source-13>-1</source-13>
    <source-14>-1</source-14>
    <source-15>-1</source-15>
    <source-16>-1</source-16>
    <source-17>-1</source-17>
    <source-18>-1</source-18>
    <source-19>-1</source-19>
    <source-20>-1</source-20>
    <source-21>-1</source-21>
    <source-22>-1</source-22>
    <source-23>-1</source-23>
    <source-24>-1</source-24>
    <source-25>-1</source-25>
    <source-26>-1</source-26>
    <source-27>-1</source-27>
    <source-28>-1</source-28>
    <source-29>-1</source-29>
    <source-30>-1</source-30>
    <source-31>-1</source-31>
    <source-32>-1</source-32>
    <source-33>-1</source-33>
    <source-34>-1</source-34>
    <source-35>-1</source-35>
    <source-36>-1</source-36>
    <source-37>-1</source-37>
    <source-38>-1</source-38>
    <source-39>-1</source-39>
    <source-40>-1</source-40>
  </node-to-node>
  <node-to-node>
    <destination-node>K4</destination-node>
    <source-1>-1</source-1>
    <source-2>-1</source-2>
    <source-3>-1</source-3>
    <source-4>-1</source-4>
    <source-5>-1</source-5>
    <source-6>-1</source-6>
    <source-7>-1</source-7>
    <source-8>-1</source-8>
    <source-9>-1</source-9>
    <source-10>-1</source-10>
    <source-11>-1</source-11>
    <source-12>-1</source-12>
    <source-13>-1</source-13>
    <source-14>-1</source-14>
    <source-15>-1</source-15>
    <source-16>-1</source-16>
    <source-17>-1</source-17>
    <source-18>-1</source-18>
    <source-19>-1</source-19>
    <source-20>-1</source-20>
    <source-21>-1</source-21>
    <source-22>-1</source-22>
    <source-23>-1</source-23>
    <source-24>-1</source-24>
    <source-25>-1</source-25>
    <source-26>-1</source-26>
    <source-27>-1</source-27>
    <source-28>-1</source-28>
    <source-29>-1</source-29>
    <source-30>-1</source-30>
    <source-31>-1</source-31>
    <source-32>-1</source-32>
    <source-33>-1</source-33>
    <source-34>-1</source-34>
    <source-35>-1</source-35>
    <source-36>-1</source-36>
    <source-37>-1</source-37>
    <source-38>-1</source-38>
    <source-39>-1</source-39>
    <source-40>-1</source-40>
  </node-to-node>
  <node-to-node>
    <destination-node>K5</destination-node>
    <source-1>-1</source-1>
    <source-2>-1</source-2>
    <source-3>-1</source-3>
    <source-4>-1</source-4>
    <source-5>-1</source-5>
    <source-6>-1</source-6>
    <source-7>-1</source-7>
    <source-8>-1</source-8>
    <source-9>-1</source-9>
    <source-10>-1</source-10>
    <source-11>-1</source-11>
    <source-12>-1</source-12>
    <source-13>-1</source-13>
    <source-14>-1</source-14>
    <source-15>-1</source-15>
    <source-16>-1</source-16>
    <source-17>-1</source-17>
    <source-18>-1</source-18>
    <source-19>-1</source-19>
    <source-20>-1</source-20>
    <source-21>-1</source-21>
    <source-22>-1</source-22>
    <source-23>-1</source-23>
    <source-24>-1</source-24>
    <source-25>-1</source-25>
    <source-26>-1</source-26>
    <source-27>-1</source-27>
    <source-28>-1</source-28>
    <source-29>-1</source-29>
    <source-30>-1</source-30>
    <source-31>-1</source-31>
    <source-32>-1</source-32>
    <source-33>-1</source-33>
    <source-34>-1</source-34>
    <source-35>-1</source-35>
    <source-36>-1</source-36>
    <source-37>-1</source-37>
    <source-38>-1</source-38>
    <source-39>-1</source-39>
    <source-40>-1</source-40>
  </node-to-node>
  <node-to-node>
    <destination-node>A1</destination-node>
    <source-1>-1</source-1>
    <source-2>-1</source-2>
    <source-3>-1</source-3>
    <source-4>-1</source-4>
    <source-5>-1</source-5>
    <source-6>-1</source-6>
    <source-7>-1</source-7>
    <source-8>-1</source-8>
    <source-9>-1</source-9>
    <source-10>-1</source-10>
    <source-11>-1</source-11>
    <source-12>-1</source-12>
    <source-13>-1</source-13>
    <source-14>-1</source-14>
    <source-15>-1</source-15>
    <source-16>-1</source-16>
    <source-17>-1</source-17>
    <source-18>-1</source-18>
    <source-19>-1</source-19>
    <source-20>-1</source-20>
    <source-21>-1</source-21>
    <source-22>-1</source-22>
    <source-23>-1</source-23>
    <source-24>-1</source-24>
    <source-25>-1</source-25>
    <source-26>-1</source-26>
    <source-27>-1</source-27>
    <source-28>-1</source-28>
    <source-29>-1</source-29>
    <source-30>-1</source-30>
    <source-31>-1</source-31>
    <source-32>-1</source-32>
    <source-33>-1</source-33>
    <source-34>2.86</source-34>
    <source-35>1.43</source-35>
    <source-36>-1</source-36>
    <source-37>-1</source-37>
    <source-38>-1</source-38>
    <source-39>-1</source-39>
    <source-40>-1</source-40>
  </node-to-node>
  <node-to-node>
    <destination-node>A2</destination-node>
    <source-1>-1</source-1>
    <source-2>-1</source-2>
    <source-3>-1</source-3>
    <source-4>-1</source-4>
    <source-5>-1</source-5>
    <source-6>-1</source-6>
    <source-7>-1</source-7>
    <source-8>-1</source-8>
    <source-9>-1</source-9>
    <source-10>-1</source-10>
    <source-11>-1</source-11>
    <source-12>-1</source-12>
    <source-13>-1</source-13>
    <source-14>-1</source-14>
    <source-15>-1</source-15>
    <source-16>-1</source-16>
    <source-17>-1</source-17>
    <source-18>-1</source-18>
    <source-19>-1</source-19>
    <source-20>-1</source-20>
    <source-21>-1</source-21>
    <source-22>-1</source-22>
    <source-23>-1</source-23>
    <source-24>-1</source-24>
    <source-25>-1</source-25>
    <source-26>-1</source-26>
    <source-27>-1</source-27>
    <source-28>-1</source-28>
    <source-29>-1</source-29>
    <source-30>-1</source-30>
    <source-31>-1</source-31>
    <source-32>-1</source-32>
    <source-33>-1</source-33>
    <source-34>1.43</source-34>
    <source-35>2.86</source-35>
    <source-36>-1</source-36>
    <source-37>-1</source-37>
    <source-38>-1</source-38>
    <source-39>-1</source-39>
    <source-40>-1</source-40>
  </node-to-node>
  <node-to-node>
    <destination-node>A3</destination-node>
    <source-1>-1</source-1>
    <source-2>-1</source-2>
    <source-3>-1</source-3>
    <source-4>-1</source-4>
    <source-5>-1</source-5>
    <source-6>-1</source-6>
    <source-7>-1</source-7>
    <source-8>-1</source-8>
    <source-9>-1</source-9>
    <source-10>-1</source-10>
    <source-11>-1</source-11>
    <source-12>-1</source-12>
    <source-13>-1</source-13>
    <source-14>-1</source-14>
    <source-15>-1</source-15>
    <source-16>-1</source-16>
    <source-17>-1</source-17>
    <source-18>-1</source-18>
    <source-19>-1</source-19>
    <source-20>-1</source-20>
    <source-21>-1</source-21>
    <source-22>-1</source-22>
    <source-23>-1</source-23>
    <source-24>-1</source-24>
    <source-25>-1</source-25>
    <source-26>-1</source-26>
    <source-27>-1</source-27>
    <source-28>-1</source-28>
    <source-29>-1</source-29>
    <source-30>2.86</source-30>
    <source-31>-1</source-31>
    <source-32>1.43</source-32>
    <source-33>-1</source-33>
    <source-34>-1</source-34>
    <source-35>-1</source-35>
    <source-36>-1</source-36>
    <source-37>-1</source-37>
    <source-38>-1</source-38>
    <source-39>-1</source-39>
    <source-40>-1</source-40>
  </node-to-node>
  <node-to-node>
    <destination-node>A4</destination-node>
    <source-1>-1</source-1>
    <source-2>-1</source-2>
    <source-3>-1</source-3>
    <source-4>-1</source-4>
    <source-5>-1</source-5>
    <source-6>-1</source-6>
    <source-7>-1</source-7>
    <source-8>-1</source-8>
    <source-9>-1</source-9>
    <source-10>-1</source-10>
    <source-11>-1</source-11>
    <source-12>-1</source-12>
    <source-13>-1</source-13>
    <source-14>-1</source-14>
    <source-15>-1</source-15>
    <source-16>-1</source-16>
    <source-17>-1</source-17>
    <source-18>-1</source-18>
    <source-19>-1</source-19>
    <source-20>-1</source-20>
    <source-21>-1</source-21>
    <source-22>-1</source-22>
    <source-23>-1</source-23>
    <source-24>-1</source-24>
    <source-25>-1</source-25>
    <source-26>-1</source-26>
    <source-27>-1</source-27>
    <source-28>-1</source-28>
    <source-29>-1</source-29>
    <source-30>1.43</source-30>
    <source-31>-1</source-31>
    <source-32>2.86</source-32>
    <source-33>-1</source-33>
    <source-34>-1</source-34>
    <source-35>-1</source-35>
    <source-36>-1</source-36>
    <source-37>-1</source-37>
    <source-38>-1</source-38>
    <source-39>-1</source-39>
    <source-40>-1</source-40>
  </node-to-node>
  <node-to-node>
    <destination-node>A5</destination-node>
    <source-1>-1</source-1>
    <source-2>-1</source-2>
    <source-3>-1</source-3>
    <source-4>-1</source-4>
    <source-5>-1</source-5>
    <source-6>-1</source-6>
    <source-7>-1</source-7>
    <source-8>-1</source-8>
    <source-9>-1</source-9>
    <source-10>-1</source-10>
    <source-11>-1</source-11>
    <source-12>-1</source-12>
    <source-13>-1</source-13>
    <source-14>-1</source-14>
    <source-15>-1</source-15>
    <source-16>-1</source-16>
    <source-17>-1</source-17>
    <source-18>-1</source-18>
    <source-19>-1</source-19>
    <source-20>-1</source-20>
    <source-21>-1</source-21>
    <source-22>-1</source-22>
    <source-23>-1</source-23>
    <source-24>-1</source-24>
    <source-25>-1</source-25>
    <source-26>-1</source-26>
    <source-27>-1</source-27>
    <source-28>-1</source-28>
    <source-29>-1</source-29>
    <source-30>-1</source-30>
    <source-31>1.43</source-31>
    <source-32>-1</source-32>
    <source-33>-1</source-33>
    <source-34>-1</source-34>
    <source-35>-1</source-35>
    <source-36>-1</source-36>
    <source-37>-1</source-37>
    <source-38>-1</source-38>
    <source-39>-1</source-39>
    <source-40>-1</source-40>
  </node-to-node>
  <node-to-node>
    <destination-node>A6</destination-node>
    <source-1>-1</source-1>
    <source-2>-1</source-2>
    <source-3>-1</source-3>
    <source-4>-1</source-4>
    <source-5>-1</source-5>
    <source-6>-1</source-6>
    <source-7>-1</source-7>
    <source-8>-1</source-8>
    <source-9>-1</source-9>
    <source-10>-1</source-10>
    <source-11>-1</source-11>
    <source-12>-1</source-12>
    <source-13>-1</source-13>
    <source-14>-1</source-14>
    <source-15>-1</source-15>
    <source-16>-1</source-16>
    <source-17>-1</source-17>
    <source-18>-1</source-18>
    <source-19>-1</source-19>
    <source-20>-1</source-20>
    <source-21>-1</source-21>
    <source-22>-1</source-22>
    <source-23>-1</source-23>
    <source-24>-1</source-24>
    <source-25>-1</source-25>
    <source-26>-1</source-26>
    <source-27>-1</source-27>
    <source-28>-1</source-28>
    <source-29>1.43</source-29>
    <source-30>-1</source-30>
    <source-31>-1</source-31>
    <source-32>-1</source-32>
    <source-33>-1</source-33>
    <source-34>-1</source-34>
    <source-35>-1</source-35>
    <source-36>-1</source-36>
    <source-37>-1</source-37>
    <source-38>-1</source-38>
    <source-39>-1</source-39>
    <source-40>-1</source-40>
  </node-to-node>
  <node-to-node>
    <destination-node>A7</destination-node>
    <source-1>-1</source-1>
    <source-2>-1</source-2>
    <source-3>-1</source-3>
    <source-4>-1</source-4>
    <source-5>-1</source-5>
    <source-6>-1</source-6>
    <source-7>-1</source-7>
    <source-8>-1</source-8>
    <source-9>-1</source-9>
    <source-10>-1</source-10>
    <source-11>-1</source-11>
    <source-12>-1</source-12>
    <source-13>-1</source-13>
    <source-14>-1</source-14>
    <source-15>-1</source-15>
    <source-16>-1</source-16>
    <source-17>-1</source-17>
    <source-18>-1</source-18>
    <source-19>-1</source-19>
    <source-20>-1</source-20>
    <source-21>-1</source-21>
    <source-22>-1</source-22>
    <source-23>-1</source-23>
    <source-24>-1</source-24>
    <source-25>-1</source-25>
    <source-26>-1</source-26>
    <source-27>-1</source-27>
    <source-28>1.43</source-28>
    <source-29>2.86</source-29>
    <source-30>-1</source-30>
    <source-31>-1</source-31>
    <source-32>-1</source-32>
    <source-33>-1</source-33>
    <source-34>-1</source-34>
    <source-35>-1</source-35>
    <source-36>-1</source-36>
    <source-37>-1</source-37>
    <source-38>-1</source-38>
    <source-39>-1</source-39>
    <source-40>-1</source-40>
  </node-to-node>
  <node-to-node>
    <destination-node>A8</destination-node>
    <source-1>-1</source-1>
    <source-2>-1</source-2>
    <source-3>-1</source-3>
    <source-4>-1</source-4>
    <source-5>-1</source-5>
    <source-6>-1</source-6>
    <source-7>-1</source-7>
    <source-8>-1</source-8>
    <source-9>-1</source-9>
    <source-10>-1</source-10>
    <source-11>-1</source-11>
    <source-12>-1</source-12>
    <source-13>-1</source-13>
    <source-14>-1</source-14>
    <source-15>-1</source-15>
    <source-16>-1</source-16>
    <source-17>-1</source-17>
    <source-18>-1</source-18>
    <source-19>-1</source-19>
    <source-20>-1</source-20>
    <source-21>-1</source-21>
    <source-22>-1</source-22>
    <source-23>-1</source-23>
    <source-24>-1</source-24>
    <source-25>-1</source-25>
    <source-26>-1</source-26>
    <source-27>-1</source-27>
    <source-28>-1</source-28>
    <source-29>-1</source-29>
    <source-30>4.29</source-30>
    <source-31>-1</source-31>
    <source-32>5.72</source-32>
    <source-33>-1</source-33>
    <source-34>-1</source-34>
    <source-35>-1</source-35>
    <source-36>-1</source-36>
    <source-37>-1</source-37>
    <source-38>-1</source-38>
    <source-39>-1</source-39>
    <source-40>1.43</source-40>
  </node-to-node>
  <node-to-node>
    <destination-node>A9</destination-node>
    <source-1>-1</source-1>
    <source-2>-1</source-2>
    <source-3>-1</source-3>
    <source-4>-1</source-4>
    <source-5>-1</source-5>
    <source-6>-1</source-6>
    <source-7>-1</source-7>
    <source-8>-1</source-8>
    <source-9>-1</source-9>
    <source-10>-1</source-10>
    <source-11>-1</source-11>
    <source-12>-1</source-12>
    <source-13>-1</source-13>
    <source-14>-1</source-14>
    <source-15>-1</source-15>
    <source-16>-1</source-16>
    <source-17>-1</source-17>
    <source-18>-1</source-18>
    <source-19>-1</source-19>
    <source-20>-1</source-20>
    <source-21>-1</source-21>
    <source-22>-1</source-22>
    <source-23>-1</source-23>
    <source-24>-1</source-24>
    <source-25>-1</source-25>
    <source-26>-1</source-26>
    <source-27>-1</source-27>
    <source-28>-1</source-28>
    <source-29>-1</source-29>
    <source-30>4.29</source-30>
    <source-31>-1</source-31>
    <source-32>5.72</source-32>
    <source-33>-1</source-33>
    <source-34>-1</source-34>
    <source-35>-1</source-35>
    <source-36>-1</source-36>
    <source-37>-1</source-37>
    <source-38>-1</source-38>
    <source-39>-1</source-39>
    <source-40>4.29</source-40>
  </node-to-node>
  <node-to-node>
    <destination-node>A10</destination-node>
    <source-1>-1</source-1>
    <source-2>-1</source-2>
    <source-3>-1</source-3>
    <source-4>-1</source-4>
    <source-5>-1</source-5>
    <source-6>-1</source-6>
    <source-7>-1</source-7>
    <source-8>-1</source-8>
    <source-9>-1</source-9>
    <source-10>-1</source-10>
    <source-11>-1</source-11>
    <source-12>-1</source-12>
    <source-13>-1</source-13>
    <source-14>-1</source-14>
    <source-15>-1</source-15>
    <source-16>-1</source-16>
    <source-17>-1</source-17>
    <source-18>-1</source-18>
    <source-19>-1</source-19>
    <source-20>-1</source-20>
    <source-21>-1</source-21>
    <source-22>-1</source-22>
    <source-23>-1</source-23>
    <source-24>-1</source-24>
    <source-25>-1</source-25>
    <source-26>-1</source-26>
    <source-27>-1</source-27>
    <source-28>-1</source-28>
    <source-29>-1</source-29>
    <source-30>-1</source-30>
    <source-31>-1</source-31>
    <source-32>-1</source-32>
    <source-33>-1</source-33>
    <source-34>-1</source-34>
    <source-35>-1</source-35>
    <source-36>-1</source-36>
    <source-37>-1</source-37>
    <source-38>-1</source-38>
    <source-39>-1</source-39>
    <source-40>-1</source-40>
  </node-to-node>
  <node-to-node>
    <destination-node>A11</destination-node>
    <source-1>-1</source-1>
    <source-2>-1</source-2>
    <source-3>-1</source-3>
    <source-4>-1</source-4>
    <source-5>-1</source-5>
    <source-6>-1</source-6>
    <source-7>-1</source-7>
    <source-8>-1</source-8>
    <source-9>-1</source-9>
    <source-10>-1</source-10>
    <source-11>-1</source-11>
    <source-12>-1</source-12>
    <source-13>-1</source-13>
    <source-14>-1</source-14>
    <source-15>-1</source-15>
    <source-16>-1</source-16>
    <source-17>-1</source-17>
    <source-18>-1</source-18>
    <source-19>-1</source-19>
    <source-20>-1</source-20>
    <source-21>-1</source-21>
    <source-22>-1</source-22>
    <source-23>-1</source-23>
    <source-24>-1</source-24>
    <source-25>-1</source-25>
    <source-26>-1</source-26>
    <source-27>-1</source-27>
    <source-28>-1</source-28>
    <source-29>-1</source-29>
    <source-30>-1</source-30>
    <source-31>-1</source-31>
    <source-32>-1</source-32>
    <source-33>-1</source-33>
    <source-34>-1</source-34>
    <source-35>-1</source-35>
    <source-36>-1</source-36>
    <source-37>-1</source-37>
    <source-38>-1</source-38>
    <source-39>-1</source-39>
    <source-40>-1</source-40>
  </node-to-node>
  <node-to-node>
    <destination-node>A12</destination-node>
    <source-1>-1</source-1>
    <source-2>-1</source-2>
    <source-3>-1</source-3>
    <source-4>-1</source-4>
    <source-5>-1</source-5>
    <source-6>-1</source-6>
    <source-7>-1</source-7>
    <source-8>-1</source-8>
    <source-9>-1</source-9>
    <source-10>-1</source-10>
    <source-11>-1</source-11>
    <source-12>-1</source-12>
    <source-13>-1</source-13>
    <source-14>-1</source-14>
    <source-15>-1</source-15>
    <source-16>-1</source-16>
    <source-17>-1</source-17>
    <source-18>-1</source-18>
    <source-19>-1</source-19>
    <source-20>-1</source-20>
    <source-21>-1</source-21>
    <source-22>-1</source-22>
    <source-23>-1</source-23>
    <source-24>-1</source-24>
    <source-25>-1</source-25>
    <source-26>-1</source-26>
    <source-27>-1</source-27>
    <source-28>-1</source-28>
    <source-29>-1</source-29>
    <source-30>4.29</source-30>
    <source-31>-1</source-31>
    <source-32>2.86</source-32>
    <source-33>-1</source-33>
    <source-34>2.86</source-34>
    <source-35>-1</source-35>
    <source-36>-1</source-36>
    <source-37>-1</source-37>
    <source-38>-1</source-38>
    <source-39>-1</source-39>
    <source-40>-1</source-40>
  </node-to-node>
  <node-to-node>
    <destination-node>A13</destination-node>
    <source-1>-1</source-1>
    <source-2>-1</source-2>
    <source-3>-1</source-3>
    <source-4>-1</source-4>
    <source-5>-1</source-5>
    <source-6>-1</source-6>
    <source-7>-1</source-7>
    <source-8>-1</source-8>
    <source-9>-1</source-9>
    <source-10>-1</source-10>
    <source-11>-1</source-11>
    <source-12>-1</source-12>
    <source-13>-1</source-13>
    <source-14>-1</source-14>
    <source-15>-1</source-15>
    <source-16>-1</source-16>
    <source-17>-1</source-17>
    <source-18>-1</source-18>
    <source-19>-1</source-19>
    <source-20>-1</source-20>
    <source-21>-1</source-21>
    <source-22>-1</source-22>
    <source-23>-1</source-23>
    <source-24>-1</source-24>
    <source-25>-1</source-25>
    <source-26>-1</source-26>
    <source-27>-1</source-27>
    <source-28>-1</source-28>
    <source-29>-1</source-29>
    <source-30>-1</source-30>
    <source-31>-1</source-31>
    <source-32>-1</source-32>
    <source-33>-1</source-33>
    <source-34>-1</source-34>
    <source-35>-1</source-35>
    <source-36>-1</source-36>
    <source-37>-1</source-37>
    <source-38>-1</source-38>
    <source-39>-1</source-39>
    <source-40>-1</source-40>
  </node-to-node>
  <node-to-node>
    <destination-node>A14</destination-node>
    <source-1>-1</source-1>
    <source-2>-1</source-2>
    <source-3>-1</source-3>
    <source-4>-1</source-4>
    <source-5>-1</source-5>
    <source-6>-1</source-6>
    <source-7>-1</source-7>
    <source-8>-1</source-8>
    <source-9>-1</source-9>
    <source-10>-1</source-10>
    <source-11>-1</source-11>
    <source-12>-1</source-12>
    <source-13>-1</source-13>
    <source-14>-1</source-14>
    <source-15>-1</source-15>
    <source-16>-1</source-16>
    <source-17>-1</source-17>
    <source-18>-1</source-18>
    <source-19>-1</source-19>
    <source-20>-1</source-20>
    <source-21>-1</source-21>
    <source-22>-1</source-22>
    <source-23>-1</source-23>
    <source-24>-1</source-24>
    <source-25>-1</source-25>
    <source-26>-1</source-26>
    <source-27>-1</source-27>
    <source-28>-1</source-28>
    <source-29>-1</source-29>
    <source-30>-1</source-30>
    <source-31>-1</source-31>
    <source-32>-1</source-32>
    <source-33>-1</source-33>
    <source-34>-1</source-34>
    <source-35>-1</source-35>
    <source-36>-1</source-36>
    <source-37>-1</source-37>
    <source-38>-1</source-38>
    <source-39>-1</source-39>
    <source-40>-1</source-40>
  </node-to-node>
  <node-to-node>
    <destination-node>Z1</destination-node>
    <source-1>-1</source-1>
    <source-2>-1</source-2>
    <source-3>-1</source-3>
    <source-4>-1</source-4>
    <source-5>-1</source-5>
    <source-6>-1</source-6>
    <source-7>-1</source-7>
    <source-8>-1</source-8>
    <source-9>-1</source-9>
    <source-10>-1</source-10>
    <source-11>-1</source-11>
    <source-12>-1</source-12>
    <source-13>-1</source-13>
    <source-14>-1</source-14>
    <source-15>-1</source-15>
    <source-16>-1</source-16>
    <source-17>-1</source-17>
    <source-18>-1</source-18>
    <source-19>-1</source-19>
    <source-20>-1</source-20>
    <source-21>-1</source-21>
    <source-22>-1</source-22>
    <source-23>-1</source-23>
    <source-24>-1</source-24>
    <source-25>-1</source-25>
    <source-26>-1</source-26>
    <source-27>-1</source-27>
    <source-28>-1</source-28>
    <source-29>-1</source-29>
    <source-30>-1</source-30>
    <source-31>-1</source-31>
    <source-32>-1</source-32>
    <source-33>-1</source-33>
    <source-34>-1</source-34>
    <source-35>-1</source-35>
    <source-36>-1</source-36>
    <source-37>1.43</source-37>
    <source-38>2.86</source-38>
    <source-39>-1</source-39>
    <source-40>-1</source-40>
  </node-to-node>
  <node-to-node>
    <destination-node>Z2</destination-node>
    <source-1>-1</source-1>
    <source-2>-1</source-2>
    <source-3>-1</source-3>
    <source-4>-1</source-4>
    <source-5>-1</source-5>
    <source-6>-1</source-6>
    <source-7>-1</source-7>
    <source-8>-1</source-8>
    <source-9>-1</source-9>
    <source-10>-1</source-10>
    <source-11>-1</source-11>
    <source-12>-1</source-12>
    <source-13>-1</source-13>
    <source-14>-1</source-14>
    <source-15>-1</source-15>
    <source-16>-1</source-16>
    <source-17>-1</source-17>
    <source-18>-1</source-18>
    <source-19>-1</source-19>
    <source-20>-1</source-20>
    <source-21>-1</source-21>
    <source-22>-1</source-22>
    <source-23>-1</source-23>
    <source-24>-1</source-24>
    <source-25>-1</source-25>
    <source-26>-1</source-26>
    <source-27>-1</source-27>
    <source-28>-1</source-28>
    <source-29>-1</source-29>
    <source-30>-1</source-30>
    <source-31>-1</source-31>
    <source-32>-1</source-32>
    <source-33>-1</source-33>
    <source-34>-1</source-34>
    <source-35>-1</source-35>
    <source-36>2.86</source-36>
    <source-37>2.86</source-37>
    <source-38>1.43</source-38>
    <source-39>-1</source-39>
    <source-40>-1</source-40>
  </node-to-node>
  <node-to-node>
    <destination-node>Z3</destination-node>
    <source-1>-1</source-1>
    <source-2>-1</source-2>
    <source-3>-1</source-3>
    <source-4>-1</source-4>
    <source-5>-1</source-5>
    <source-6>-1</source-6>
    <source-7>-1</source-7>
    <source-8>-1</source-8>
    <source-9>-1</source-9>
    <source-10>-1</source-10>
    <source-11>-1</source-11>
    <source-12>-1</source-12>
    <source-13>-1</source-13>
    <source-14>-1</source-14>
    <source-15>-1</source-15>
    <source-16>-1</source-16>
    <source-17>-1</source-17>
    <source-18>-1</source-18>
    <source-19>-1</source-19>
    <source-20>-1</source-20>
    <source-21>-1</source-21>
    <source-22>-1</source-22>
    <source-23>-1</source-23>
    <source-24>-1</source-24>
    <source-25>-1</source-25>
    <source-26>-1</source-26>
    <source-27>-1</source-27>
    <source-28>-1</source-28>
    <source-29>-1</source-29>
    <source-30>-1</source-30>
    <source-31>-1</source-31>
    <source-32>-1</source-32>
    <source-33>-1</source-33>
    <source-34>-1</source-34>
    <source-35>-1</source-35>
    <source-36>1.43</source-36>
    <source-37>-1</source-37>
    <source-38>2.86</source-38>
    <source-39>-1</source-39>
    <source-40>-1</source-40>
  </node-to-node>
  <node-to-node>
    <destination-node>Z4</destination-node>
    <source-1>-1</source-1>
    <source-2>-1</source-2>
    <source-3>-1</source-3>
    <source-4>-1</source-4>
    <source-5>-1</source-5>
    <source-6>-1</source-6>
    <source-7>-1</source-7>
    <source-8>-1</source-8>
    <source-9>-1</source-9>
    <source-10>-1</source-10>
    <source-11>-1</source-11>
    <source-12>-1</source-12>
    <source-13>-1</source-13>
    <source-14>-1</source-14>
    <source-15>-1</source-15>
    <source-16>-1</source-16>
    <source-17>-1</source-17>
    <source-18>-1</source-18>
    <source-19>-1</source-19>
    <source-20>-1</source-20>
    <source-21>-1</source-21>
    <source-22>-1</source-22>
    <source-23>-1</source-23>
    <source-24>-1</source-24>
    <source-25>-1</source-25>
    <source-26>-1</source-26>
    <source-27>-1</source-27>
    <source-28>-1</source-28>
    <source-29>-1</source-29>
    <source-30>-1</source-30>
    <source-31>-1</source-31>
    <source-32>-1</source-32>
    <source-33>-1</source-33>
    <source-34>-1</source-34>
    <source-35>-1</source-35>
    <source-36>-1</source-36>
    <source-37>-1</source-37>
    <source-38>-1</source-38>
    <source-39>1.43</source-39>
    <source-40>-1</source-40>
  </node-to-node>
  <node-to-node>
    <destination-node>Z5</destination-node>
    <source-1>-1</source-1>
    <source-2>-1</source-2>
    <source-3>-1</source-3>
    <source-4>-1</source-4>
    <source-5>-1</source-5>
    <source-6>-1</source-6>
    <source-7>-1</source-7>
    <source-8>-1</source-8>
    <source-9>-1</source-9>
    <source-10>-1</source-10>
    <source-11>-1</source-11>
    <source-12>-1</source-12>
    <source-13>-1</source-13>
    <source-14>-1</source-14>
    <source-15>-1</source-15>
    <source-16>-1</source-16>
    <source-17>-1</source-17>
    <source-18>-1</source-18>
    <source-19>-1</source-19>
    <source-20>-1</source-20>
    <source-21>-1</source-21>
    <source-22>-1</source-22>
    <source-23>-1</source-23>
    <source-24>-1</source-24>
    <source-25>-1</source-25>
    <source-26>-1</source-26>
    <source-27>-1</source-27>
    <source-28>-1</source-28>
    <source-29>-1</source-29>
    <source-30>-1</source-30>
    <source-31>-1</source-31>
    <source-32>-1</source-32>
    <source-33>1.43</source-33>
    <source-34>-1</source-34>
    <source-35>-1</source-35>
    <source-36>-1</source-36>
    <source-37>-1</source-37>
    <source-38>-1</source-38>
    <source-39>-1</source-39>
    <source-40>-1</source-40>
  </node-to-node>
  <node-to-node>
    <destination-node>Z6</destination-node>
    <source-1>-1</source-1>
    <source-2>-1</source-2>
    <source-3>-1</source-3>
    <source-4>-1</source-4>
    <source-5>-1</source-5>
    <source-6>-1</source-6>
    <source-7>-1</source-7>
    <source-8>-1</source-8>
    <source-9>-1</source-9>
    <source-10>-1</source-10>
    <source-11>-1</source-11>
    <source-12>-1</source-12>
    <source-13>-1</source-13>
    <source-14>-1</source-14>
    <source-15>-1</source-15>
    <source-16>-1</source-16>
    <source-17>-1</source-17>
    <source-18>-1</source-18>
    <source-19>-1</source-19>
    <source-20>-1</source-20>
    <source-21>-1</source-21>
    <source-22>-1</source-22>
    <source-23>-1</source-23>
    <source-24>-1</source-24>
    <source-25>-1</source-25>
    <source-26>-1</source-26>
    <source-27>-1</source-27>
    <source-28>-1</source-28>
    <source-29>-1</source-29>
    <source-30>-1</source-30>
    <source-31>-1</source-31>
    <source-32>-1</source-32>
    <source-33>-1</source-33>
    <source-34>-1</source-34>
    <source-35>-1</source-35>
    <source-36>-1</source-36>
    <source-37>-1</source-37>
    <source-38>-1</source-38>
    <source-39>-1</source-39>
    <source-40>-1</source-40>
  </node-to-node>
  <node-to-node>
    <destination-node>Z7</destination-node>
    <source-1>-1</source-1>
    <source-2>-1</source-2>
    <source-3>-1</source-3>
    <source-4>-1</source-4>
    <source-5>-1</source-5>
    <source-6>-1</source-6>
    <source-7>-1</source-7>
    <source-8>-1</source-8>
    <source-9>-1</source-9>
    <source-10>-1</source-10>
    <source-11>-1</source-11>
    <source-12>-1</source-12>
    <source-13>-1</source-13>
    <source-14>-1</source-14>
    <source-15>-1</source-15>
    <source-16>-1</source-16>
    <source-17>-1</source-17>
    <source-18>-1</source-18>
    <source-19>-1</source-19>
    <source-20>-1</source-20>
    <source-21>-1</source-21>
    <source-22>-1</source-22>
    <source-23>-1</source-23>
    <source-24>-1</source-24>
    <source-25>-1</source-25>
    <source-26>-1</source-26>
    <source-27>-1</source-27>
    <source-28>-1</source-28>
    <source-29>-1</source-29>
    <source-30>-1</source-30>
    <source-31>-1</source-31>
    <source-32>-1</source-32>
    <source-33>4.29</source-33>
    <source-34>-1</source-34>
    <source-35>-1</source-35>
    <source-36>-1</source-36>
    <source-37>4.29</source-37>
    <source-38>-1</source-38>
    <source-39>-1</source-39>
    <source-40>-1</source-40>
  </node-to-node>
</node-to-node-map>
