<?xml version="1.0" encoding="UTF-8" standalone="yes"?>
<generic-production-cost-and-capacity xmlns:xsi="http://www.w3.org/2001/XMLSchema-instance">
<production-source>
<mapID>source-1</mapID>
<locationName></locationName>
<product-cost>0</product-cost>
<production-capacity>0</production-capacity>
</production-source>
<production-source>
<mapID>source-2</mapID>
<locationName></locationName>
<product-cost>0</product-cost>
<production-capacity>0</production-capacity>
</production-source>
<production-source>
<mapID>source-3</mapID>
<locationName></locationName>
<product-cost>0</product-cost>
<production-capacity>0</production-capacity>
</production-source>
<production-source>
<mapID>source-4</mapID>
<locationName></locationName>
<product-cost>0</product-cost>
<production-capacity>0</production-capacity>
</production-source>
<production-source>
<mapID>source-5</mapID>
<locationName></locationName>
<product-cost>0</product-cost>
<production-capacity>0</production-capacity>
</production-source>
<production-source>
<mapID>source-6</mapID>
<locationName></locationName>
<product-cost>163786</product-cost>
<production-capacity>1250</production-capacity>
</production-source>
<production-source>
<mapID>source-7</mapID>
<locationName></locationName>
<product-cost>0</product-cost>
<production-capacity>0</production-capacity>
</production-source>
<production-source>
<mapID>source-8</mapID>
<locationName></locationName>
<product-cost>0</product-cost>
<production-capacity>0</production-capacity>
</production-source>
<production-source>
<mapID>source-9</mapID>
<locationName></locationName>
<product-cost>0</product-cost>
<production-capacity>0</production-capacity>
</production-source>
<production-source>
<mapID>source-10</mapID>
<locationName></locationName>
<product-cost>0</product-cost>
<production-capacity>0</production-capacity>
</production-source>
<production-source>
<mapID>source-11</mapID>
<locationName></locationName>
<product-cost>0</product-cost>
<production-capacity>0</production-capacity>
</production-source>
<production-source>
<mapID>source-12</mapID>
<locationName></locationName>
<product-cost>0</product-cost>
<production-capacity>0</production-capacity>
</production-source>
<production-source>
<mapID>source-13</mapID>
<locationName></locationName>
<product-cost>0</product-cost>
<production-capacity>0</production-capacity>
</production-source>
<production-source>
<mapID>source-14</mapID>
<locationName></locationName>
<product-cost>0</product-cost>
<production-capacity>0</production-capacity>
</production-source>
<production-source>
<mapID>source-15</mapID>
<locationName></locationName>
<product-cost>0</product-cost>
<production-capacity>0</production-capacity>
</production-source>
<production-source>
<mapID>source-16</mapID>
<locationName></locationName>
<product-cost>0</product-cost>
<production-capacity>0</production-capacity>
</production-source>
<production-source>
<mapID>source-17</mapID>
<locationName></locationName>
<product-cost>117758</product-cost>
<production-capacity>80</production-capacity>
</production-source>
<production-source>
<mapID>source-18</mapID>
<locationName></locationName>
<product-cost>0</product-cost>
<production-capacity>0</production-capacity>
</production-source>
<production-source>
<mapID>source-19</mapID>
<locationName></locationName>
<product-cost>0</product-cost>
<production-capacity>0</production-capacity>
</production-source>
<production-source>
<mapID>source-20</mapID>
<locationName></locationName>
<product-cost>0</product-cost>
<production-capacity>0</production-capacity>
</production-source>
<production-source>
<mapID>source-21</mapID>
<locationName></locationName>
<product-cost>150132</product-cost>
<production-capacity>95</production-capacity>
</production-source>
<production-source>
<mapID>source-22</mapID>
<locationName></locationName>
<product-cost>0</product-cost>
<production-capacity>0</production-capacity>
</production-source>
<production-source>
<mapID>source-23</mapID>
<locationName></locationName>
<product-cost>0</product-cost>
<production-capacity>0</production-capacity>
</production-source>
<production-source>
<mapID>source-24</mapID>
<locationName></locationName>
<product-cost>0</product-cost>
<production-capacity>0</production-capacity>
</production-source>
<production-source>
<mapID>source-25</mapID>
<locationName></locationName>
<product-cost>0</product-cost>
<production-capacity>0</production-capacity>
</production-source>
<production-source>
<mapID>source-26</mapID>
<locationName></locationName>
<product-cost>0</product-cost>
<production-capacity>0</production-capacity>
</production-source>
<production-source>
<mapID>source-27</mapID>
<locationName></locationName>
<product-cost>0</product-cost>
<production-capacity>0</production-capacity>
</production-source>
<production-source>
<mapID>source-28</mapID>
<locationName></locationName>
<product-cost>0</product-cost>
<production-capacity>0</production-capacity>
</production-source>
<production-source>
<mapID>source-29</mapID>
<locationName></locationName>
<product-cost>0</product-cost>
<production-capacity>0</production-capacity>
</production-source>
<production-source>
<mapID>source-30</mapID>
<locationName></locationName>
<product-cost>0</product-cost>
<production-capacity>0</production-capacity>
</production-source>
<production-source>
<mapID>source-31</mapID>
<locationName></locationName>
<product-cost>0</product-cost>
<production-capacity>0</production-capacity>
</production-source>
<production-source>
<mapID>source-32</mapID>
<locationName></locationName>
<product-cost>0</product-cost>
<production-capacity>0</production-capacity>
</production-source>
<production-source>
<mapID>source-33</mapID>
<locationName></locationName>
<product-cost>0</product-cost>
<production-capacity>0</production-capacity>
</production-source>
<production-source>
<mapID>source-34</mapID>
<locationName></locationName>
<product-cost>0</product-cost>
<production-capacity>0</production-capacity>
</production-source>
<production-source>
<mapID>source-35</mapID>
<locationName></locationName>
<product-cost>0</product-cost>
<production-capacity>0</production-capacity>
</production-source>
<production-source>
<mapID>source-36</mapID>
<locationName></locationName>
<product-cost>0</product-cost>
<production-capacity>0</production-capacity>
</production-source>
<production-source>
<mapID>source-37</mapID>
<locationName></locationName>
<product-cost>0</product-cost>
<production-capacity>0</production-capacity>
</production-source>
<production-source>
<mapID>source-38</mapID>
<locationName></locationName>
<product-cost>0</product-cost>
<production-capacity>0</production-capacity>
</production-source>
<production-source>
<mapID>source-39</mapID>
<locationName></locationName>
<product-cost>0</product-cost>
<production-capacity>0</production-capacity>
</production-source>
<production-source>
<mapID>source-40</mapID>
<locationName></locationName>
<product-cost>0</product-cost>
<production-capacity>0</production-capacity>
</production-source>
</generic-production-cost-and-capacity>
