<?xml version="1.0" encoding="UTF-8" standalone="yes"?>
<generic-sales-price xmlns:xsi="http://www.w3.org/2001/XMLSchema-instance">
	<sale-price>
		<region>ADSD-N</region>
		<price>234500</price>
	</sale-price>
	<sale-price>
		<region>ADSD-S</region>
		<price>220218.61</price>
	</sale-price>
	<sale-price>
		<region>EAME</region>
		<price>182471.59</price>
	</sale-price>
	<sale-price>
		<region>APD</region>
		<price>155520.14</price>
	</sale-price>
	<sale-price>
		<region>CJL</region>
		<price>155520.14</price>
	</sale-price>
</generic-sales-price>
