<?xml version="1.0" encoding="UTF-8" standalone="yes"?>
<Parameters xmlns:xsi="http://www.w3.org/2001/XMLSchema-instance">
	<InputDataset>../data/</InputDataset>
	<OutputDataset>../results/</OutputDataset>
	<Months>12</Months>
	<Iterations>100</Iterations>
	<MonthDuration>20</MonthDuration>
	<StdOutput>0</StdOutput>
	<DebugInfo>1</DebugInfo>
	<Goal>max_profit</Goal>
	<Round>round6</Round>
	<!-- Ant Colony specific parameters -->
	<Ants>20</Ants>
	<DefaultPheromoneLevel>1.0</DefaultPheromoneLevel>
	<MinPheromoneLevel>0.0001</MinPheromoneLevel>
	<PheromoneWeight-Alpha>1.0</PheromoneWeight-Alpha>
	<PenaltyCostWeight-Beta>20.0</PenaltyCostWeight-Beta>
	<PheromoneUpdate-Rho>0.1</PheromoneUpdate-Rho>
	<Q0>0.9</Q0>
	<Q1>100.0</Q1>
	<!-- Inventory and Monte Carlo parameters -->
	<SLAInDays>28</SLAInDays>
    <Velocity>1.0</Velocity>
    <HurdleRate>0.00066666666666666</HurdleRate>
    <TargetServiceLevel>0.95</TargetServiceLevel>
    <LaneVariance>0.1</LaneVariance>
    <MonteCarloSimulations>10000</MonteCarloSimulations>
	<MonteCarloDistribution>no_simulations</MonteCarloDistribution>
	<!-- Energy factor -->
	<EnergyRatio>1.2</EnergyRatio>
</Parameters>
