<?xml version="1.0" encoding="UTF-8" standalone="yes"?>
<node-to-node-map xmlns:xsi="http://www.w3.org/2001/XMLSchema-instance">
  <node-to-node>
    <destination-node>N1</destination-node>
    <N1>-1.0</N1>
    <N2>-1.0</N2>
    <N3>-1.0</N3>
    <N4>-1.0</N4>
    <N5>-1.0</N5>
    <N6>-1.0</N6>
    <N7>-1.0</N7>
    <N8>-1.0</N8>
    <N9>49.2</N9>
    <N10>37.6</N10>
    <S1>37.6</S1>
    <S2>46.7</S2>
    <S3>33.7</S3>
    <S4>103.5</S4>
    <S5>84.7</S5>
    <S6>65.8</S6>
    <S7>47.0</S7>
    <S8>103.5</S8>
    <E1>11.6666666667</E1>
    <E2>14.0</E2>
    <E3>14.9</E3>
    <E4>12.0</E4>
    <E5>41.9</E5>
    <E6>15.5</E6>
    <E7>53.9</E7>
    <E8>50.6</E8>
    <E9>42.2</E9>
    <E10>59.9</E10>
    <E11>126.5</E11>
    <M1>10.6666666667</M1>
    <M2>59.9</M2>
    <M3>65.9</M3>
    <M4>116.7</M4>
    <M5>101.1</M5>
    <M6>85.6</M6>
    <M7>70.0</M7>
    <M8>46.7</M8>
    <M9>46.7</M9>
    <M10>15.0</M10>
    <M11>70.0</M11>
    <M12>54.5</M12>
    <M13>77.8</M13>
    <K1>20.0</K1>
    <K2>101.1</K2>
    <K3>32.0</K3>
    <K4>108.9</K4>
    <K5>77.9</K5>
    <A1>28.0</A1>
    <A2>34.2</A2>
    <A3>38.0</A3>
    <A4>47.0</A4>
    <A5>30.0</A5>
    <A6>59.0</A6>
    <A7>77.9</A7>
    <A8>38.0</A8>
    <A9>49.0</A9>
    <A10>116.7</A10>
    <A11>108.9</A11>
    <A12>30.0</A12>
    <A13>93.3</A13>
    <A14>132.2</A14>
    <Z1>65.0</Z1>
    <Z2>62.0</Z2>
    <Z3>66.3</Z3>
    <Z4>101.1</Z4>
    <Z5>55.0</Z5>
    <Z6>70.0</Z6>
    <Z7>124.5</Z7>
  </node-to-node>
  <node-to-node>
    <destination-node>N2</destination-node>
    <N1>-1.0</N1>
    <N2>-1.0</N2>
    <N3>-1.0</N3>
    <N4>-1.0</N4>
    <N5>-1.0</N5>
    <N6>-1.0</N6>
    <N7>-1.0</N7>
    <N8>-1.0</N8>
    <N9>39.4</N9>
    <N10>29.5</N10>
    <S1>10.8571428571</S1>
    <S2>38.9</S2>
    <S3>16.8</S3>
    <S4>22.0</S4>
    <S5>21.8333333333</S5>
    <S6>24.0</S6>
    <S7>7.33333333333</S7>
    <S8>23.0</S8>
    <E1>20.6666666667</E1>
    <E2>75.9</E2>
    <E3>18.0</E3>
    <E4>18.0</E4>
    <E5>13.0</E5>
    <E6>35.5</E6>
    <E7>39.0</E7>
    <E8>50.6</E8>
    <E9>42.2</E9>
    <E10>59.9</E10>
    <E11>50.0</E11>
    <M1>29.8</M1>
    <M2>22.5</M2>
    <M3>41.0</M3>
    <M4>48.5</M4>
    <M5>28.0</M5>
    <M6>33.0</M6>
    <M7>29.0</M7>
    <M8>31.0</M8>
    <M9>36.0</M9>
    <M10>41.9</M10>
    <M11>38.0</M11>
    <M12>31.0</M12>
    <M13>28.5</M13>
    <K1>33.8333333333</K1>
    <K2>93.3</K2>
    <K3>31.5</K3>
    <K4>101.1</K4>
    <K5>45.0</K5>
    <A1>38.5</A1>
    <A2>40.0</A2>
    <A3>40.6</A3>
    <A4>42.25</A4>
    <A5>42.0</A5>
    <A6>32.0</A6>
    <A7>77.9</A7>
    <A8>39.0</A8>
    <A9>44.0</A9>
    <A10>49.0</A10>
    <A11>101.1</A11>
    <A12>31.0</A12>
    <A13>85.6</A13>
    <A14>48.5</A14>
    <Z1>31.0</Z1>
    <Z2>29.5</Z2>
    <Z3>30.0</Z3>
    <Z4>27.5</Z4>
    <Z5>39.0</Z5>
    <Z6>17.0</Z6>
    <Z7>116.7</Z7>
  </node-to-node>
  <node-to-node>
    <destination-node>N3</destination-node>
    <N1>-1.0</N1>
    <N2>-1.0</N2>
    <N3>-1.0</N3>
    <N4>-1.0</N4>
    <N5>-1.0</N5>
    <N6>-1.0</N6>
    <N7>-1.0</N7>
    <N8>-1.0</N8>
    <N9>29.5</N9>
    <N10>18.8</N10>
    <S1>23.3</S1>
    <S2>38.9</S2>
    <S3>45.0</S3>
    <S4>45.0</S4>
    <S5>65.8</S5>
    <S6>37.6</S6>
    <S7>28.2</S7>
    <S8>84.7</S8>
    <E1>84.3</E1>
    <E2>14.0</E2>
    <E3>75.9</E3>
    <E4>67.5</E4>
    <E5>67.5</E5>
    <E6>53.9</E6>
    <E7>59.9</E7>
    <E8>67.5</E8>
    <E9>59.0</E9>
    <E10>65.9</E10>
    <E11>118.1</E11>
    <M1>65.9</M1>
    <M2>71.9</M2>
    <M3>77.9</M3>
    <M4>124.5</M4>
    <M5>85.6</M5>
    <M6>77.8</M6>
    <M7>70.0</M7>
    <M8>54.5</M8>
    <M9>41.9</M9>
    <M10>47.9</M10>
    <M11>70.0</M11>
    <M12>62.2</M12>
    <M13>70.0</M13>
    <K1>77.9</K1>
    <K2>101.1</K2>
    <K3>71.9</K3>
    <K4>108.9</K4>
    <K5>83.9</K5>
    <A1>83.9</A1>
    <A2>89.9</A2>
    <A3>95.9</A3>
    <A4>101.9</A4>
    <A5>101.9</A5>
    <A6>95.9</A6>
    <A7>83.9</A7>
    <A8>140.0</A8>
    <A9>101.9</A9>
    <A10>108.9</A10>
    <A11>101.1</A11>
    <A12>126.5</A12>
    <A13>85.6</A13>
    <A14>95.9</A14>
    <Z1>101.1</Z1>
    <Z2>108.9</Z2>
    <Z3>116.7</Z3>
    <Z4>93.3</Z4>
    <Z5>132.2</Z5>
    <Z6>54.5</Z6>
    <Z7>116.7</Z7>
  </node-to-node>
  <node-to-node>
    <destination-node>N4</destination-node>
    <N1>-1.0</N1>
    <N2>-1.0</N2>
    <N3>-1.0</N3>
    <N4>-1.0</N4>
    <N5>-1.0</N5>
    <N6>-1.0</N6>
    <N7>-1.0</N7>
    <N8>-1.0</N8>
    <N9>29.0</N9>
    <N10>12.0</N10>
    <S1>10.6666666667</S1>
    <S2>46.7</S2>
    <S3>25.5</S3>
    <S4>21.0</S4>
    <S5>22.1428571429</S5>
    <S6>13.0</S6>
    <S7>19.3333333333</S7>
    <S8>34.0</S8>
    <E1>23.0</E1>
    <E2>14.0</E2>
    <E3>27.0</E3>
    <E4>19.0</E4>
    <E5>27.0</E5>
    <E6>22.0</E6>
    <E7>65.9</E7>
    <E8>75.9</E8>
    <E9>67.5</E9>
    <E10>71.9</E10>
    <E11>126.5</E11>
    <M1>29.0</M1>
    <M2>26.5</M2>
    <M3>83.9</M3>
    <M4>52.0</M4>
    <M5>38.5</M5>
    <M6>33.0</M6>
    <M7>77.8</M7>
    <M8>29.0</M8>
    <M9>20.0</M9>
    <M10>53.9</M10>
    <M11>77.8</M11>
    <M12>39.0</M12>
    <M13>25.0</M13>
    <K1>35.0</K1>
    <K2>108.9</K2>
    <K3>77.9</K3>
    <K4>116.7</K4>
    <K5>67.0</K5>
    <A1>38.2</A1>
    <A2>40.5</A2>
    <A3>70.0</A3>
    <A4>107.9</A4>
    <A5>48.0</A5>
    <A6>77.0</A6>
    <A7>89.9</A7>
    <A8>147.8</A8>
    <A9>107.9</A9>
    <A10>116.7</A10>
    <A11>108.9</A11>
    <A12>134.9</A12>
    <A13>93.3</A13>
    <A14>101.9</A14>
    <Z1>29.0</Z1>
    <Z2>27.0</Z2>
    <Z3>30.0</Z3>
    <Z4>20.0</Z4>
    <Z5>12.0</Z5>
    <Z6>62.2</Z6>
    <Z7>124.5</Z7>
  </node-to-node>
  <node-to-node>
    <destination-node>N5</destination-node>
    <N1>-1.0</N1>
    <N2>-1.0</N2>
    <N3>-1.0</N3>
    <N4>-1.0</N4>
    <N5>-1.0</N5>
    <N6>-1.0</N6>
    <N7>-1.0</N7>
    <N8>-1.0</N8>
    <N9>23.3</N9>
    <N10>31.1</N10>
    <S1>46.7</S1>
    <S2>62.2</S2>
    <S3>40.5</S3>
    <S4>122.3</S4>
    <S5>75.3</S5>
    <S6>46.7</S6>
    <S7>38.9</S7>
    <S8>93.3</S8>
    <E1>26.9</E1>
    <E2>77.9</E2>
    <E3>109.6</E3>
    <E4>23.9</E4>
    <E5>65.9</E5>
    <E6>71.9</E6>
    <E7>77.9</E7>
    <E8>101.2</E8>
    <E9>92.8</E9>
    <E10>83.9</E10>
    <E11>75.9</E11>
    <M1>77.9</M1>
    <M2>83.9</M2>
    <M3>89.9</M3>
    <M4>140.0</M4>
    <M5>116.7</M5>
    <M6>108.9</M6>
    <M7>93.3</M7>
    <M8>77.8</M8>
    <M9>59.9</M9>
    <M10>65.9</M10>
    <M11>93.3</M11>
    <M12>85.6</M12>
    <M13>101.1</M13>
    <K1>95.9</K1>
    <K2>124.5</K2>
    <K3>89.9</K3>
    <K4>132.2</K4>
    <K5>101.9</K5>
    <A1>16.8</A1>
    <A2>16.9</A2>
    <A3>19.0</A3>
    <A4>21.0</A4>
    <A5>53.0</A5>
    <A6>46.0</A6>
    <A7>114.6</A7>
    <A8>40.0</A8>
    <A9>128.0</A9>
    <A10>88.6</A10>
    <A11>88.6</A11>
    <A12>65.8</A12>
    <A13>88.6</A13>
    <A14>98.5</A14>
    <Z1>45.0</Z1>
    <Z2>21.0</Z2>
    <Z3>21.0</Z3>
    <Z4>118.2</Z4>
    <Z5>35.0</Z5>
    <Z6>68.9</Z6>
    <Z7>98.5</Z7>
  </node-to-node>
  <node-to-node>
    <destination-node>N6</destination-node>
    <N1>-1.0</N1>
    <N2>-1.0</N2>
    <N3>-1.0</N3>
    <N4>-1.0</N4>
    <N5>-1.0</N5>
    <N6>-1.0</N6>
    <N7>-1.0</N7>
    <N8>-1.0</N8>
    <N9>31.1</N9>
    <N10>38.9</N10>
    <S1>54.5</S1>
    <S2>70.0</S2>
    <S3>40.5</S3>
    <S4>108.9</S4>
    <S5>70.0</S5>
    <S6>54.5</S6>
    <S7>46.7</S7>
    <S8>101.1</S8>
    <E1>28.0</E1>
    <E2>83.9</E2>
    <E3>83.9</E3>
    <E4>26.0</E4>
    <E5>71.9</E5>
    <E6>77.9</E6>
    <E7>83.9</E7>
    <E8>109.6</E8>
    <E9>101.2</E9>
    <E10>89.9</E10>
    <E11>13.0</E11>
    <M1>83.9</M1>
    <M2>89.9</M2>
    <M3>95.9</M3>
    <M4>147.8</M4>
    <M5>124.5</M5>
    <M6>116.7</M6>
    <M7>101.1</M7>
    <M8>85.6</M8>
    <M9>85.6</M9>
    <M10>93.3</M10>
    <M11>101.1</M11>
    <M12>93.3</M12>
    <M13>108.9</M13>
    <K1>101.9</K1>
    <K2>132.2</K2>
    <K3>95.9</K3>
    <K4>140.0</K4>
    <K5>107.9</K5>
    <A1>12.0</A1>
    <A2>18.2</A2>
    <A3>23.5</A3>
    <A4>20.0</A4>
    <A5>20.0</A5>
    <A6>46.0</A6>
    <A7>157.6</A7>
    <A8>37.0</A8>
    <A9>118.2</A9>
    <A10>88.6</A10>
    <A11>88.6</A11>
    <A12>17.0</A12>
    <A13>88.6</A13>
    <A14>108.3</A14>
    <Z1>42.0</Z1>
    <Z2>39.0</Z2>
    <Z3>45.3</Z3>
    <Z4>108.3</Z4>
    <Z5>32.0</Z5>
    <Z6>68.9</Z6>
    <Z7>98.5</Z7>
  </node-to-node>
  <node-to-node>
    <destination-node>N7</destination-node>
    <N1>-1.0</N1>
    <N2>-1.0</N2>
    <N3>-1.0</N3>
    <N4>-1.0</N4>
    <N5>-1.0</N5>
    <N6>-1.0</N6>
    <N7>-1.0</N7>
    <N8>-1.0</N8>
    <N9>46.7</N9>
    <N10>54.5</N10>
    <S1>77.8</S1>
    <S2>93.3</S2>
    <S3>116.7</S3>
    <S4>132.2</S4>
    <S5>101.1</S5>
    <S6>77.8</S6>
    <S7>77.8</S7>
    <S8>132.2</S8>
    <E1>101.9</E1>
    <E2>107.9</E2>
    <E3>101.9</E3>
    <E4>95.9</E4>
    <E5>116.7</E5>
    <E6>124.5</E6>
    <E7>132.2</E7>
    <E8>95.9</E8>
    <E9>95.9</E9>
    <E10>140.0</E10>
    <E11>30.0</E11>
    <M1>132.2</M1>
    <M2>124.5</M2>
    <M3>116.7</M3>
    <M4>116.7</M4>
    <M5>124.5</M5>
    <M6>132.2</M6>
    <M7>124.5</M7>
    <M8>108.9</M8>
    <M9>108.9</M9>
    <M10>116.7</M10>
    <M11>132.2</M11>
    <M12>116.7</M12>
    <M13>140.0</M13>
    <K1>108.9</K1>
    <K2>116.7</K2>
    <K3>116.7</K3>
    <K4>116.7</K4>
    <K5>108.9</K5>
    <A1>49.2</A1>
    <A2>59.1</A2>
    <A3>68.9</A3>
    <A4>78.8</A4>
    <A5>98.5</A5>
    <A6>118.2</A6>
    <A7>137.9</A7>
    <A8>88.6</A8>
    <A9>98.5</A9>
    <A10>88.6</A10>
    <A11>88.6</A11>
    <A12>59.1</A12>
    <A13>88.6</A13>
    <A14>78.8</A14>
    <Z1>94.1</Z1>
    <Z2>103.5</Z2>
    <Z3>112.9</Z3>
    <Z4>103.5</Z4>
    <Z5>128.0</Z5>
    <Z6>62.2</Z6>
    <Z7>98.5</Z7>
  </node-to-node>
  <node-to-node>
    <destination-node>N8</destination-node>
    <N1>-1.0</N1>
    <N2>-1.0</N2>
    <N3>-1.0</N3>
    <N4>-1.0</N4>
    <N5>-1.0</N5>
    <N6>-1.0</N6>
    <N7>-1.0</N7>
    <N8>-1.0</N8>
    <N9>41.9</N9>
    <N10>47.9</N10>
    <S1>53.9</S1>
    <S2>65.9</S2>
    <S3>83.9</S3>
    <S4>124.5</S4>
    <S5>70.0</S5>
    <S6>62.2</S6>
    <S7>62.2</S7>
    <S8>108.9</S8>
    <E1>89.9</E1>
    <E2>95.9</E2>
    <E3>134.9</E3>
    <E4>126.5</E4>
    <E5>83.9</E5>
    <E6>89.9</E6>
    <E7>95.9</E7>
    <E8>126.5</E8>
    <E9>118.1</E9>
    <E10>101.9</E10>
    <E11>50.6</E11>
    <M1>95.9</M1>
    <M2>101.9</M2>
    <M3>83.9</M3>
    <M4>116.7</M4>
    <M5>116.7</M5>
    <M6>124.5</M6>
    <M7>116.7</M7>
    <M8>77.9</M8>
    <M9>83.9</M9>
    <M10>89.9</M10>
    <M11>124.5</M11>
    <M12>83.9</M12>
    <M13>116.7</M13>
    <K1>83.9</K1>
    <K2>108.9</K2>
    <K3>89.9</K3>
    <K4>108.9</K4>
    <K5>83.9</K5>
    <A1>13.2</A1>
    <A2>13.3</A2>
    <A3>47.2</A3>
    <A4>53.9</A4>
    <A5>50.0</A5>
    <A6>43.0</A6>
    <A7>94.4</A7>
    <A8>88.6</A8>
    <A9>67.4</A9>
    <A10>59.1</A10>
    <A11>49.2</A11>
    <A12>43.9</A12>
    <A13>59.1</A13>
    <A14>47.2</A14>
    <Z1>65.8</Z1>
    <Z2>75.3</Z2>
    <Z3>84.7</Z3>
    <Z4>75.3</Z4>
    <Z5>108.3</Z5>
    <Z6>38.9</Z6>
    <Z7>68.9</Z7>
  </node-to-node>
  <node-to-node>
    <destination-node>N9</destination-node>
    <N1>12.0</N1>
    <N2>10.0</N2>
    <N3>25.3</N3>
    <N4>9.3</N4>
    <N5>21.9</N5>
    <N6>29.2</N6>
    <N7>43.9</N7>
    <N8>47.2</N8>
    <N9>-1.0</N9>
    <N10>11.9</N10>
    <S1>24.0</S1>
    <S2>46.7</S2>
    <S3>20.0</S3>
    <S4>39.3</S4>
    <S5>56.4</S5>
    <S6>31.1</S6>
    <S7>23.3</S7>
    <S8>77.8</S8>
    <E1>34.0</E1>
    <E2>92.8</E2>
    <E3>92.8</E3>
    <E4>39.0</E4>
    <E5>75.9</E5>
    <E6>84.3</E6>
    <E7>92.8</E7>
    <E8>84.3</E8>
    <E9>75.9</E9>
    <E10>71.9</E10>
    <E11>84.3</E11>
    <M1>65.9</M1>
    <M2>71.9</M2>
    <M3>77.9</M3>
    <M4>124.5</M4>
    <M5>108.9</M5>
    <M6>101.1</M6>
    <M7>77.8</M7>
    <M8>47.9</M8>
    <M9>47.9</M9>
    <M10>75.9</M10>
    <M11>77.8</M11>
    <M12>53.9</M12>
    <M13>85.6</M13>
    <K1>83.9</K1>
    <K2>116.7</K2>
    <K3>77.9</K3>
    <K4>116.7</K4>
    <K5>89.9</K5>
    <A1>25.0</A1>
    <A2>24.4</A2>
    <A3>42.8</A3>
    <A4>87.6</A4>
    <A5>52.4</A5>
    <A6>52.2</A6>
    <A7>128.1</A7>
    <A8>50.0</A8>
    <A9>101.1</A9>
    <A10>98.5</A10>
    <A11>88.6</A11>
    <A12>80.4</A12>
    <A13>88.6</A13>
    <A14>87.6</A14>
    <Z1>72.5</Z1>
    <Z2>70.7</Z2>
    <Z3>60.7</Z3>
    <Z4>98.5</Z4>
    <Z5>62.5</Z5>
    <Z6>59.1</Z6>
    <Z7>108.3</Z7>
  </node-to-node>
  <node-to-node>
    <destination-node>N10</destination-node>
    <N1>9.5</N1>
    <N2>9.5</N2>
    <N3>14.7</N3>
    <N4>9.7</N4>
    <N5>29.2</N5>
    <N6>36.5</N6>
    <N7>51.2</N7>
    <N8>53.9</N8>
    <N9>12.0</N9>
    <N10>-1.0</N10>
    <S1>18.0</S1>
    <S2>38.9</S2>
    <S3>17.1</S3>
    <S4>29.0</S4>
    <S5>47.0</S5>
    <S6>23.3</S6>
    <S7>15.6</S7>
    <S8>70.0</S8>
    <E1>18.5</E1>
    <E2>84.3</E2>
    <E3>84.3</E3>
    <E4>16.0</E4>
    <E5>67.5</E5>
    <E6>75.9</E6>
    <E7>84.3</E7>
    <E8>75.9</E8>
    <E9>67.5</E9>
    <E10>92.8</E10>
    <E11>92.8</E11>
    <M1>59.9</M1>
    <M2>65.9</M2>
    <M3>71.9</M3>
    <M4>116.7</M4>
    <M5>101.1</M5>
    <M6>93.3</M6>
    <M7>53.9</M7>
    <M8>41.9</M8>
    <M9>41.9</M9>
    <M10>67.5</M10>
    <M11>70.0</M11>
    <M12>47.9</M12>
    <M13>77.8</M13>
    <K1>83.9</K1>
    <K2>101.1</K2>
    <K3>126.5</K3>
    <K4>101.1</K4>
    <K5>89.9</K5>
    <A1>25.1</A1>
    <A2>24.7</A2>
    <A3>37.0</A3>
    <A4>94.4</A4>
    <A5>47.0</A5>
    <A6>54.0</A6>
    <A7>134.8</A7>
    <A8>101.1</A8>
    <A9>107.8</A9>
    <A10>108.3</A10>
    <A11>98.5</A11>
    <A12>87.7</A12>
    <A13>98.5</A13>
    <A14>94.4</A14>
    <Z1>55.0</Z1>
    <Z2>52.0</Z2>
    <Z3>51.3</Z3>
    <Z4>108.3</Z4>
    <Z5>45.0</Z5>
    <Z6>59.1</Z6>
    <Z7>118.2</Z7>
  </node-to-node>
  <node-to-node>
    <destination-node>S1</destination-node>
    <N1>18.8</N1>
    <N2>12.7</N2>
    <N3>21.9</N3>
    <N4>10.9</N4>
    <N5>43.9</N5>
    <N6>51.2</N6>
    <N7>73.1</N7>
    <N8>60.7</N8>
    <N9>15.3</N9>
    <N10>10.3</N10>
    <S1>-1.0</S1>
    <S2>23.3</S2>
    <S3>41.0</S3>
    <S4>34.4</S4>
    <S5>38.9</S5>
    <S6>23.3</S6>
    <S7>19.7</S7>
    <S8>56.4</S8>
    <E1>26.8</E1>
    <E2>67.5</E2>
    <E3>67.5</E3>
    <E4>59.0</E4>
    <E5>50.6</E5>
    <E6>59.0</E6>
    <E7>67.5</E7>
    <E8>59.0</E8>
    <E9>50.6</E9>
    <E10>75.9</E10>
    <E11>109.6</E11>
    <M1>47.9</M1>
    <M2>53.9</M2>
    <M3>59.9</M3>
    <M4>77.9</M4>
    <M5>85.6</M5>
    <M6>77.8</M6>
    <M7>41.9</M7>
    <M8>30.0</M8>
    <M9>36.0</M9>
    <M10>59.0</M10>
    <M11>54.5</M11>
    <M12>36.0</M12>
    <M13>62.2</M13>
    <K1>65.9</K1>
    <K2>93.3</K2>
    <K3>84.3</K3>
    <K4>101.1</K4>
    <K5>101.2</K5>
    <A1>35.6</A1>
    <A2>35.2</A2>
    <A3>52.0</A3>
    <A4>116.9</A4>
    <A5>60.4</A5>
    <A6>66.2</A6>
    <A7>80.9</A7>
    <A8>107.8</A8>
    <A9>101.1</A9>
    <A10>128.0</A10>
    <A11>128.0</A11>
    <A12>102.3</A12>
    <A13>95.0</A13>
    <A14>107.8</A14>
    <Z1>73.0</Z1>
    <Z2>70.0</Z2>
    <Z3>68.0</Z3>
    <Z4>108.3</Z4>
    <Z5>63.0</Z5>
    <Z6>78.8</Z6>
    <Z7>137.9</Z7>
  </node-to-node>
  <node-to-node>
    <destination-node>S2</destination-node>
    <N1>43.9</N1>
    <N2>36.5</N2>
    <N3>36.5</N3>
    <N4>43.9</N4>
    <N5>58.5</N5>
    <N6>65.8</N6>
    <N7>87.7</N7>
    <N8>74.1</N8>
    <N9>43.9</N9>
    <N10>36.5</N10>
    <S1>21.9</S1>
    <S2>-1.0</S2>
    <S3>29.5</S3>
    <S4>49.2</S4>
    <S5>68.9</S5>
    <S6>33.7</S6>
    <S7>27.0</S7>
    <S8>37.6</S8>
    <E1>59.0</E1>
    <E2>67.5</E2>
    <E3>67.5</E3>
    <E4>59.0</E4>
    <E5>50.6</E5>
    <E6>59.0</E6>
    <E7>67.5</E7>
    <E8>51.4</E8>
    <E9>44.1</E9>
    <E10>75.9</E10>
    <E11>126.5</E11>
    <M1>67.5</M1>
    <M2>75.9</M2>
    <M3>84.3</M3>
    <M4>59.9</M4>
    <M5>54.5</M5>
    <M6>46.7</M6>
    <M7>30.0</M7>
    <M8>25.3</M8>
    <M9>33.7</M9>
    <M10>42.2</M10>
    <M11>38.9</M11>
    <M12>24.0</M12>
    <M13>46.7</M13>
    <K1>92.8</K1>
    <K2>62.2</K2>
    <K3>77.8</K3>
    <K4>70.0</K4>
    <K5>101.2</K5>
    <A1>109.6</A1>
    <A2>116.9</A2>
    <A3>124.3</A3>
    <A4>121.3</A4>
    <A5>121.3</A5>
    <A6>87.6</A6>
    <A7>87.6</A7>
    <A8>102.3</A8>
    <A9>102.3</A9>
    <A10>128.0</A10>
    <A11>118.2</A11>
    <A12>116.9</A12>
    <A13>108.3</A13>
    <A14>131.6</A14>
    <Z1>71.9</Z1>
    <Z2>101.1</Z2>
    <Z3>108.9</Z3>
    <Z4>101.1</Z4>
    <Z5>124.5</Z5>
    <Z6>98.5</Z6>
    <Z7>137.9</Z7>
  </node-to-node>
  <node-to-node>
    <destination-node>S3</destination-node>
    <N1>66.1</N1>
    <N2>27.25</N2>
    <N3>58.5</N3>
    <N4>23.0</N4>
    <N5>80.4</N5>
    <N6>44.0</N6>
    <N7>109.6</N7>
    <N8>94.4</N8>
    <N9>26.0</N9>
    <N10>58.5</N10>
    <S1>39.0</S1>
    <S2>25.3</S2>
    <S3>-1.0</S3>
    <S4>5.0</S4>
    <S5>19.5</S5>
    <S6>25.0</S6>
    <S7>24.0</S7>
    <S8>18.8</S8>
    <E1>75.9</E1>
    <E2>84.3</E2>
    <E3>84.3</E3>
    <E4>24.0</E4>
    <E5>67.5</E5>
    <E6>75.9</E6>
    <E7>84.3</E7>
    <E8>66.1</E8>
    <E9>58.7</E9>
    <E10>92.8</E10>
    <E11>143.4</E11>
    <M1>73.4</M1>
    <M2>92.8</M2>
    <M3>101.2</M3>
    <M4>92.8</M4>
    <M5>21.0</M5>
    <M6>41.9</M6>
    <M7>50.6</M7>
    <M8>42.2</M8>
    <M9>50.6</M9>
    <M10>59.0</M10>
    <M11>36.0</M11>
    <M12>42.2</M12>
    <M13>36.0</M13>
    <K1>109.6</K1>
    <K2>53.9</K2>
    <K3>101.2</K3>
    <K4>59.9</K4>
    <K5>118.1</K5>
    <A1>52.0</A1>
    <A2>131.6</A2>
    <A3>116.9</A3>
    <A4>109.6</A4>
    <A5>94.4</A5>
    <A6>87.6</A6>
    <A7>95.0</A7>
    <A8>109.6</A8>
    <A9>116.9</A9>
    <A10>101.1</A10>
    <A11>94.4</A11>
    <A12>131.6</A12>
    <A13>87.6</A13>
    <A14>157.6</A14>
    <Z1>45.0</Z1>
    <Z2>44.0</Z2>
    <Z3>42.0</Z3>
    <Z4>38.0</Z4>
    <Z5>52.0</Z5>
    <Z6>118.2</Z6>
    <Z7>157.6</Z7>
  </node-to-node>
  <node-to-node>
    <destination-node>S4</destination-node>
    <N1>29.3</N1>
    <N2>29.4</N2>
    <N3>73.4</N3>
    <N4>26.4</N4>
    <N5>95.4</N5>
    <N6>102.3</N6>
    <N7>124.3</N7>
    <N8>116.9</N8>
    <N9>32.0</N9>
    <N10>22.0</N10>
    <S1>51.2</S1>
    <S2>42.2</S2>
    <S3>5.3</S3>
    <S4>-1.0</S4>
    <S5>42.2</S5>
    <S6>59.0</S6>
    <S7>58.7</S7>
    <S8>16.9</S8>
    <E1>92.8</E1>
    <E2>101.2</E2>
    <E3>101.2</E3>
    <E4>92.8</E4>
    <E5>84.3</E5>
    <E6>92.8</E6>
    <E7>101.2</E7>
    <E8>80.8</E8>
    <E9>73.4</E9>
    <E10>109.6</E10>
    <E11>168.7</E11>
    <M1>101.2</M1>
    <M2>109.6</M2>
    <M3>118.1</M3>
    <M4>101.2</M4>
    <M5>53.9</M5>
    <M6>47.9</M6>
    <M7>59.0</M7>
    <M8>59.0</M8>
    <M9>67.5</M9>
    <M10>75.9</M10>
    <M11>59.0</M11>
    <M12>59.0</M12>
    <M13>59.0</M13>
    <K1>118.1</K1>
    <K2>59.9</K2>
    <K3>126.5</K3>
    <K4>65.9</K4>
    <K5>126.5</K5>
    <A1>32.3</A1>
    <A2>26.1</A2>
    <A3>48.9</A3>
    <A4>116.9</A4>
    <A5>48.0</A5>
    <A6>53.0</A6>
    <A7>102.3</A7>
    <A8>109.6</A8>
    <A9>109.6</A9>
    <A10>131.6</A10>
    <A11>138.9</A11>
    <A12>146.2</A12>
    <A13>146.2</A13>
    <A14>116.9</A14>
    <Z1>85.0</Z1>
    <Z2>82.5</Z2>
    <Z3>79.7</Z3>
    <Z4>131.8</Z4>
    <Z5>75.0</Z5>
    <Z6>108.3</Z6>
    <Z7>167.4</Z7>
  </node-to-node>
  <node-to-node>
    <destination-node>S5</destination-node>
    <N1>21.4</N1>
    <N2>19.8</N2>
    <N3>51.4</N3>
    <N4>21.2</N4>
    <N5>58.7</N5>
    <N6>65.8</N6>
    <N7>95.0</N7>
    <N8>65.8</N8>
    <N9>44.1</N9>
    <N10>11.3</N10>
    <S1>36.5</S1>
    <S2>59.0</S2>
    <S3>59.0</S3>
    <S4>49.2</S4>
    <S5>-1.0</S5>
    <S6>22.0</S6>
    <S7>29.4</S7>
    <S8>36.0</S8>
    <E1>37.8</E1>
    <E2>101.2</E2>
    <E3>101.2</E3>
    <E4>37.7</E4>
    <E5>84.3</E5>
    <E6>92.8</E6>
    <E7>101.2</E7>
    <E8>80.8</E8>
    <E9>73.4</E9>
    <E10>109.6</E10>
    <E11>126.5</E11>
    <M1>101.2</M1>
    <M2>109.6</M2>
    <M3>118.1</M3>
    <M4>126.5</M4>
    <M5>71.9</M5>
    <M6>65.9</M6>
    <M7>92.8</M7>
    <M8>75.9</M8>
    <M9>84.3</M9>
    <M10>92.8</M10>
    <M11>92.8</M11>
    <M12>84.3</M12>
    <M13>92.8</M13>
    <K1>126.5</K1>
    <K2>77.9</K2>
    <K3>118.1</K3>
    <K4>83.9</K4>
    <K5>134.9</K5>
    <A1>28.3</A1>
    <A2>28.2</A2>
    <A3>38.8</A3>
    <A4>131.6</A4>
    <A5>53.9</A5>
    <A6>59.7</A6>
    <A7>116.9</A7>
    <A8>53.8</A8>
    <A9>146.2</A9>
    <A10>109.6</A10>
    <A11>102.3</A11>
    <A12>116.9</A12>
    <A13>134.8</A13>
    <A14>116.9</A14>
    <Z1>137.9</Z1>
    <Z2>89.9</Z2>
    <Z3>59.0</Z3>
    <Z4>89.9</Z4>
    <Z5>107.9</Z5>
    <Z6>47.2</Z6>
    <Z7>187.1</Z7>
  </node-to-node>
  <node-to-node>
    <destination-node>S6</destination-node>
    <N1>15.0</N1>
    <N2>14.8</N2>
    <N3>29.4</N3>
    <N4>14.7</N4>
    <N5>43.9</N5>
    <N6>51.2</N6>
    <N7>73.1</N7>
    <N8>58.5</N8>
    <N9>29.2</N9>
    <N10>8.0</N10>
    <S1>21.9</S1>
    <S2>30.0</S2>
    <S3>37.5</S3>
    <S4>68.9</S4>
    <S5>28.2</S5>
    <S6>-1.0</S6>
    <S7>14.7</S7>
    <S8>62.2</S8>
    <E1>38.6</E1>
    <E2>84.3</E2>
    <E3>84.3</E3>
    <E4>38.0</E4>
    <E5>67.5</E5>
    <E6>75.9</E6>
    <E7>84.3</E7>
    <E8>75.9</E8>
    <E9>67.5</E9>
    <E10>92.8</E10>
    <E11>109.6</E11>
    <M1>59.9</M1>
    <M2>65.9</M2>
    <M3>71.9</M3>
    <M4>89.9</M4>
    <M5>101.1</M5>
    <M6>93.3</M6>
    <M7>53.9</M7>
    <M8>41.9</M8>
    <M9>67.5</M9>
    <M10>75.9</M10>
    <M11>53.9</M11>
    <M12>67.5</M12>
    <M13>59.9</M13>
    <K1>77.9</K1>
    <K2>108.9</K2>
    <K3>101.2</K3>
    <K4>116.7</K4>
    <K5>118.1</K5>
    <A1>36.9</A1>
    <A2>39.7</A2>
    <A3>36.8</A3>
    <A4>107.8</A4>
    <A5>55.6</A5>
    <A6>61.3</A6>
    <A7>148.3</A7>
    <A8>49.8</A8>
    <A9>121.3</A9>
    <A10>80.9</A10>
    <A11>108.3</A11>
    <A12>95.0</A12>
    <A13>118.2</A13>
    <A14>107.8</A14>
    <Z1>95.0</Z1>
    <Z2>92.5</Z2>
    <Z3>68.0</Z3>
    <Z4>128.0</Z4>
    <Z5>85.0</Z5>
    <Z6>47.2</Z6>
    <Z7>137.9</Z7>
  </node-to-node>
  <node-to-node>
    <destination-node>S7</destination-node>
    <N1>15.6</N1>
    <N2>14.8</N2>
    <N3>22.0</N3>
    <N4>10.5</N4>
    <N5>36.5</N5>
    <N6>43.9</N6>
    <N7>73.1</N7>
    <N8>58.5</N8>
    <N9>18.5</N9>
    <N10>7.4</N10>
    <S1>16.9</S1>
    <S2>24.0</S2>
    <S3>24.2</S3>
    <S4>16.5</S4>
    <S5>37.6</S5>
    <S6>18.8</S6>
    <S7>-1.0</S7>
    <S8>54.5</S8>
    <E1>31.9</E1>
    <E2>75.9</E2>
    <E3>75.9</E3>
    <E4>31.3</E4>
    <E5>59.0</E5>
    <E6>67.5</E6>
    <E7>75.9</E7>
    <E8>67.5</E8>
    <E9>59.0</E9>
    <E10>84.3</E10>
    <E11>118.1</E11>
    <M1>53.9</M1>
    <M2>59.9</M2>
    <M3>65.9</M3>
    <M4>83.9</M4>
    <M5>93.3</M5>
    <M6>85.6</M6>
    <M7>47.9</M7>
    <M8>36.0</M8>
    <M9>59.0</M9>
    <M10>67.5</M10>
    <M11>62.2</M11>
    <M12>41.9</M12>
    <M13>70.0</M13>
    <K1>71.9</K1>
    <K2>101.1</K2>
    <K3>92.8</K3>
    <K4>108.9</K4>
    <K5>109.6</K5>
    <A1>33.4</A1>
    <A2>34.1</A2>
    <A3>50.9</A3>
    <A4>101.1</A4>
    <A5>54.1</A5>
    <A6>61.2</A6>
    <A7>74.1</A7>
    <A8>101.1</A8>
    <A9>94.4</A9>
    <A10>80.9</A10>
    <A11>118.2</A11>
    <A12>95.0</A12>
    <A13>118.2</A13>
    <A14>101.1</A14>
    <Z1>71.0</Z1>
    <Z2>68.0</Z2>
    <Z3>66.0</Z3>
    <Z4>98.5</Z4>
    <Z5>61.0</Z5>
    <Z6>68.9</Z6>
    <Z7>128.0</Z7>
  </node-to-node>
  <node-to-node>
    <destination-node>S8</destination-node>
    <N1>31.3</N1>
    <N2>30.0</N2>
    <N3>66.1</N3>
    <N4>32.0</N4>
    <N5>87.7</N5>
    <N6>95.0</N6>
    <N7>124.3</N7>
    <N8>102.3</N8>
    <N9>32.0</N9>
    <N10>35.0</N10>
    <S1>44.1</S1>
    <S2>29.4</S2>
    <S3>14.7</S3>
    <S4>19.7</S4>
    <S5>40.4</S5>
    <S6>58.5</S6>
    <S7>51.2</S7>
    <S8>-1.0</S8>
    <E1>84.3</E1>
    <E2>92.8</E2>
    <E3>92.8</E3>
    <E4>84.3</E4>
    <E5>75.9</E5>
    <E6>84.3</E6>
    <E7>92.8</E7>
    <E8>73.4</E8>
    <E9>66.1</E9>
    <E10>92.8</E10>
    <E11>143.4</E11>
    <M1>92.8</M1>
    <M2>101.2</M2>
    <M3>109.6</M3>
    <M4>92.8</M4>
    <M5>47.9</M5>
    <M6>41.9</M6>
    <M7>50.6</M7>
    <M8>50.6</M8>
    <M9>59.0</M9>
    <M10>67.5</M10>
    <M11>50.6</M11>
    <M12>50.6</M12>
    <M13>50.6</M13>
    <K1>118.1</K1>
    <K2>53.9</K2>
    <K3>101.2</K3>
    <K4>59.9</K4>
    <K5>126.5</K5>
    <A1>151.8</A1>
    <A2>143.4</A2>
    <A3>52.0</A3>
    <A4>126.5</A4>
    <A5>118.1</A5>
    <A6>109.6</A6>
    <A7>109.6</A7>
    <A8>126.5</A8>
    <A9>118.1</A9>
    <A10>143.4</A10>
    <A11>151.8</A11>
    <A12>160.2</A12>
    <A13>160.2</A13>
    <A14>134.9</A14>
    <Z1>113.9</Z1>
    <Z2>119.8</Z2>
    <Z3>113.9</Z3>
    <Z4>125.8</Z4>
    <Z5>101.9</Z5>
    <Z6>87.7</Z6>
    <Z7>157.6</Z7>
  </node-to-node>
  <node-to-node>
    <destination-node>E1</destination-node>
    <N1>13.0</N1>
    <N2>24.3333333333</N2>
    <N3>98.5</N3>
    <N4>19.0</N4>
    <N5>23.0</N5>
    <N6>27.0</N6>
    <N7>114.6</N7>
    <N8>101.1</N8>
    <N9>21.3333333333</N9>
    <N10>88.6</N10>
    <S1>68.9</S1>
    <S2>68.9</S2>
    <S3>39.0</S3>
    <S4>108.3</S4>
    <S5>46.0</S5>
    <S6>38.0</S6>
    <S7>27.6666666667</S7>
    <S8>98.5</S8>
    <E1>-1.0</E1>
    <E2>16.9</E2>
    <E3>-15.0</E3>
    <E4>41.0</E4>
    <E5>6.33333333333</E5>
    <E6>14.0</E6>
    <E7>15.6</E7>
    <E8>29.2</E8>
    <E9>36.5</E9>
    <E10>23.3</E10>
    <E11>83.9</E11>
    <M1>20.6666666667</M1>
    <M2>16.0</M2>
    <M3>38.9</M3>
    <M4>75.3</M4>
    <M5>103.5</M5>
    <M6>112.9</M6>
    <M7>65.8</M7>
    <M8>49.2</M8>
    <M9>39.4</M9>
    <M10>13.0</M10>
    <M11>35.0</M11>
    <M12>56.4</M12>
    <M13>84.7</M13>
    <K1>38.9</K1>
    <K2>36.0</K2>
    <K3>31.1</K3>
    <K4>77.8</K4>
    <K5>46.7</K5>
    <A1>42.0</A1>
    <A2>46.6</A2>
    <A3>38.6666666667</A3>
    <A4>39.75</A4>
    <A5>31.5</A5>
    <A6>31.0</A6>
    <A7>62.2</A7>
    <A8>43.0</A8>
    <A9>70.0</A9>
    <A10>101.1</A10>
    <A11>108.9</A11>
    <A12>95.9</A12>
    <A13>116.7</A13>
    <A14>85.6</A14>
    <Z1>44.0</Z1>
    <Z2>42.5</Z2>
    <Z3>48.3333333333</Z3>
    <Z4>44.5</Z4>
    <Z5>37.5</Z5>
    <Z6>137.9</Z6>
    <Z7>118.2</Z7>
  </node-to-node>
  <node-to-node>
    <destination-node>E2</destination-node>
    <N1>23.9</N1>
    <N2>27.9</N2>
    <N3>108.3</N3>
    <N4>32.2</N4>
    <N5>87.6</N5>
    <N6>94.4</N6>
    <N7>121.3</N7>
    <N8>107.8</N8>
    <N9>108.3</N9>
    <N10>98.5</N10>
    <S1>78.8</S1>
    <S2>78.8</S2>
    <S3>98.5</S3>
    <S4>118.2</S4>
    <S5>118.2</S5>
    <S6>98.5</S6>
    <S7>88.6</S7>
    <S8>108.3</S8>
    <E1>19.7</E1>
    <E2>-1.0</E2>
    <E3>29.2</E3>
    <E4>20.2</E4>
    <E5>29.5</E5>
    <E6>39.4</E6>
    <E7>49.2</E7>
    <E8>33.7</E8>
    <E9>40.4</E9>
    <E10>46.7</E10>
    <E11>101.9</E11>
    <M1>47.0</M1>
    <M2>56.4</M2>
    <M3>54.5</M3>
    <M4>84.7</M4>
    <M5>112.9</M5>
    <M6>112.9</M6>
    <M7>84.7</M7>
    <M8>59.1</M8>
    <M9>49.2</M9>
    <M10>39.4</M10>
    <M11>84.7</M11>
    <M12>68.9</M12>
    <M13>94.1</M13>
    <K1>70.0</K1>
    <K2>122.3</K2>
    <K3>62.2</K3>
    <K4>101.1</K4>
    <K5>77.8</K5>
    <A1>53.3</A1>
    <A2>54.1</A2>
    <A3>54.0</A3>
    <A4>83.9</A4>
    <A5>55.3</A5>
    <A6>43.6</A6>
    <A7>77.8</A7>
    <A8>50.8</A8>
    <A9>108.9</A9>
    <A10>132.2</A10>
    <A11>140.0</A11>
    <A12>101.9</A12>
    <A13>147.8</A13>
    <A14>116.7</A14>
    <Z1>147.8</Z1>
    <Z2>155.6</Z2>
    <Z3>60.5</Z3>
    <Z4>163.4</Z4>
    <Z5>132.2</Z5>
    <Z6>157.6</Z6>
    <Z7>157.6</Z7>
  </node-to-node>
  <node-to-node>
    <destination-node>E3</destination-node>
    <N1>19.7</N1>
    <N2>19.0</N2>
    <N3>88.6</N3>
    <N4>98.5</N4>
    <N5>128.0</N5>
    <N6>94.4</N6>
    <N7>114.6</N7>
    <N8>157.6</N8>
    <N9>108.3</N9>
    <N10>98.5</N10>
    <S1>78.8</S1>
    <S2>78.8</S2>
    <S3>98.5</S3>
    <S4>118.2</S4>
    <S5>118.2</S5>
    <S6>98.5</S6>
    <S7>88.6</S7>
    <S8>108.3</S8>
    <E1>18.8</E1>
    <E2>31.1</E2>
    <E3>-1.0</E3>
    <E4>19.7</E4>
    <E5>29.5</E5>
    <E6>37.6</E6>
    <E7>38.9</E7>
    <E8>27.0</E8>
    <E9>33.7</E9>
    <E10>46.7</E10>
    <E11>101.9</E11>
    <M1>47.0</M1>
    <M2>46.7</M2>
    <M3>54.5</M3>
    <M4>70.0</M4>
    <M5>112.9</M5>
    <M6>112.9</M6>
    <M7>84.7</M7>
    <M8>59.1</M8>
    <M9>49.2</M9>
    <M10>37.6</M10>
    <M11>84.7</M11>
    <M12>65.8</M12>
    <M13>94.1</M13>
    <K1>62.2</K1>
    <K2>94.1</K2>
    <K3>54.5</K3>
    <K4>85.6</K4>
    <K5>70.0</K5>
    <A1>52.1</A1>
    <A2>53.3</A2>
    <A3>83.9</A3>
    <A4>77.9</A4>
    <A5>55.0</A5>
    <A6>44.0</A6>
    <A7>70.0</A7>
    <A8>93.3</A8>
    <A9>93.3</A9>
    <A10>116.7</A10>
    <A11>124.5</A11>
    <A12>101.9</A12>
    <A13>132.2</A13>
    <A14>101.1</A14>
    <Z1>132.2</Z1>
    <Z2>140.0</Z2>
    <Z3>65.0</Z3>
    <Z4>147.8</Z4>
    <Z5>116.7</Z5>
    <Z6>147.7</Z6>
    <Z7>137.9</Z7>
  </node-to-node>
  <node-to-node>
    <destination-node>E4</destination-node>
    <N1>18.0</N1>
    <N2>20.0</N2>
    <N3>78.8</N3>
    <N4>17.5</N4>
    <N5>22.0</N5>
    <N6>27.0</N6>
    <N7>107.8</N7>
    <N8>147.7</N8>
    <N9>19.0</N9>
    <N10>88.6</N10>
    <S1>68.9</S1>
    <S2>68.9</S2>
    <S3>88.6</S3>
    <S4>108.3</S4>
    <S5>37.0</S5>
    <S6>88.6</S6>
    <S7>27.0</S7>
    <S8>98.5</S8>
    <E1>19.7</E1>
    <E2>18.0</E2>
    <E3>16.9</E3>
    <E4>-1.0</E4>
    <E5>2.0</E5>
    <E6>23.3</E6>
    <E7>31.1</E7>
    <E8>20.2</E8>
    <E9>27.0</E9>
    <E10>38.9</E10>
    <E11>95.9</E11>
    <M1>10.0</M1>
    <M2>15.0</M2>
    <M3>20.0</M3>
    <M4>29.5</M4>
    <M5>23.0</M5>
    <M6>25.0</M6>
    <M7>75.3</M7>
    <M8>47.0</M8>
    <M9>37.6</M9>
    <M10>28.2</M10>
    <M11>75.3</M11>
    <M12>56.4</M12>
    <M13>84.7</M13>
    <K1>22.4</K1>
    <K2>70.0</K2>
    <K3>26.5</K3>
    <K4>30.0</K4>
    <K5>62.2</K5>
    <A1>36.0</A1>
    <A2>48.1</A2>
    <A3>50.9</A3>
    <A4>23.0</A4>
    <A5>26.0</A5>
    <A6>42.0</A6>
    <A7>62.2</A7>
    <A8>38.0</A8>
    <A9>85.6</A9>
    <A10>108.9</A10>
    <A11>116.7</A11>
    <A12>34.0</A12>
    <A13>124.5</A13>
    <A14>93.3</A14>
    <Z1>44.0</Z1>
    <Z2>41.0</Z2>
    <Z3>45.0</Z3>
    <Z4>36.0</Z4>
    <Z5>32.0</Z5>
    <Z6>137.9</Z6>
    <Z7>128.0</Z7>
  </node-to-node>
  <node-to-node>
    <destination-node>E5</destination-node>
    <N1>27.2</N1>
    <N2>22.4</N2>
    <N3>78.8</N3>
    <N4>32.0</N4>
    <N5>74.1</N5>
    <N6>80.9</N6>
    <N7>109.6</N7>
    <N8>94.4</N8>
    <N9>88.6</N9>
    <N10>78.8</N10>
    <S1>59.1</S1>
    <S2>59.1</S2>
    <S3>78.8</S3>
    <S4>98.5</S4>
    <S5>98.5</S5>
    <S6>78.8</S6>
    <S7>68.9</S7>
    <S8>88.6</S8>
    <E1>16.9</E1>
    <E2>25.3</E2>
    <E3>25.3</E3>
    <E4>14.7</E4>
    <E5>-1.0</E5>
    <E6>15.6</E6>
    <E7>18.0</E7>
    <E8>29.2</E8>
    <E9>29.2</E9>
    <E10>24.0</E10>
    <E11>89.9</E11>
    <M1>23.3</M1>
    <M2>31.1</M2>
    <M3>38.9</M3>
    <M4>54.5</M4>
    <M5>94.1</M5>
    <M6>103.5</M6>
    <M7>56.4</M7>
    <M8>37.6</M8>
    <M9>28.2</M9>
    <M10>18.8</M10>
    <M11>65.8</M11>
    <M12>47.0</M12>
    <M13>75.3</M13>
    <K1>36.0</K1>
    <K2>62.2</K2>
    <K3>38.9</K3>
    <K4>70.0</K4>
    <K5>54.5</K5>
    <A1>44.0</A1>
    <A2>43.4</A2>
    <A3>41.4</A3>
    <A4>65.9</A4>
    <A5>77.8</A5>
    <A6>62.2</A6>
    <A7>54.5</A7>
    <A8>77.8</A8>
    <A9>77.8</A9>
    <A10>101.1</A10>
    <A11>108.9</A11>
    <A12>126.5</A12>
    <A13>116.7</A13>
    <A14>85.6</A14>
    <Z1>116.7</Z1>
    <Z2>124.5</Z2>
    <Z3>49.7</Z3>
    <Z4>132.2</Z4>
    <Z5>101.1</Z5>
    <Z6>128.0</Z6>
    <Z7>118.2</Z7>
  </node-to-node>
  <node-to-node>
    <destination-node>E6</destination-node>
    <N1>40.3</N1>
    <N2>26.0</N2>
    <N3>60.7</N3>
    <N4>30.9</N4>
    <N5>80.9</N5>
    <N6>87.6</N6>
    <N7>116.9</N7>
    <N8>101.1</N8>
    <N9>31.0</N9>
    <N10>88.6</N10>
    <S1>68.9</S1>
    <S2>68.9</S2>
    <S3>88.6</S3>
    <S4>108.3</S4>
    <S5>108.3</S5>
    <S6>88.6</S6>
    <S7>78.8</S7>
    <S8>98.5</S8>
    <E1>25.3</E1>
    <E2>33.7</E2>
    <E3>29.4</E3>
    <E4>21.9</E4>
    <E5>14.6</E5>
    <E6>-1.0</E6>
    <E7>16.9</E7>
    <E8>36.5</E8>
    <E9>36.5</E9>
    <E10>18.0</E10>
    <E11>118.1</E11>
    <M1>15.6</M1>
    <M2>23.3</M2>
    <M3>31.1</M3>
    <M4>46.7</M4>
    <M5>70.0</M5>
    <M6>77.8</M6>
    <M7>46.7</M7>
    <M8>39.4</M8>
    <M9>29.5</M9>
    <M10>19.7</M10>
    <M11>65.8</M11>
    <M12>47.0</M12>
    <M13>75.3</M13>
    <K1>30.0</K1>
    <K2>54.5</K2>
    <K3>31.1</K3>
    <K4>62.2</K4>
    <K5>46.7</K5>
    <A1>42.1</A1>
    <A2>41.3</A2>
    <A3>46.5</A3>
    <A4>59.9</A4>
    <A5>39.4</A5>
    <A6>32.3</A6>
    <A7>46.7</A7>
    <A8>70.0</A8>
    <A9>70.0</A9>
    <A10>93.3</A10>
    <A11>101.1</A11>
    <A12>118.1</A12>
    <A13>108.9</A13>
    <A14>77.8</A14>
    <Z1>108.9</Z1>
    <Z2>116.7</Z2>
    <Z3>38.0</Z3>
    <Z4>124.5</Z4>
    <Z5>93.3</Z5>
    <Z6>128.0</Z6>
    <Z7>108.3</Z7>
  </node-to-node>
  <node-to-node>
    <destination-node>E7</destination-node>
    <N1>60.7</N1>
    <N2>60.7</N2>
    <N3>67.4</N3>
    <N4>74.1</N4>
    <N5>87.6</N5>
    <N6>94.4</N6>
    <N7>124.3</N7>
    <N8>107.8</N8>
    <N9>108.3</N9>
    <N10>98.5</N10>
    <S1>78.8</S1>
    <S2>78.8</S2>
    <S3>98.5</S3>
    <S4>118.2</S4>
    <S5>118.2</S5>
    <S6>98.5</S6>
    <S7>88.6</S7>
    <S8>108.3</S8>
    <E1>29.2</E1>
    <E2>42.2</E2>
    <E3>36.5</E3>
    <E4>29.2</E4>
    <E5>20.2</E5>
    <E6>19.7</E6>
    <E7>-1.0</E7>
    <E8>43.9</E8>
    <E9>43.9</E9>
    <E10>15.6</E10>
    <E11>89.9</E11>
    <M1>28.2</M1>
    <M2>37.6</M2>
    <M3>47.0</M3>
    <M4>65.8</M4>
    <M5>94.1</M5>
    <M6>103.5</M6>
    <M7>56.4</M7>
    <M8>39.4</M8>
    <M9>29.5</M9>
    <M10>19.7</M10>
    <M11>65.8</M11>
    <M12>49.2</M12>
    <M13>75.3</M13>
    <K1>46.7</K1>
    <K2>62.2</K2>
    <K3>38.9</K3>
    <K4>70.0</K4>
    <K5>54.5</K5>
    <A1>45.3</A1>
    <A2>45.3</A2>
    <A3>49.0</A3>
    <A4>65.9</A4>
    <A5>45.0</A5>
    <A6>36.0</A6>
    <A7>54.5</A7>
    <A8>77.8</A8>
    <A9>77.8</A9>
    <A10>101.1</A10>
    <A11>108.9</A11>
    <A12>126.5</A12>
    <A13>116.7</A13>
    <A14>85.6</A14>
    <Z1>116.7</Z1>
    <Z2>124.5</Z2>
    <Z3>116.7</Z3>
    <Z4>132.2</Z4>
    <Z5>101.1</Z5>
    <Z6>128.0</Z6>
    <Z7>118.2</Z7>
  </node-to-node>
  <node-to-node>
    <destination-node>E8</destination-node>
    <N1>59.1</N1>
    <N2>59.1</N2>
    <N3>78.8</N3>
    <N4>88.6</N4>
    <N5>118.2</N5>
    <N6>128.0</N6>
    <N7>107.8</N7>
    <N8>147.7</N8>
    <N9>98.5</N9>
    <N10>88.6</N10>
    <S1>68.9</S1>
    <S2>65.8</S2>
    <S3>84.7</S3>
    <S4>103.5</S4>
    <S5>103.5</S5>
    <S6>88.6</S6>
    <S7>78.8</S7>
    <S8>94.1</S8>
    <E1>31.1</E1>
    <E2>30.0</E2>
    <E3>24.0</E3>
    <E4>18.0</E4>
    <E5>31.1</E5>
    <E6>38.9</E6>
    <E7>46.7</E7>
    <E8>-1.0</E8>
    <E9>19.7</E9>
    <E10>54.5</E10>
    <E11>147.8</E11>
    <M1>46.7</M1>
    <M2>54.5</M2>
    <M3>62.2</M3>
    <M4>77.8</M4>
    <M5>122.3</M5>
    <M6>131.7</M6>
    <M7>84.7</M7>
    <M8>56.4</M8>
    <M9>47.0</M9>
    <M10>47.0</M10>
    <M11>70.0</M11>
    <M12>62.2</M12>
    <M13>77.8</M13>
    <K1>70.0</K1>
    <K2>85.6</K2>
    <K3>62.2</K3>
    <K4>93.3</K4>
    <K5>77.8</K5>
    <A1>101.9</A1>
    <A2>95.9</A2>
    <A3>95.9</A3>
    <A4>89.9</A4>
    <A5>108.9</A5>
    <A6>93.3</A6>
    <A7>85.6</A7>
    <A8>101.1</A8>
    <A9>101.1</A9>
    <A10>124.5</A10>
    <A11>140.0</A11>
    <A12>147.8</A12>
    <A13>147.8</A13>
    <A14>116.7</A14>
    <Z1>140.0</Z1>
    <Z2>155.6</Z2>
    <Z3>147.8</Z3>
    <Z4>163.4</Z4>
    <Z5>132.2</Z5>
    <Z6>137.9</Z6>
    <Z7>157.6</Z7>
  </node-to-node>
  <node-to-node>
    <destination-node>E9</destination-node>
    <N1>49.2</N1>
    <N2>49.2</N2>
    <N3>68.9</N3>
    <N4>78.8</N4>
    <N5>108.3</N5>
    <N6>118.2</N6>
    <N7>107.8</N7>
    <N8>137.9</N8>
    <N9>88.6</N9>
    <N10>78.8</N10>
    <S1>59.1</S1>
    <S2>56.4</S2>
    <S3>75.3</S3>
    <S4>94.1</S4>
    <S5>94.1</S5>
    <S6>78.8</S6>
    <S7>68.9</S7>
    <S8>84.7</S8>
    <E1>38.9</E1>
    <E2>36.0</E2>
    <E3>30.0</E3>
    <E4>24.0</E4>
    <E5>31.1</E5>
    <E6>38.9</E6>
    <E7>46.7</E7>
    <E8>16.9</E8>
    <E9>-1.0</E9>
    <E10>54.5</E10>
    <E11>107.9</E11>
    <M1>46.7</M1>
    <M2>54.5</M2>
    <M3>62.2</M3>
    <M4>77.8</M4>
    <M5>101.1</M5>
    <M6>85.6</M6>
    <M7>70.0</M7>
    <M8>56.4</M8>
    <M9>47.0</M9>
    <M10>38.9</M10>
    <M11>70.0</M11>
    <M12>62.2</M12>
    <M13>77.8</M13>
    <K1>70.0</K1>
    <K2>85.6</K2>
    <K3>62.2</K3>
    <K4>93.3</K4>
    <K5>77.8</K5>
    <A1>101.9</A1>
    <A2>95.9</A2>
    <A3>95.9</A3>
    <A4>89.9</A4>
    <A5>108.9</A5>
    <A6>93.3</A6>
    <A7>85.6</A7>
    <A8>101.1</A8>
    <A9>101.1</A9>
    <A10>124.5</A10>
    <A11>140.0</A11>
    <A12>147.8</A12>
    <A13>147.8</A13>
    <A14>116.7</A14>
    <Z1>140.0</Z1>
    <Z2>155.6</Z2>
    <Z3>147.8</Z3>
    <Z4>163.4</Z4>
    <Z5>132.2</Z5>
    <Z6>137.9</Z6>
    <Z7>157.6</Z7>
  </node-to-node>
  <node-to-node>
    <destination-node>E10</destination-node>
    <N1>67.4</N1>
    <N2>67.4</N2>
    <N3>74.1</N3>
    <N4>80.9</N4>
    <N5>94.4</N5>
    <N6>101.1</N6>
    <N7>131.6</N7>
    <N8>114.6</N8>
    <N9>80.9</N9>
    <N10>108.3</N10>
    <S1>88.6</S1>
    <S2>88.6</S2>
    <S3>108.3</S3>
    <S4>128.0</S4>
    <S5>128.0</S5>
    <S6>108.3</S6>
    <S7>98.5</S7>
    <S8>108.3</S8>
    <E1>36.5</E1>
    <E2>43.9</E2>
    <E3>43.9</E3>
    <E4>36.5</E4>
    <E5>27.0</E5>
    <E6>20.2</E6>
    <E7>14.6</E7>
    <E8>51.2</E8>
    <E9>51.2</E9>
    <E10>-1.0</E10>
    <E11>109.6</E11>
    <M1>19.7</M1>
    <M2>18.8</M2>
    <M3>23.3</M3>
    <M4>47.0</M4>
    <M5>65.8</M5>
    <M6>75.3</M6>
    <M7>78.8</M7>
    <M8>59.1</M8>
    <M9>49.2</M9>
    <M10>37.6</M10>
    <M11>88.6</M11>
    <M12>68.9</M12>
    <M13>98.5</M13>
    <K1>31.1</K1>
    <K2>56.4</K2>
    <K3>15.6</K3>
    <K4>65.8</K4>
    <K5>38.9</K5>
    <A1>49.0</A1>
    <A2>52.3</A2>
    <A3>55.0</A3>
    <A4>70.0</A4>
    <A5>50.0</A5>
    <A6>39.7</A6>
    <A7>38.9</A7>
    <A8>62.2</A8>
    <A9>62.2</A9>
    <A10>85.6</A10>
    <A11>93.3</A11>
    <A12>109.6</A12>
    <A13>101.1</A13>
    <A14>70.0</A14>
    <Z1>101.1</Z1>
    <Z2>108.9</Z2>
    <Z3>101.1</Z3>
    <Z4>116.7</Z4>
    <Z5>85.6</Z5>
    <Z6>157.6</Z6>
    <Z7>98.5</Z7>
  </node-to-node>
  <node-to-node>
    <destination-node>E11</destination-node>
    <N1>147.7</N1>
    <N2>128.0</N2>
    <N3>137.9</N3>
    <N4>147.7</N4>
    <N5>88.6</N5>
    <N6>22.0</N6>
    <N7>33.7</N7>
    <N8>59.1</N8>
    <N9>98.5</N9>
    <N10>108.3</N10>
    <S1>128.0</S1>
    <S2>147.7</S2>
    <S3>167.4</S3>
    <S4>197.0</S4>
    <S5>147.7</S5>
    <S6>128.0</S6>
    <S7>137.9</S7>
    <S8>167.4</S8>
    <E1>94.4</E1>
    <E2>114.6</E2>
    <E3>114.6</E3>
    <E4>107.8</E4>
    <E5>101.1</E5>
    <E6>137.9</E6>
    <E7>101.1</E7>
    <E8>138.9</E8>
    <E9>121.3</E9>
    <E10>128.0</E10>
    <E11>-1.0</E11>
    <M1>128.0</M1>
    <M2>118.2</M2>
    <M3>108.3</M3>
    <M4>118.2</M4>
    <M5>118.2</M5>
    <M6>128.0</M6>
    <M7>157.6</M7>
    <M8>177.3</M8>
    <M9>157.6</M9>
    <M10>147.7</M10>
    <M11>147.7</M11>
    <M12>167.4</M12>
    <M13>137.9</M13>
    <K1>108.3</K1>
    <K2>108.3</K2>
    <K3>118.2</K3>
    <K4>108.3</K4>
    <K5>108.3</K5>
    <A1>9.0</A1>
    <A2>9.3</A2>
    <A3>32.0</A3>
    <A4>49.2</A4>
    <A5>30.0</A5>
    <A6>40.0</A6>
    <A7>98.5</A7>
    <A8>25.6</A8>
    <A9>68.9</A9>
    <A10>56.4</A10>
    <A11>65.8</A11>
    <A12>19.7</A12>
    <A13>62.2</A13>
    <A14>49.2</A14>
    <Z1>75.3</Z1>
    <Z2>84.7</Z2>
    <Z3>30.0</Z3>
    <Z4>94.1</Z4>
    <Z5>84.7</Z5>
    <Z6>85.6</Z6>
    <Z7>68.9</Z7>
  </node-to-node>
  <node-to-node>
    <destination-node>M1</destination-node>
    <N1>33.2</N1>
    <N2>28.5</N2>
    <N3>74.1</N3>
    <N4>31.8</N4>
    <N5>87.6</N5>
    <N6>94.4</N6>
    <N7>124.3</N7>
    <N8>107.8</N8>
    <N9>74.1</N9>
    <N10>67.4</N10>
    <S1>53.9</S1>
    <S2>78.8</S2>
    <S3>55.0</S3>
    <S4>55.0</S4>
    <S5>118.2</S5>
    <S6>67.4</S6>
    <S7>60.7</S7>
    <S8>108.3</S8>
    <E1>16.0</E1>
    <E2>36.7</E2>
    <E3>36.7</E3>
    <E4>15.7</E4>
    <E5>21.9</E5>
    <E6>14.6</E6>
    <E7>22.0</E7>
    <E8>43.9</E8>
    <E9>43.9</E9>
    <E10>16.9</E10>
    <E11>109.6</E11>
    <M1>-1.0</M1>
    <M2>15.6</M2>
    <M3>23.3</M3>
    <M4>56.4</M4>
    <M5>75.3</M5>
    <M6>84.7</M6>
    <M7>65.8</M7>
    <M8>49.2</M8>
    <M9>27.0</M9>
    <M10>20.2</M10>
    <M11>75.3</M11>
    <M12>59.1</M12>
    <M13>53.9</M13>
    <K1>24.0</K1>
    <K2>54.5</K2>
    <K3>18.0</K3>
    <K4>54.5</K4>
    <K5>30.0</K5>
    <A1>39.6</A1>
    <A2>39.6</A2>
    <A3>40.9</A3>
    <A4>53.9</A4>
    <A5>41.2</A5>
    <A6>29.4</A6>
    <A7>38.9</A7>
    <A8>62.2</A8>
    <A9>62.2</A9>
    <A10>85.6</A10>
    <A11>93.3</A11>
    <A12>109.6</A12>
    <A13>101.1</A13>
    <A14>70.0</A14>
    <Z1>101.1</Z1>
    <Z2>108.9</Z2>
    <Z3>101.1</Z3>
    <Z4>116.7</Z4>
    <Z5>85.6</Z5>
    <Z6>108.9</Z6>
    <Z7>77.8</Z7>
  </node-to-node>
  <node-to-node>
    <destination-node>M2</destination-node>
    <N1>25.4</N1>
    <N2>24.5</N2>
    <N3>80.9</N3>
    <N4>27.9</N4>
    <N5>94.4</N5>
    <N6>101.1</N6>
    <N7>116.9</N7>
    <N8>114.6</N8>
    <N9>80.9</N9>
    <N10>74.1</N10>
    <S1>60.7</S1>
    <S2>88.6</S2>
    <S3>50.0</S3>
    <S4>50.0</S4>
    <S5>128.0</S5>
    <S6>74.1</S6>
    <S7>67.4</S7>
    <S8>118.2</S8>
    <E1>23.3</E1>
    <E2>44.1</E2>
    <E3>43.9</E3>
    <E4>23.7</E4>
    <E5>29.2</E5>
    <E6>21.9</E6>
    <E7>29.4</E7>
    <E8>51.2</E8>
    <E9>51.2</E9>
    <E10>14.7</E10>
    <E11>101.2</E11>
    <M1>14.6</M1>
    <M2>-1.0</M2>
    <M3>15.6</M3>
    <M4>31.1</M4>
    <M5>46.7</M5>
    <M6>54.5</M6>
    <M7>47.2</M7>
    <M8>33.7</M8>
    <M9>27.0</M9>
    <M10>27.0</M10>
    <M11>88.6</M11>
    <M12>68.9</M12>
    <M13>98.5</M13>
    <K1>-11.0</K1>
    <K2>47.0</K2>
    <K3>16.9</K3>
    <K4>46.7</K4>
    <K5>24.0</K5>
    <A1>30.8</A1>
    <A2>31.6</A2>
    <A3>34.6</A3>
    <A4>47.9</A4>
    <A5>27.0</A5>
    <A6>17.3</A6>
    <A7>24.0</A7>
    <A8>25.8</A8>
    <A9>41.9</A9>
    <A10>77.8</A10>
    <A11>85.6</A11>
    <A12>101.2</A12>
    <A13>93.3</A13>
    <A14>47.9</A14>
    <Z1>93.3</Z1>
    <Z2>101.1</Z2>
    <Z3>34.2</Z3>
    <Z4>108.9</Z4>
    <Z5>77.8</Z5>
    <Z6>116.7</Z6>
    <Z7>70.0</Z7>
  </node-to-node>
  <node-to-node>
    <destination-node>M3</destination-node>
    <N1>24.0</N1>
    <N2>24.0</N2>
    <N3>87.6</N3>
    <N4>24.0</N4>
    <N5>101.1</N5>
    <N6>107.8</N6>
    <N7>109.6</N7>
    <N8>94.4</N8>
    <N9>87.6</N9>
    <N10>80.9</N10>
    <S1>67.4</S1>
    <S2>98.5</S2>
    <S3>60.0</S3>
    <S4>60.0</S4>
    <S5>137.9</S5>
    <S6>80.9</S6>
    <S7>74.1</S7>
    <S8>128.0</S8>
    <E1>30.5</E1>
    <E2>51.2</E2>
    <E3>51.2</E3>
    <E4>29.5</E4>
    <E5>36.5</E5>
    <E6>29.2</E6>
    <E7>36.7</E7>
    <E8>58.5</E8>
    <E9>58.5</E9>
    <E10>21.9</E10>
    <E11>92.8</E11>
    <M1>21.9</M1>
    <M2>14.6</M2>
    <M3>-1.0</M3>
    <M4>28.2</M4>
    <M5>47.0</M5>
    <M6>56.4</M6>
    <M7>88.6</M7>
    <M8>47.2</M8>
    <M9>40.4</M9>
    <M10>27.0</M10>
    <M11>78.8</M11>
    <M12>98.5</M12>
    <M13>68.9</M13>
    <K1>16.9</K1>
    <K2>37.6</K2>
    <K3>14.7</K3>
    <K4>47.0</K4>
    <K5>25.3</K5>
    <A1>28.1</A1>
    <A2>29.2</A2>
    <A3>41.7</A3>
    <A4>41.9</A4>
    <A5>30.0</A5>
    <A6>20.0</A6>
    <A7>18.0</A7>
    <A8>46.7</A8>
    <A9>36.0</A9>
    <A10>70.0</A10>
    <A11>77.8</A11>
    <A12>92.8</A12>
    <A13>85.6</A13>
    <A14>41.9</A14>
    <Z1>85.6</Z1>
    <Z2>93.3</Z2>
    <Z3>85.6</Z3>
    <Z4>101.1</Z4>
    <Z5>70.0</Z5>
    <Z6>124.5</Z6>
    <Z7>62.2</Z7>
  </node-to-node>
  <node-to-node>
    <destination-node>M4</destination-node>
    <N1>54.7</N1>
    <N2>54.0</N2>
    <N3>116.9</N3>
    <N4>60.0</N4>
    <N5>131.6</N5>
    <N6>138.9</N6>
    <N7>109.6</N7>
    <N8>109.6</N8>
    <N9>116.9</N9>
    <N10>109.6</N10>
    <S1>87.6</S1>
    <S2>67.4</S2>
    <S3>108.3</S3>
    <S4>118.2</S4>
    <S5>147.7</S5>
    <S6>101.1</S6>
    <S7>94.4</S7>
    <S8>108.3</S8>
    <E1>33.0</E1>
    <E2>66.1</E2>
    <E3>65.8</E3>
    <E4>34.5</E4>
    <E5>51.2</E5>
    <E6>43.9</E6>
    <E7>51.4</E7>
    <E8>73.1</E8>
    <E9>73.1</E9>
    <E10>36.7</E10>
    <E11>101.2</E11>
    <M1>44.1</M1>
    <M2>29.2</M2>
    <M3>22.0</M3>
    <M4>-1.0</M4>
    <M5>37.6</M5>
    <M6>47.0</M6>
    <M7>53.9</M7>
    <M8>67.4</M8>
    <M9>73.1</M9>
    <M10>65.8</M10>
    <M11>68.9</M11>
    <M12>60.7</M12>
    <M13>59.1</M13>
    <K1>42.2</K1>
    <K2>28.2</K2>
    <K3>42.2</K3>
    <K4>31.1</K4>
    <K5>42.2</K5>
    <A1>32.5</A1>
    <A2>30.3</A2>
    <A3>27.3</A3>
    <A4>67.5</A4>
    <A5>32.7</A5>
    <A6>20.0</A6>
    <A7>42.2</A7>
    <A8>59.0</A8>
    <A9>67.5</A9>
    <A10>59.9</A10>
    <A11>65.9</A11>
    <A12>101.2</A12>
    <A13>93.3</A13>
    <A14>67.5</A14>
    <Z1>93.3</Z1>
    <Z2>101.1</Z2>
    <Z3>93.3</Z3>
    <Z4>108.9</Z4>
    <Z5>77.8</Z5>
    <Z6>132.2</Z6>
    <Z7>70.0</Z7>
  </node-to-node>
  <node-to-node>
    <destination-node>M5</destination-node>
    <N1>38.3</N1>
    <N2>38.6</N2>
    <N3>51.3</N3>
    <N4>45.0</N4>
    <N5>109.6</N5>
    <N6>116.9</N6>
    <N7>116.9</N7>
    <N8>109.6</N8>
    <N9>102.3</N9>
    <N10>95.0</N10>
    <S1>80.4</S1>
    <S2>51.2</S2>
    <S3>64.0</S3>
    <S4>60.7</S4>
    <S5>80.9</S5>
    <S6>95.0</S6>
    <S7>87.7</S7>
    <S8>53.9</S8>
    <E1>24.1</E1>
    <E2>88.1</E2>
    <E3>88.1</E3>
    <E4>27.3</E4>
    <E5>73.4</E5>
    <E6>65.8</E6>
    <E7>73.4</E7>
    <E8>95.4</E8>
    <E9>95.0</E9>
    <E10>51.4</E10>
    <E11>101.2</E11>
    <M1>58.7</M1>
    <M2>43.9</M2>
    <M3>36.7</M3>
    <M4>29.4</M4>
    <M5>-1.0</M5>
    <M6>19.7</M6>
    <M7>11.0</M7>
    <M8>51.2</M8>
    <M9>58.7</M9>
    <M10>66.1</M10>
    <M11>6.0</M11>
    <M12>5.0</M12>
    <M13>20.2</M13>
    <K1>50.6</K1>
    <K2>16.9</K2>
    <K3>44.1</K3>
    <K4>18.0</K4>
    <K5>59.0</K5>
    <A1>28.6</A1>
    <A2>28.4</A2>
    <A3>30.6</A3>
    <A4>67.5</A4>
    <A5>28.9</A5>
    <A6>15.5</A6>
    <A7>42.2</A7>
    <A8>25.6</A8>
    <A9>67.5</A9>
    <A10>84.3</A10>
    <A11>65.9</A11>
    <A12>101.2</A12>
    <A13>71.9</A13>
    <A14>67.5</A14>
    <Z1>71.9</Z1>
    <Z2>77.9</Z2>
    <Z3>42.0</Z3>
    <Z4>83.9</Z4>
    <Z5>59.9</Z5>
    <Z6>113.9</Z6>
    <Z7>75.9</Z7>
  </node-to-node>
  <node-to-node>
    <destination-node>M6</destination-node>
    <N1>27.0</N1>
    <N2>24.0</N2>
    <N3>40.0</N3>
    <N4>27.5</N4>
    <N5>102.3</N5>
    <N6>109.6</N6>
    <N7>124.3</N7>
    <N8>116.9</N8>
    <N9>95.0</N9>
    <N10>87.7</N10>
    <S1>73.1</S1>
    <S2>43.9</S2>
    <S3>47.2</S3>
    <S4>53.9</S4>
    <S5>74.1</S5>
    <S6>87.7</S6>
    <S7>80.4</S7>
    <S8>47.2</S8>
    <E1>23.0</E1>
    <E2>88.1</E2>
    <E3>88.1</E3>
    <E4>25.5</E4>
    <E5>80.8</E5>
    <E6>73.1</E6>
    <E7>80.8</E7>
    <E8>102.8</E8>
    <E9>80.4</E9>
    <E10>58.7</E10>
    <E11>109.6</E11>
    <M1>66.1</M1>
    <M2>51.2</M2>
    <M3>44.1</M3>
    <M4>36.7</M4>
    <M5>16.9</M5>
    <M6>-1.0</M6>
    <M7>29.4</M7>
    <M8>44.1</M8>
    <M9>51.4</M9>
    <M10>58.7</M10>
    <M11>21.9</M11>
    <M12>36.5</M12>
    <M13>14.6</M13>
    <K1>59.0</K1>
    <K2>25.3</K2>
    <K3>59.0</K3>
    <K4>24.0</K4>
    <K5>67.5</K5>
    <A1>101.2</A1>
    <A2>92.8</A2>
    <A3>84.3</A3>
    <A4>75.9</A4>
    <A5>67.5</A5>
    <A6>59.0</A6>
    <A7>50.6</A7>
    <A8>67.5</A8>
    <A9>75.9</A9>
    <A10>92.8</A10>
    <A11>101.2</A11>
    <A12>109.6</A12>
    <A13>77.9</A13>
    <A14>75.9</A14>
    <Z1>77.9</Z1>
    <Z2>83.9</Z2>
    <Z3>77.9</Z3>
    <Z4>89.9</Z4>
    <Z5>65.9</Z5>
    <Z6>134.9</Z6>
    <Z7>84.3</Z7>
  </node-to-node>
  <node-to-node>
    <destination-node>M7</destination-node>
    <N1>26.7</N1>
    <N2>30.1</N2>
    <N3>65.8</N3>
    <N4>15.0</N4>
    <N5>87.7</N5>
    <N6>95.0</N6>
    <N7>116.9</N7>
    <N8>109.6</N8>
    <N9>73.1</N9>
    <N10>60.7</N10>
    <S1>47.2</S1>
    <S2>33.7</S2>
    <S3>59.1</S3>
    <S4>68.9</S4>
    <S5>108.3</S5>
    <S6>60.7</S6>
    <S7>53.9</S7>
    <S8>59.1</S8>
    <E1>51.4</E1>
    <E2>66.1</E2>
    <E3>66.1</E3>
    <E4>58.7</E4>
    <E5>44.1</E5>
    <E6>43.9</E6>
    <E7>44.1</E7>
    <E8>66.1</E8>
    <E9>65.8</E9>
    <E10>67.5</E10>
    <E11>134.9</E11>
    <M1>51.4</M1>
    <M2>41.9</M2>
    <M3>75.9</M3>
    <M4>47.9</M4>
    <M5>38.9</M5>
    <M6>37.6</M6>
    <M7>-1.0</M7>
    <M8>21.9</M8>
    <M9>29.2</M9>
    <M10>36.7</M10>
    <M11>18.8</M11>
    <M12>14.6</M12>
    <M13>28.2</M13>
    <K1>84.3</K1>
    <K2>46.7</K2>
    <K3>92.8</K3>
    <K4>54.5</K4>
    <K5>92.8</K5>
    <A1>42.7</A1>
    <A2>42.4</A2>
    <A3>44.4</A3>
    <A4>101.2</A4>
    <A5>34.6</A5>
    <A6>29.2</A6>
    <A7>75.9</A7>
    <A8>92.8</A8>
    <A9>101.2</A9>
    <A10>83.9</A10>
    <A11>89.9</A11>
    <A12>134.9</A12>
    <A13>124.5</A13>
    <A14>101.2</A14>
    <Z1>132.2</Z1>
    <Z2>140.0</Z2>
    <Z3>132.2</Z3>
    <Z4>147.8</Z4>
    <Z5>116.7</Z5>
    <Z6>108.9</Z6>
    <Z7>101.1</Z7>
  </node-to-node>
  <node-to-node>
    <destination-node>M8</destination-node>
    <N1>21.8</N1>
    <N2>24.8</N2>
    <N3>51.2</N3>
    <N4>58.5</N4>
    <N5>73.1</N5>
    <N6>80.4</N6>
    <N7>102.3</N7>
    <N8>87.6</N8>
    <N9>53.9</N9>
    <N10>47.2</N10>
    <S1>33.7</S1>
    <S2>29.5</S2>
    <S3>49.2</S3>
    <S4>68.9</S4>
    <S5>88.6</S5>
    <S6>47.2</S6>
    <S7>40.4</S7>
    <S8>59.1</S8>
    <E1>42.2</E1>
    <E2>50.6</E2>
    <E3>50.6</E3>
    <E4>36.7</E4>
    <E5>29.4</E5>
    <E6>33.7</E6>
    <E7>33.7</E7>
    <E8>44.1</E8>
    <E9>44.1</E9>
    <E10>50.6</E10>
    <E11>151.8</E11>
    <M1>42.2</M1>
    <M2>30.0</M2>
    <M3>41.9</M3>
    <M4>59.9</M4>
    <M5>54.5</M5>
    <M6>56.4</M6>
    <M7>23.3</M7>
    <M8>-1.0</M8>
    <M9>14.7</M9>
    <M10>22.0</M10>
    <M11>31.1</M11>
    <M12>15.6</M12>
    <M13>38.9</M13>
    <K1>47.9</K1>
    <K2>62.2</K2>
    <K3>59.0</K3>
    <K4>70.0</K4>
    <K5>75.9</K5>
    <A1>55.4</A1>
    <A2>55.4</A2>
    <A3>54.0</A3>
    <A4>83.9</A4>
    <A5>14.1</A5>
    <A6>37.7</A6>
    <A7>71.9</A7>
    <A8>77.9</A8>
    <A9>77.9</A9>
    <A10>116.7</A10>
    <A11>124.5</A11>
    <A12>143.4</A12>
    <A13>132.2</A13>
    <A14>83.9</A14>
    <Z1>132.2</Z1>
    <Z2>140.0</Z2>
    <Z3>68.3</Z3>
    <Z4>147.8</Z4>
    <Z5>116.7</Z5>
    <Z6>93.3</Z6>
    <Z7>116.7</Z7>
  </node-to-node>
  <node-to-node>
    <destination-node>M9</destination-node>
    <N1>43.9</N1>
    <N2>40.4</N2>
    <N3>47.2</N3>
    <N4>53.9</N4>
    <N5>67.4</N5>
    <N6>80.4</N6>
    <N7>102.3</N7>
    <N8>94.4</N8>
    <N9>53.9</N9>
    <N10>47.2</N10>
    <S1>40.4</S1>
    <S2>39.4</S2>
    <S3>59.1</S3>
    <S4>78.8</S4>
    <S5>98.5</S5>
    <S6>78.8</S6>
    <S7>68.9</S7>
    <S8>68.9</S8>
    <E1>33.7</E1>
    <E2>42.2</E2>
    <E3>42.2</E3>
    <E4>29.4</E4>
    <E5>22.0</E5>
    <E6>25.3</E6>
    <E7>25.3</E7>
    <E8>36.7</E8>
    <E9>36.7</E9>
    <E10>42.2</E10>
    <E11>134.9</E11>
    <M1>24.0</M1>
    <M2>24.0</M2>
    <M3>36.0</M3>
    <M4>77.8</M4>
    <M5>75.3</M5>
    <M6>65.8</M6>
    <M7>31.1</M7>
    <M8>18.8</M8>
    <M9>-1.0</M9>
    <M10>16.9</M10>
    <M11>38.9</M11>
    <M12>23.3</M12>
    <M13>46.7</M13>
    <K1>41.9</K1>
    <K2>70.0</K2>
    <K3>36.0</K3>
    <K4>77.8</K4>
    <K5>47.9</K5>
    <A1>60.0</A1>
    <A2>60.0</A2>
    <A3>77.9</A3>
    <A4>71.9</A4>
    <A5>65.9</A5>
    <A6>59.9</A6>
    <A7>47.9</A7>
    <A8>65.9</A8>
    <A9>65.9</A9>
    <A10>108.9</A10>
    <A11>116.7</A11>
    <A12>126.5</A12>
    <A13>124.5</A13>
    <A14>71.9</A14>
    <Z1>124.5</Z1>
    <Z2>132.2</Z2>
    <Z3>124.5</Z3>
    <Z4>140.0</Z4>
    <Z5>108.9</Z5>
    <Z6>93.3</Z6>
    <Z7>101.1</Z7>
  </node-to-node>
  <node-to-node>
    <destination-node>M10</destination-node>
    <N1>28.0</N1>
    <N2>24.0</N2>
    <N3>53.9</N3>
    <N4>24.0</N4>
    <N5>74.1</N5>
    <N6>87.7</N6>
    <N7>109.6</N7>
    <N8>101.1</N8>
    <N9>88.6</N9>
    <N10>78.8</N10>
    <S1>68.9</S1>
    <S2>49.2</S2>
    <S3>68.9</S3>
    <S4>88.6</S4>
    <S5>108.3</S5>
    <S6>88.6</S6>
    <S7>78.8</S7>
    <S8>78.8</S8>
    <E1>17.0</E1>
    <E2>33.7</E2>
    <E3>29.4</E3>
    <E4>15.0</E4>
    <E5>14.7</E5>
    <E6>16.9</E6>
    <E7>16.9</E7>
    <E8>36.7</E8>
    <E9>36.5</E9>
    <E10>29.4</E10>
    <E11>126.5</E11>
    <M1>18.0</M1>
    <M2>24.0</M2>
    <M3>24.0</M3>
    <M4>70.0</M4>
    <M5>84.7</M5>
    <M6>75.3</M6>
    <M7>47.0</M7>
    <M8>28.2</M8>
    <M9>19.7</M9>
    <M10>-1.0</M10>
    <M11>56.4</M11>
    <M12>37.6</M12>
    <M13>65.8</M13>
    <K1>36.0</K1>
    <K2>62.2</K2>
    <K3>30.0</K3>
    <K4>70.0</K4>
    <K5>41.9</K5>
    <A1>47.6</A1>
    <A2>50.6</A2>
    <A3>51.7</A3>
    <A4>65.9</A4>
    <A5>47.4</A5>
    <A6>38.1</A6>
    <A7>41.9</A7>
    <A8>35.9</A8>
    <A9>70.0</A9>
    <A10>101.1</A10>
    <A11>108.9</A11>
    <A12>118.1</A12>
    <A13>116.7</A13>
    <A14>85.6</A14>
    <Z1>116.7</Z1>
    <Z2>124.5</Z2>
    <Z3>47.3</Z3>
    <Z4>132.2</Z4>
    <Z5>101.1</Z5>
    <Z6>101.1</Z6>
    <Z7>93.3</Z7>
  </node-to-node>
  <node-to-node>
    <destination-node>M11</destination-node>
    <N1>35.0</N1>
    <N2>38.0</N2>
    <N3>65.8</N3>
    <N4>73.1</N4>
    <N5>87.7</N5>
    <N6>95.0</N6>
    <N7>124.3</N7>
    <N8>116.9</N8>
    <N9>73.1</N9>
    <N10>65.8</N10>
    <S1>51.2</S1>
    <S2>36.5</S2>
    <S3>40.4</S3>
    <S4>68.9</S4>
    <S5>108.3</S5>
    <S6>60.7</S6>
    <S7>58.5</S7>
    <S8>59.1</S8>
    <E1>58.7</E1>
    <E2>66.1</E2>
    <E3>66.1</E3>
    <E4>58.7</E4>
    <E5>51.4</E5>
    <E6>51.4</E6>
    <E7>51.4</E7>
    <E8>65.8</E8>
    <E9>65.8</E9>
    <E10>75.9</E10>
    <E11>126.5</E11>
    <M1>58.7</M1>
    <M2>75.9</M2>
    <M3>67.5</M3>
    <M4>59.0</M4>
    <M5>31.1</M5>
    <M6>23.3</M6>
    <M7>14.7</M7>
    <M8>29.2</M8>
    <M9>36.5</M9>
    <M10>44.1</M10>
    <M11>-1.0</M11>
    <M12>21.9</M12>
    <M13>18.8</M13>
    <K1>75.9</K1>
    <K2>30.0</K2>
    <K3>84.3</K3>
    <K4>46.7</K4>
    <K5>84.3</K5>
    <A1>39.7</A1>
    <A2>39.3</A2>
    <A3>41.8</A3>
    <A4>92.8</A4>
    <A5>31.4</A5>
    <A6>22.5</A6>
    <A7>75.9</A7>
    <A8>84.3</A8>
    <A9>84.3</A9>
    <A10>77.9</A10>
    <A11>83.9</A11>
    <A12>118.1</A12>
    <A13>89.9</A13>
    <A14>92.8</A14>
    <Z1>116.7</Z1>
    <Z2>124.5</Z2>
    <Z3>116.7</Z3>
    <Z4>132.2</Z4>
    <Z5>101.1</Z5>
    <Z6>83.9</Z6>
    <Z7>71.9</Z7>
  </node-to-node>
  <node-to-node>
    <destination-node>M12</destination-node>
    <N1>26.1</N1>
    <N2>28.3</N2>
    <N3>58.5</N3>
    <N4>18.0</N4>
    <N5>80.4</N5>
    <N6>87.7</N6>
    <N7>109.6</N7>
    <N8>94.4</N8>
    <N9>60.7</N9>
    <N10>53.9</N10>
    <S1>40.4</S1>
    <S2>27.0</S2>
    <S3>49.2</S3>
    <S4>68.9</S4>
    <S5>98.5</S5>
    <S6>78.8</S6>
    <S7>47.2</S7>
    <S8>59.1</S8>
    <E1>41.0</E1>
    <E2>59.0</E2>
    <E3>51.4</E3>
    <E4>44.0</E4>
    <E5>36.7</E5>
    <E6>36.7</E6>
    <E7>42.2</E7>
    <E8>58.5</E8>
    <E9>58.5</E9>
    <E10>59.0</E10>
    <E11>143.4</E11>
    <M1>50.6</M1>
    <M2>59.0</M2>
    <M3>84.3</M3>
    <M4>53.9</M4>
    <M5>46.7</M5>
    <M6>38.9</M6>
    <M7>15.6</M7>
    <M8>14.6</M8>
    <M9>21.9</M9>
    <M10>29.4</M10>
    <M11>23.3</M11>
    <M12>-1.0</M12>
    <M13>37.6</M13>
    <K1>75.9</K1>
    <K2>54.5</K2>
    <K3>67.5</K3>
    <K4>62.2</K4>
    <K5>84.3</K5>
    <A1>50.3</A1>
    <A2>50.4</A2>
    <A3>52.8</A3>
    <A4>77.9</A4>
    <A5>37.3</A5>
    <A6>35.2</A6>
    <A7>65.9</A7>
    <A8>71.9</A8>
    <A9>71.9</A9>
    <A10>116.7</A10>
    <A11>124.5</A11>
    <A12>134.9</A12>
    <A13>132.2</A13>
    <A14>77.9</A14>
    <Z1>132.2</Z1>
    <Z2>140.0</Z2>
    <Z3>65.0</Z3>
    <Z4>147.8</Z4>
    <Z5>116.7</Z5>
    <Z6>101.1</Z6>
    <Z7>108.9</Z7>
  </node-to-node>
  <node-to-node>
    <destination-node>M13</destination-node>
    <N1>24.0</N1>
    <N2>22.0</N2>
    <N3>39.0</N3>
    <N4>25.0</N4>
    <N5>95.0</N5>
    <N6>102.3</N6>
    <N7>131.6</N7>
    <N8>109.6</N8>
    <N9>80.4</N9>
    <N10>73.1</N10>
    <S1>58.5</S1>
    <S2>43.9</S2>
    <S3>40.4</S3>
    <S4>68.9</S4>
    <S5>108.3</S5>
    <S6>67.4</S6>
    <S7>65.8</S7>
    <S8>59.1</S8>
    <E1>66.1</E1>
    <E2>73.4</E2>
    <E3>73.4</E3>
    <E4>66.1</E4>
    <E5>58.7</E5>
    <E6>58.7</E6>
    <E7>58.7</E7>
    <E8>73.1</E8>
    <E9>73.1</E9>
    <E10>84.3</E10>
    <E11>118.1</E11>
    <M1>60.7</M1>
    <M2>84.3</M2>
    <M3>59.0</M3>
    <M4>50.6</M4>
    <M5>18.0</M5>
    <M6>15.6</M6>
    <M7>22.0</M7>
    <M8>36.5</M8>
    <M9>43.9</M9>
    <M10>51.4</M10>
    <M11>14.7</M11>
    <M12>29.4</M12>
    <M13>-1.0</M13>
    <K1>67.5</K1>
    <K2>24.0</K2>
    <K3>75.9</K3>
    <K4>30.0</K4>
    <K5>75.9</K5>
    <A1>109.6</A1>
    <A2>101.2</A2>
    <A3>92.8</A3>
    <A4>84.3</A4>
    <A5>75.9</A5>
    <A6>37.5</A6>
    <A7>67.5</A7>
    <A8>75.9</A8>
    <A9>75.9</A9>
    <A10>71.9</A10>
    <A11>77.9</A11>
    <A12>109.6</A12>
    <A13>83.9</A13>
    <A14>84.3</A14>
    <Z1>83.9</Z1>
    <Z2>89.9</Z2>
    <Z3>108.9</Z3>
    <Z4>124.5</Z4>
    <Z5>71.9</Z5>
    <Z6>83.9</Z6>
    <Z7>65.9</Z7>
  </node-to-node>
  <node-to-node>
    <destination-node>K1</destination-node>
    <N1>35.6</N1>
    <N2>33.3</N2>
    <N3>87.6</N3>
    <N4>37.8</N4>
    <N5>107.8</N5>
    <N6>114.6</N6>
    <N7>102.3</N7>
    <N8>94.4</N8>
    <N9>94.4</N9>
    <N10>94.4</N10>
    <S1>74.1</S1>
    <S2>108.3</S2>
    <S3>61.8</S3>
    <S4>61.8</S4>
    <S5>147.7</S5>
    <S6>87.6</S6>
    <S7>80.9</S7>
    <S8>137.9</S8>
    <E1>25.3</E1>
    <E2>65.8</E2>
    <E3>58.5</E3>
    <E4>25.1</E4>
    <E5>40.4</E5>
    <E6>33.7</E6>
    <E7>43.9</E7>
    <E8>65.8</E8>
    <E9>65.8</E9>
    <E10>29.2</E10>
    <E11>92.8</E11>
    <M1>27.0</M1>
    <M2>20.2</M2>
    <M3>4.0</M3>
    <M4>49.2</M4>
    <M5>59.1</M5>
    <M6>68.9</M6>
    <M7>98.5</M7>
    <M8>53.9</M8>
    <M9>47.2</M9>
    <M10>22.0</M10>
    <M11>88.6</M11>
    <M12>88.6</M12>
    <M13>78.8</M13>
    <K1>-1.0</K1>
    <K2>47.0</K2>
    <K3>14.6</K3>
    <K4>47.0</K4>
    <K5>16.9</K5>
    <A1>24.3</A1>
    <A2>28.3</A2>
    <A3>24.5</A3>
    <A4>41.9</A4>
    <A5>16.5</A5>
    <A6>22.3</A6>
    <A7>15.6</A7>
    <A8>16.2</A8>
    <A9>36.0</A9>
    <A10>70.0</A10>
    <A11>77.8</A11>
    <A12>84.3</A12>
    <A13>85.6</A13>
    <A14>41.9</A14>
    <Z1>85.6</Z1>
    <Z2>93.3</Z2>
    <Z3>85.6</Z3>
    <Z4>101.1</Z4>
    <Z5>70.0</Z5>
    <Z6>140.0</Z6>
    <Z7>62.2</Z7>
  </node-to-node>
  <node-to-node>
    <destination-node>K2</destination-node>
    <N1>52.0</N1>
    <N2>50.0</N2>
    <N3>95.0</N3>
    <N4>102.3</N4>
    <N5>116.9</N5>
    <N6>124.3</N6>
    <N7>109.6</N7>
    <N8>102.3</N8>
    <N9>109.6</N9>
    <N10>95.0</N10>
    <S1>87.7</S1>
    <S2>58.5</S2>
    <S3>60.7</S3>
    <S4>67.4</S4>
    <S5>87.6</S5>
    <S6>102.3</S6>
    <S7>95.0</S7>
    <S8>60.7</S8>
    <E1>28.6</E1>
    <E2>95.4</E2>
    <E3>73.4</E3>
    <E4>32.2</E4>
    <E5>58.5</E5>
    <E6>51.2</E6>
    <E7>58.5</E7>
    <E8>80.4</E8>
    <E9>80.4</E9>
    <E10>44.1</E10>
    <E11>92.8</E11>
    <M1>51.2</M1>
    <M2>36.7</M2>
    <M3>29.4</M3>
    <M4>22.0</M4>
    <M5>19.7</M5>
    <M6>29.5</M6>
    <M7>43.9</M7>
    <M8>58.5</M8>
    <M9>65.8</M9>
    <M10>58.5</M10>
    <M11>33.7</M11>
    <M12>51.2</M12>
    <M13>27.0</M13>
    <K1>36.7</K1>
    <K2>-1.0</K2>
    <K3>44.1</K3>
    <K4>15.6</K4>
    <K5>50.6</K5>
    <A1>84.3</A1>
    <A2>75.9</A2>
    <A3>67.5</A3>
    <A4>59.0</A4>
    <A5>50.6</A5>
    <A6>43.0</A6>
    <A7>36.7</A7>
    <A8>50.6</A8>
    <A9>59.0</A9>
    <A10>75.9</A10>
    <A11>59.9</A11>
    <A12>84.3</A12>
    <A13>65.9</A13>
    <A14>59.0</A14>
    <Z1>65.9</Z1>
    <Z2>71.9</Z2>
    <Z3>65.9</Z3>
    <Z4>77.9</Z4>
    <Z5>53.9</Z5>
    <Z6>101.9</Z6>
    <Z7>47.9</Z7>
  </node-to-node>
  <node-to-node>
    <destination-node>K3</destination-node>
    <N1>34.5</N1>
    <N2>32.6</N2>
    <N3>80.9</N3>
    <N4>37.2</N4>
    <N5>101.1</N5>
    <N6>107.8</N6>
    <N7>109.6</N7>
    <N8>101.1</N8>
    <N9>87.6</N9>
    <N10>147.7</N10>
    <S1>98.5</S1>
    <S2>73.1</S2>
    <S3>63.0</S3>
    <S4>63.0</S4>
    <S5>137.9</S5>
    <S6>118.2</S6>
    <S7>108.3</S7>
    <S8>118.2</S8>
    <E1>29.6</E1>
    <E2>58.5</E2>
    <E3>51.2</E3>
    <E4>29.1</E4>
    <E5>36.5</E5>
    <E6>29.2</E6>
    <E7>36.5</E7>
    <E8>58.5</E8>
    <E9>58.5</E9>
    <E10>14.6</E10>
    <E11>101.2</E11>
    <M1>20.2</M1>
    <M2>19.7</M2>
    <M3>18.8</M3>
    <M4>49.2</M4>
    <M5>56.4</M5>
    <M6>68.9</M6>
    <M7>108.3</M7>
    <M8>68.9</M8>
    <M9>40.4</M9>
    <M10>33.7</M10>
    <M11>98.5</M11>
    <M12>78.8</M12>
    <M13>88.6</M13>
    <K1>15.6</K1>
    <K2>56.4</K2>
    <K3>-1.0</K3>
    <K4>56.4</K4>
    <K5>18.0</K5>
    <A1>28.6</A1>
    <A2>30.8</A2>
    <A3>26.0</A3>
    <A4>47.9</A4>
    <A5>21.3</A5>
    <A6>27.5</A6>
    <A7>23.3</A7>
    <A8>18.8</A8>
    <A9>46.7</A9>
    <A10>77.8</A10>
    <A11>85.6</A11>
    <A12>92.8</A12>
    <A13>93.3</A13>
    <A14>62.2</A14>
    <Z1>93.3</Z1>
    <Z2>101.1</Z2>
    <Z3>93.3</Z3>
    <Z4>108.9</Z4>
    <Z5>77.8</Z5>
    <Z6>132.2</Z6>
    <Z7>70.0</Z7>
  </node-to-node>
  <node-to-node>
    <destination-node>K4</destination-node>
    <N1>52.0</N1>
    <N2>50.0</N2>
    <N3>102.3</N3>
    <N4>109.6</N4>
    <N5>124.3</N5>
    <N6>131.6</N6>
    <N7>109.6</N7>
    <N8>102.3</N8>
    <N9>109.6</N9>
    <N10>95.0</N10>
    <S1>95.0</S1>
    <S2>65.8</S2>
    <S3>67.4</S3>
    <S4>74.1</S4>
    <S5>94.4</S5>
    <S6>109.6</S6>
    <S7>102.3</S7>
    <S8>67.4</S8>
    <E1>28.9</E1>
    <E2>95.0</E2>
    <E3>80.4</E3>
    <E4>32.3</E4>
    <E5>65.8</E5>
    <E6>58.5</E6>
    <E7>65.8</E7>
    <E8>87.7</E8>
    <E9>87.7</E9>
    <E10>51.4</E10>
    <E11>92.8</E11>
    <M1>51.2</M1>
    <M2>43.9</M2>
    <M3>36.7</M3>
    <M4>29.2</M4>
    <M5>20.2</M5>
    <M6>27.0</M6>
    <M7>51.2</M7>
    <M8>65.8</M8>
    <M9>73.1</M9>
    <M10>65.8</M10>
    <M11>43.9</M11>
    <M12>58.5</M12>
    <M13>33.7</M13>
    <K1>36.7</K1>
    <K2>14.6</K2>
    <K3>44.1</K3>
    <K4>-1.0</K4>
    <K5>44.1</K5>
    <A1>22.0</A1>
    <A2>22.0</A2>
    <A3>67.5</A3>
    <A4>59.0</A4>
    <A5>24.0</A5>
    <A6>20.3</A6>
    <A7>42.2</A7>
    <A8>50.6</A8>
    <A9>50.6</A9>
    <A10>67.5</A10>
    <A11>53.9</A11>
    <A12>84.3</A12>
    <A13>59.9</A13>
    <A14>59.0</A14>
    <Z1>59.9</Z1>
    <Z2>85.6</Z2>
    <Z3>77.8</Z3>
    <Z4>93.3</Z4>
    <Z5>47.9</Z5>
    <Z6>113.9</Z6>
    <Z7>59.0</Z7>
  </node-to-node>
  <node-to-node>
    <destination-node>K5</destination-node>
    <N1>45.0</N1>
    <N2>58.0</N2>
    <N3>94.4</N3>
    <N4>52.0</N4>
    <N5>114.6</N5>
    <N6>121.3</N6>
    <N7>102.3</N7>
    <N8>94.4</N8>
    <N9>101.1</N9>
    <N10>101.1</N10>
    <S1>118.2</S1>
    <S2>118.2</S2>
    <S3>137.9</S3>
    <S4>147.7</S4>
    <S5>157.6</S5>
    <S6>137.9</S6>
    <S7>128.0</S7>
    <S8>147.7</S8>
    <E1>43.9</E1>
    <E2>73.1</E2>
    <E3>65.8</E3>
    <E4>58.5</E4>
    <E5>51.2</E5>
    <E6>43.9</E6>
    <E7>51.2</E7>
    <E8>73.1</E8>
    <E9>73.1</E9>
    <E10>36.5</E10>
    <E11>92.8</E11>
    <M1>33.7</M1>
    <M2>27.0</M2>
    <M3>29.5</M3>
    <M4>49.2</M4>
    <M5>68.9</M5>
    <M6>78.8</M6>
    <M7>108.3</M7>
    <M8>88.6</M8>
    <M9>53.9</M9>
    <M10>47.2</M10>
    <M11>98.5</M11>
    <M12>98.5</M12>
    <M13>88.6</M13>
    <K1>19.7</K1>
    <K2>59.1</K2>
    <K3>20.2</K3>
    <K4>56.4</K4>
    <K5>-1.0</K5>
    <A1>19.6</A1>
    <A2>19.8</A2>
    <A3>21.3</A3>
    <A4>41.9</A4>
    <A5>13.0</A5>
    <A6>24.0</A6>
    <A7>18.8</A7>
    <A8>46.7</A8>
    <A9>46.7</A9>
    <A10>70.0</A10>
    <A11>77.8</A11>
    <A12>84.3</A12>
    <A13>85.6</A13>
    <A14>54.5</A14>
    <Z1>85.6</Z1>
    <Z2>93.3</Z2>
    <Z3>85.6</Z3>
    <Z4>101.1</Z4>
    <Z5>70.0</Z5>
    <Z6>163.4</Z6>
    <Z7>62.2</Z7>
  </node-to-node>
  <node-to-node>
    <destination-node>A1</destination-node>
    <N1>48.5</N1>
    <N2>33.6</N2>
    <N3>94.4</N3>
    <N4>28.0</N4>
    <N5>19.0</N5>
    <N6>14.25</N6>
    <N7>42.2</N7>
    <N8>11.5</N8>
    <N9>22.0</N9>
    <N10>85.6</N10>
    <S1>101.1</S1>
    <S2>116.7</S2>
    <S3>53.0</S3>
    <S4>147.8</S4>
    <S5>116.7</S5>
    <S6>24.0</S6>
    <S7>39.0</S7>
    <S8>177.3</S8>
    <E1>39.5</E1>
    <E2>114.6</E2>
    <E3>54.0</E3>
    <E4>36.6</E4>
    <E5>45.5</E5>
    <E6>87.6</E6>
    <E7>94.4</E7>
    <E8>114.6</E8>
    <E9>114.6</E9>
    <E10>80.9</E10>
    <E11>5.0</E11>
    <M1>33.0</M1>
    <M2>74.1</M2>
    <M3>11.0</M3>
    <M4>108.3</M4>
    <M5>29.0</M5>
    <M6>118.2</M6>
    <M7>147.7</M7>
    <M8>114.6</M8>
    <M9>101.1</M9>
    <M10>48.0</M10>
    <M11>37.0</M11>
    <M12>157.6</M12>
    <M13>128.0</M13>
    <K1>98.5</K1>
    <K2>98.5</K2>
    <K3>74.1</K3>
    <K4>98.5</K4>
    <K5>98.5</K5>
    <A1>-1.0</A1>
    <A2>19.7</A2>
    <A3>5.0</A3>
    <A4>11.0</A4>
    <A5>10.0</A5>
    <A6>20.7</A6>
    <A7>88.6</A7>
    <A8>14.0</A8>
    <A9>21.0</A9>
    <A10>47.0</A10>
    <A11>56.4</A11>
    <A12>6.5</A12>
    <A13>65.8</A13>
    <A14>39.4</A14>
    <Z1>13.0</Z1>
    <Z2>14.0</Z2>
    <Z3>16.0</Z3>
    <Z4>20.0</Z4>
    <Z5>19.0</Z5>
    <Z6>70.0</Z6>
    <Z7>59.1</Z7>
  </node-to-node>
  <node-to-node>
    <destination-node>A2</destination-node>
    <N1>107.8</N1>
    <N2>35.75</N2>
    <N3>101.1</N3>
    <N4>30.0</N4>
    <N5>17.0</N5>
    <N6>14.5</N6>
    <N7>50.6</N7>
    <N8>46.7</N8>
    <N9>23.5</N9>
    <N10>93.3</N10>
    <S1>56.5</S1>
    <S2>124.5</S2>
    <S3>140.0</S3>
    <S4>140.0</S4>
    <S5>32.0</S5>
    <S6>45.0</S6>
    <S7>43.0</S7>
    <S8>167.4</S8>
    <E1>63.0</E1>
    <E2>107.8</E2>
    <E3>101.1</E3>
    <E4>61.0</E4>
    <E5>37.0</E5>
    <E6>38.0</E6>
    <E7>87.6</E7>
    <E8>107.8</E8>
    <E9>107.8</E9>
    <E10>74.1</E10>
    <E11>4.0</E11>
    <M1>74.1</M1>
    <M2>67.4</M2>
    <M3>60.7</M3>
    <M4>98.5</M4>
    <M5>26.0</M5>
    <M6>108.3</M6>
    <M7>137.9</M7>
    <M8>107.8</M8>
    <M9>94.4</M9>
    <M10>87.6</M10>
    <M11>128.0</M11>
    <M12>147.7</M12>
    <M13>118.2</M13>
    <K1>56.0</K1>
    <K2>88.6</K2>
    <K3>67.4</K3>
    <K4>88.6</K4>
    <K5>60.7</K5>
    <A1>16.9</A1>
    <A2>-1.0</A2>
    <A3>9.0</A3>
    <A4>7.0</A4>
    <A5>17.0</A5>
    <A6>28.0</A6>
    <A7>78.8</A7>
    <A8>39.4</A8>
    <A9>49.2</A9>
    <A10>47.0</A10>
    <A11>47.0</A11>
    <A12>14.7</A12>
    <A13>56.4</A13>
    <A14>29.5</A14>
    <Z1>13.0</Z1>
    <Z2>16.0</Z2>
    <Z3>23.0</Z3>
    <Z4>17.5</Z4>
    <Z5>16.0</Z5>
    <Z6>62.2</Z6>
    <Z7>56.4</Z7>
  </node-to-node>
  <node-to-node>
    <destination-node>A3</destination-node>
    <N1>57.3</N1>
    <N2>45.5</N2>
    <N3>107.8</N3>
    <N4>46.0</N4>
    <N5>27.0</N5>
    <N6>25.0</N6>
    <N7>59.0</N7>
    <N8>41.9</N8>
    <N9>44.0</N9>
    <N10>101.1</N10>
    <S1>46.2</S1>
    <S2>132.2</S2>
    <S3>36.0</S3>
    <S4>132.2</S4>
    <S5>40.0</S5>
    <S6>36.0</S6>
    <S7>42.25</S7>
    <S8>47.6666666667</S8>
    <E1>38.7142857143</E1>
    <E2>101.1</E2>
    <E3>94.4</E3>
    <E4>30.3</E4>
    <E5>35.3333333333</E5>
    <E6>39.6666666667</E6>
    <E7>80.9</E7>
    <E8>107.8</E8>
    <E9>107.8</E9>
    <E10>63.0</E10>
    <E11>51.5</E11>
    <M1>35.2</M1>
    <M2>27.5</M2>
    <M3>58.5</M3>
    <M4>41.8</M4>
    <M5>30.2</M5>
    <M6>98.5</M6>
    <M7>62.3333333333</M7>
    <M8>56.6666666667</M8>
    <M9>87.6</M9>
    <M10>41.5</M10>
    <M11>48.5</M11>
    <M12>36.0</M12>
    <M13>108.3</M13>
    <K1>26.9285714286</K1>
    <K2>36.0</K2>
    <K3>26.0</K3>
    <K4>25.5</K4>
    <K5>47.0</K5>
    <A1>8.5</A1>
    <A2>9.1</A2>
    <A3>-1.0</A3>
    <A4>14.5</A4>
    <A5>11.6666666667</A5>
    <A6>18.0</A6>
    <A7>68.9</A7>
    <A8>10.5</A8>
    <A9>42.0</A9>
    <A10>47.0</A10>
    <A11>28.0</A11>
    <A12>4.0</A12>
    <A13>54.5</A13>
    <A14>-70.0</A14>
    <Z1>21.0</Z1>
    <Z2>27.0</Z2>
    <Z3>30.0</Z3>
    <Z4>25.0</Z4>
    <Z5>39.0</Z5>
    <Z6>54.5</Z6>
    <Z7>56.4</Z7>
  </node-to-node>
  <node-to-node>
    <destination-node>A4</destination-node>
    <N1>60.5</N1>
    <N2>58.3</N2>
    <N3>114.6</N3>
    <N4>58.0</N4>
    <N5>48.3</N5>
    <N6>49.0</N6>
    <N7>67.5</N7>
    <N8>47.9</N8>
    <N9>77.9</N9>
    <N10>83.9</N10>
    <S1>124.5</S1>
    <S2>89.9</S2>
    <S3>27.0</S3>
    <S4>124.5</S4>
    <S5>140.0</S5>
    <S6>95.9</S6>
    <S7>89.9</S7>
    <S8>147.7</S8>
    <E1>31.5</E1>
    <E2>94.4</E2>
    <E3>87.6</E3>
    <E4>28.8</E4>
    <E5>74.1</E5>
    <E6>67.4</E6>
    <E7>74.1</E7>
    <E8>101.1</E8>
    <E9>101.1</E9>
    <E10>65.8</E10>
    <E11>42.2</E11>
    <M1>60.7</M1>
    <M2>53.9</M2>
    <M3>47.2</M3>
    <M4>78.8</M4>
    <M5>78.8</M5>
    <M6>88.6</M6>
    <M7>118.2</M7>
    <M8>94.4</M8>
    <M9>80.9</M9>
    <M10>74.1</M10>
    <M11>108.3</M11>
    <M12>87.6</M12>
    <M13>98.5</M13>
    <K1>47.2</K1>
    <K2>68.9</K2>
    <K3>53.9</K3>
    <K4>68.9</K4>
    <K5>47.2</K5>
    <A1>13.4</A1>
    <A2>16.1</A2>
    <A3>22.9</A3>
    <A4>-1.0</A4>
    <A5>11.9</A5>
    <A6>15.5</A6>
    <A7>47.2</A7>
    <A8>14.1</A8>
    <A9>29.5</A9>
    <A10>38.9</A10>
    <A11>46.7</A11>
    <A12>33.7</A12>
    <A13>54.5</A13>
    <A14>15.6</A14>
    <Z1>54.5</Z1>
    <Z2>75.3</Z2>
    <Z3>84.7</Z3>
    <Z4>84.7</Z4>
    <Z5>56.4</Z5>
    <Z6>54.5</Z6>
    <Z7>56.4</Z7>
  </node-to-node>
  <node-to-node>
    <destination-node>A5</destination-node>
    <N1>61.2</N1>
    <N2>61.1</N2>
    <N3>114.6</N3>
    <N4>67.0</N4>
    <N5>56.1</N5>
    <N6>67.5</N6>
    <N7>84.3</N7>
    <N8>84.3</N8>
    <N9>126.5</N9>
    <N10>134.9</N10>
    <S1>95.9</S1>
    <S2>77.9</S2>
    <S3>68.0</S3>
    <S4>116.7</S4>
    <S5>155.6</S5>
    <S6>107.9</S6>
    <S7>89.9</S7>
    <S8>137.9</S8>
    <E1>33.8</E1>
    <E2>102.3</E2>
    <E3>87.7</E3>
    <E4>32.8</E4>
    <E5>73.1</E5>
    <E6>65.8</E6>
    <E7>73.1</E7>
    <E8>102.3</E8>
    <E9>102.3</E9>
    <E10>58.5</E10>
    <E11>50.6</E11>
    <M1>58.5</M1>
    <M2>51.2</M2>
    <M3>40.4</M3>
    <M4>47.2</M4>
    <M5>68.9</M5>
    <M6>78.8</M6>
    <M7>74.1</M7>
    <M8>80.9</M8>
    <M9>74.1</M9>
    <M10>67.4</M10>
    <M11>98.5</M11>
    <M12>80.9</M12>
    <M13>88.6</M13>
    <K1>43.9</K1>
    <K2>59.1</K2>
    <K3>51.2</K3>
    <K4>49.2</K4>
    <K5>43.9</K5>
    <A1>18.9</A1>
    <A2>20.2</A2>
    <A3>22.0</A3>
    <A4>46.0</A4>
    <A5>-1.0</A5>
    <A6>13.1</A6>
    <A7>36.5</A7>
    <A8>6.5</A8>
    <A9>21.9</A9>
    <A10>24.0</A10>
    <A11>38.9</A11>
    <A12>50.6</A12>
    <A13>46.7</A13>
    <A14>23.3</A14>
    <Z1>17.0</Z1>
    <Z2>14.0</Z2>
    <Z3>15.5</Z3>
    <Z4>75.3</Z4>
    <Z5>7.0</Z5>
    <Z6>62.2</Z6>
    <Z7>23.3</Z7>
  </node-to-node>
  <node-to-node>
    <destination-node>A6</destination-node>
    <N1>50.0</N1>
    <N2>46.0</N2>
    <N3>107.8</N3>
    <N4>54.0</N4>
    <N5>126.5</N5>
    <N6>118.1</N6>
    <N7>101.2</N7>
    <N8>71.9</N8>
    <N9>101.9</N9>
    <N10>107.9</N10>
    <S1>83.9</S1>
    <S2>77.9</S2>
    <S3>77.9</S3>
    <S4>108.9</S4>
    <S5>140.0</S5>
    <S6>119.8</S6>
    <S7>77.9</S7>
    <S8>128.0</S8>
    <E1>41.0</E1>
    <E2>87.7</E2>
    <E3>73.1</E3>
    <E4>41.5</E4>
    <E5>58.5</E5>
    <E6>51.2</E6>
    <E7>58.5</E7>
    <E8>87.7</E8>
    <E9>87.7</E9>
    <E10>43.9</E10>
    <E11>67.5</E11>
    <M1>43.9</M1>
    <M2>33.7</M2>
    <M3>27.0</M3>
    <M4>40.4</M4>
    <M5>59.1</M5>
    <M6>68.9</M6>
    <M7>98.5</M7>
    <M8>80.9</M8>
    <M9>67.4</M9>
    <M10>53.9</M10>
    <M11>88.6</M11>
    <M12>74.1</M12>
    <M13>78.8</M13>
    <K1>29.2</K1>
    <K2>49.2</K2>
    <K3>36.5</K3>
    <K4>49.2</K4>
    <K5>29.2</K5>
    <A1>18.2</A1>
    <A2>19.4</A2>
    <A3>24.3</A3>
    <A4>42.2</A4>
    <A5>20.0</A5>
    <A6>-1.0</A6>
    <A7>21.9</A7>
    <A8>16.8</A8>
    <A9>16.9</A9>
    <A10>46.7</A10>
    <A11>54.5</A11>
    <A12>59.0</A12>
    <A13>62.2</A13>
    <A14>33.7</A14>
    <Z1>62.2</Z1>
    <Z2>70.0</Z2>
    <Z3>77.8</Z3>
    <Z4>77.8</Z4>
    <Z5>46.7</Z5>
    <Z6>77.8</Z6>
    <Z7>38.9</Z7>
  </node-to-node>
  <node-to-node>
    <destination-node>A7</destination-node>
    <N1>42.3</N1>
    <N2>36.8</N2>
    <N3>94.4</N3>
    <N4>41.0</N4>
    <N5>101.9</N5>
    <N6>134.9</N6>
    <N7>118.1</N7>
    <N8>83.9</N8>
    <N9>113.9</N9>
    <N10>119.8</N10>
    <S1>71.9</S1>
    <S2>77.9</S2>
    <S3>101.1</S3>
    <S4>108.9</S4>
    <S5>124.5</S5>
    <S6>131.8</S6>
    <S7>65.9</S7>
    <S8>128.0</S8>
    <E1>34.3</E1>
    <E2>73.1</E2>
    <E3>65.8</E3>
    <E4>34.0</E4>
    <E5>51.2</E5>
    <E6>43.9</E6>
    <E7>51.2</E7>
    <E8>80.4</E8>
    <E9>80.4</E9>
    <E10>36.5</E10>
    <E11>84.3</E11>
    <M1>36.5</M1>
    <M2>27.0</M2>
    <M3>20.2</M3>
    <M4>49.2</M4>
    <M5>49.2</M5>
    <M6>59.1</M6>
    <M7>88.6</M7>
    <M8>80.9</M8>
    <M9>53.9</M9>
    <M10>47.2</M10>
    <M11>88.6</M11>
    <M12>74.1</M12>
    <M13>78.8</M13>
    <K1>14.6</K1>
    <K2>47.0</K2>
    <K3>21.9</K3>
    <K4>49.2</K4>
    <K5>14.7</K5>
    <A1>24.3</A1>
    <A2>24.3</A2>
    <A3>32.6</A3>
    <A4>41.9</A4>
    <A5>38.9</A5>
    <A6>23.3</A6>
    <A7>-1.0</A7>
    <A8>25.0</A8>
    <A9>30.0</A9>
    <A10>62.2</A10>
    <A11>70.0</A11>
    <A12>75.9</A12>
    <A13>77.8</A13>
    <A14>46.7</A14>
    <Z1>98.5</Z1>
    <Z2>108.3</Z2>
    <Z3>128.0</Z3>
    <Z4>128.0</Z4>
    <Z5>78.8</Z5>
    <Z6>93.3</Z6>
    <Z7>54.5</Z7>
  </node-to-node>
  <node-to-node>
    <destination-node>A8</destination-node>
    <N1>99.0</N1>
    <N2>89.0</N2>
    <N3>131.6</N3>
    <N4>90.0</N4>
    <N5>41.0</N5>
    <N6>35.0</N6>
    <N7>75.9</N7>
    <N8>75.9</N8>
    <N9>83.9</N9>
    <N10>89.9</N10>
    <S1>95.9</S1>
    <S2>108.9</S2>
    <S3>87.5</S3>
    <S4>116.7</S4>
    <S5>52.0</S5>
    <S6>44.0</S6>
    <S7>89.9</S7>
    <S8>147.7</S8>
    <E1>40.1</E1>
    <E2>102.3</E2>
    <E3>87.7</E3>
    <E4>41.5</E4>
    <E5>73.1</E5>
    <E6>28.0</E6>
    <E7>73.1</E7>
    <E8>95.0</E8>
    <E9>95.0</E9>
    <E10>58.5</E10>
    <E11>29.0</E11>
    <M1>58.5</M1>
    <M2>15.0</M2>
    <M3>17.0</M3>
    <M4>68.9</M4>
    <M5>28.0</M5>
    <M6>78.8</M6>
    <M7>108.3</M7>
    <M8>87.6</M8>
    <M9>74.1</M9>
    <M10>26.5</M10>
    <M11>98.5</M11>
    <M12>80.9</M12>
    <M13>88.6</M13>
    <K1>43.9</K1>
    <K2>59.1</K2>
    <K3>51.2</K3>
    <K4>59.1</K4>
    <K5>43.9</K5>
    <A1>18.6</A1>
    <A2>18.6</A2>
    <A3>16.7</A3>
    <A4>16.9</A4>
    <A5>3.0</A5>
    <A6>11.9</A6>
    <A7>36.5</A7>
    <A8>-1.0</A8>
    <A9>14.6</A9>
    <A10>31.1</A10>
    <A11>38.9</A11>
    <A12>42.2</A12>
    <A13>46.7</A13>
    <A14>15.6</A14>
    <Z1>46.7</Z1>
    <Z2>54.5</Z2>
    <Z3>62.2</Z3>
    <Z4>62.2</Z4>
    <Z5>13.0</Z5>
    <Z6>70.0</Z6>
    <Z7>31.1</Z7>
  </node-to-node>
  <node-to-node>
    <destination-node>A9</destination-node>
    <N1>116.9</N1>
    <N2>116.9</N2>
    <N3>114.6</N3>
    <N4>121.3</N4>
    <N5>109.6</N5>
    <N6>101.2</N6>
    <N7>84.3</N7>
    <N8>59.9</N8>
    <N9>89.9</N9>
    <N10>95.9</N10>
    <S1>89.9</S1>
    <S2>108.9</S2>
    <S3>124.5</S3>
    <S4>116.7</S4>
    <S5>155.6</S5>
    <S6>107.9</S6>
    <S7>83.9</S7>
    <S8>137.9</S8>
    <E1>31.5</E1>
    <E2>102.3</E2>
    <E3>87.7</E3>
    <E4>29.0</E4>
    <E5>73.1</E5>
    <E6>65.8</E6>
    <E7>73.1</E7>
    <E8>95.0</E8>
    <E9>95.0</E9>
    <E10>58.5</E10>
    <E11>59.0</E11>
    <M1>58.5</M1>
    <M2>47.2</M2>
    <M3>40.4</M3>
    <M4>78.8</M4>
    <M5>78.8</M5>
    <M6>88.6</M6>
    <M7>118.2</M7>
    <M8>87.6</M8>
    <M9>74.1</M9>
    <M10>65.8</M10>
    <M11>98.5</M11>
    <M12>80.9</M12>
    <M13>88.6</M13>
    <K1>40.4</K1>
    <K2>68.9</K2>
    <K3>43.9</K3>
    <K4>59.1</K4>
    <K5>43.9</K5>
    <A1>19.8</A1>
    <A2>20.1</A2>
    <A3>30.0</A3>
    <A4>25.3</A4>
    <A5>11.4</A5>
    <A6>29.0</A6>
    <A7>33.7</A7>
    <A8>15.2</A8>
    <A9>-1.0</A9>
    <A10>46.7</A10>
    <A11>54.5</A11>
    <A12>50.6</A12>
    <A13>62.2</A13>
    <A14>23.3</A14>
    <Z1>54.5</Z1>
    <Z2>62.2</Z2>
    <Z3>70.0</Z3>
    <Z4>70.0</Z4>
    <Z5>46.7</Z5>
    <Z6>101.1</Z6>
    <Z7>38.9</Z7>
  </node-to-node>
  <node-to-node>
    <destination-node>A10</destination-node>
    <N1>109.6</N1>
    <N2>102.3</N2>
    <N3>102.3</N3>
    <N4>109.6</N4>
    <N5>75.9</N5>
    <N6>75.9</N6>
    <N7>75.9</N7>
    <N8>50.6</N8>
    <N9>84.3</N9>
    <N10>92.8</N10>
    <S1>109.6</S1>
    <S2>109.6</S2>
    <S3>89.9</S3>
    <S4>140.0</S4>
    <S5>116.7</S5>
    <S6>71.9</S6>
    <S7>71.9</S7>
    <S8>167.4</S8>
    <E1>95.0</E1>
    <E2>124.3</E2>
    <E3>109.6</E3>
    <E4>102.3</E4>
    <E5>95.0</E5>
    <E6>87.7</E6>
    <E7>95.0</E7>
    <E8>116.9</E8>
    <E9>116.9</E9>
    <E10>80.4</E10>
    <E11>44.1</E11>
    <M1>80.4</M1>
    <M2>73.1</M2>
    <M3>65.8</M3>
    <M4>67.4</M4>
    <M5>98.5</M5>
    <M6>108.3</M6>
    <M7>94.4</M7>
    <M8>109.6</M8>
    <M9>102.3</M9>
    <M10>95.0</M10>
    <M11>87.6</M11>
    <M12>109.6</M12>
    <M13>80.9</M13>
    <K1>65.8</K1>
    <K2>88.6</K2>
    <K3>73.1</K3>
    <K4>78.8</K4>
    <K5>65.8</K5>
    <A1>19.5</A1>
    <A2>36.7</A2>
    <A3>36.7</A3>
    <A4>36.5</A4>
    <A5>40.5</A5>
    <A6>43.9</A6>
    <A7>58.5</A7>
    <A8>29.2</A8>
    <A9>43.9</A9>
    <A10>-1.0</A10>
    <A11>15.6</A11>
    <A12>50.6</A12>
    <A13>23.3</A13>
    <A14>29.2</A14>
    <Z1>23.3</Z1>
    <Z2>31.1</Z2>
    <Z3>47.0</Z3>
    <Z4>38.9</Z4>
    <Z5>39.4</Z5>
    <Z6>53.9</Z6>
    <Z7>19.7</Z7>
  </node-to-node>
  <node-to-node>
    <destination-node>A11</destination-node>
    <N1>102.3</N1>
    <N2>95.0</N2>
    <N3>95.0</N3>
    <N4>102.3</N4>
    <N5>75.9</N5>
    <N6>75.9</N6>
    <N7>75.9</N7>
    <N8>42.2</N8>
    <N9>75.9</N9>
    <N10>84.3</N10>
    <S1>109.6</S1>
    <S2>101.2</S2>
    <S3>83.9</S3>
    <S4>147.8</S4>
    <S5>108.9</S5>
    <S6>92.8</S6>
    <S7>101.2</S7>
    <S8>177.3</S8>
    <E1>70.7</E1>
    <E2>131.6</E2>
    <E3>116.9</E3>
    <E4>68.0</E4>
    <E5>102.3</E5>
    <E6>95.0</E6>
    <E7>102.3</E7>
    <E8>131.6</E8>
    <E9>131.6</E9>
    <E10>87.7</E10>
    <E11>51.4</E11>
    <M1>87.7</M1>
    <M2>80.4</M2>
    <M3>73.1</M3>
    <M4>74.1</M4>
    <M5>74.1</M5>
    <M6>118.2</M6>
    <M7>101.1</M7>
    <M8>116.9</M8>
    <M9>109.6</M9>
    <M10>102.3</M10>
    <M11>94.4</M11>
    <M12>116.9</M12>
    <M13>87.6</M13>
    <K1>73.1</K1>
    <K2>67.4</K2>
    <K3>80.4</K3>
    <K4>60.7</K4>
    <K5>73.1</K5>
    <A1>44.1</A1>
    <A2>36.7</A2>
    <A3>43.9</A3>
    <A4>43.9</A4>
    <A5>36.5</A5>
    <A6>51.2</A6>
    <A7>65.8</A7>
    <A8>36.5</A8>
    <A9>51.2</A9>
    <A10>14.6</A10>
    <A11>-1.0</A11>
    <A12>51.4</A12>
    <A13>15.6</A13>
    <A14>36.5</A14>
    <Z1>18.8</Z1>
    <Z2>28.2</Z2>
    <Z3>39.4</Z3>
    <Z4>31.1</Z4>
    <Z5>49.2</Z5>
    <Z6>47.9</Z6>
    <Z7>20.2</Z7>
  </node-to-node>
  <node-to-node>
    <destination-node>A12</destination-node>
    <N1>29.0</N1>
    <N2>26.0</N2>
    <N3>147.7</N3>
    <N4>63.0</N4>
    <N5>38.4</N5>
    <N6>-1.0</N6>
    <N7>50.6</N7>
    <N8>46.7</N8>
    <N9>85.6</N9>
    <N10>93.3</N10>
    <S1>108.9</S1>
    <S2>124.5</S2>
    <S3>140.0</S3>
    <S4>155.6</S4>
    <S5>124.5</S5>
    <S6>23.0</S6>
    <S7>101.1</S7>
    <S8>187.1</S8>
    <E1>41.5</E1>
    <E2>114.6</E2>
    <E3>114.6</E3>
    <E4>39.5</E4>
    <E5>147.7</E5>
    <E6>137.9</E6>
    <E7>147.7</E7>
    <E8>138.9</E8>
    <E9>138.9</E9>
    <E10>128.0</E10>
    <E11>16.9</E11>
    <M1>128.0</M1>
    <M2>118.2</M2>
    <M3>108.3</M3>
    <M4>118.2</M4>
    <M5>118.2</M5>
    <M6>128.0</M6>
    <M7>157.6</M7>
    <M8>167.4</M8>
    <M9>147.7</M9>
    <M10>137.9</M10>
    <M11>137.9</M11>
    <M12>157.6</M12>
    <M13>128.0</M13>
    <K1>98.5</K1>
    <K2>98.5</K2>
    <K3>108.3</K3>
    <K4>98.5</K4>
    <K5>98.5</K5>
    <A1>4.6</A1>
    <A2>5.6</A2>
    <A3>9.9</A3>
    <A4>26.0</A4>
    <A5>14.0</A5>
    <A6>40.0</A6>
    <A7>88.6</A7>
    <A8>49.2</A8>
    <A9>59.1</A9>
    <A10>59.1</A10>
    <A11>65.8</A11>
    <A12>-1.0</A12>
    <A13>62.2</A13>
    <A14>39.4</A14>
    <Z1>15.0</Z1>
    <Z2>84.7</Z2>
    <Z3>98.5</Z3>
    <Z4>21.0</Z4>
    <Z5>98.5</Z5>
    <Z6>77.8</Z6>
    <Z7>68.9</Z7>
  </node-to-node>
  <node-to-node>
    <destination-node>A13</destination-node>
    <N1>28.0</N1>
    <N2>27.5</N2>
    <N3>80.4</N3>
    <N4>43.5</N4>
    <N5>75.9</N5>
    <N6>75.9</N6>
    <N7>75.9</N7>
    <N8>50.6</N8>
    <N9>75.9</N9>
    <N10>84.3</N10>
    <S1>101.1</S1>
    <S2>92.8</S2>
    <S3>65.0</S3>
    <S4>155.6</S4>
    <S5>119.8</S5>
    <S6>101.2</S6>
    <S7>101.2</S7>
    <S8>187.1</S8>
    <E1>46.1</E1>
    <E2>138.9</E2>
    <E3>124.3</E3>
    <E4>47.8</E4>
    <E5>109.6</E5>
    <E6>102.3</E6>
    <E7>109.6</E7>
    <E8>138.9</E8>
    <E9>138.9</E9>
    <E10>95.0</E10>
    <E11>58.5</E11>
    <M1>95.0</M1>
    <M2>87.7</M2>
    <M3>80.4</M3>
    <M4>87.7</M4>
    <M5>80.9</M5>
    <M6>87.6</M6>
    <M7>116.9</M7>
    <M8>124.3</M8>
    <M9>116.9</M9>
    <M10>109.6</M10>
    <M11>101.1</M11>
    <M12>124.3</M12>
    <M13>94.4</M13>
    <K1>80.4</K1>
    <K2>74.1</K2>
    <K3>87.7</K3>
    <K4>67.4</K4>
    <K5>80.4</K5>
    <A1>51.4</A1>
    <A2>44.1</A2>
    <A3>32.0</A3>
    <A4>51.2</A4>
    <A5>43.9</A5>
    <A6>58.5</A6>
    <A7>73.1</A7>
    <A8>43.9</A8>
    <A9>58.5</A9>
    <A10>21.9</A10>
    <A11>14.6</A11>
    <A12>58.5</A12>
    <A13>-1.0</A13>
    <A14>43.9</A14>
    <Z1>18.8</Z1>
    <Z2>28.2</Z2>
    <Z3>37.6</Z3>
    <Z4>28.2</Z4>
    <Z5>59.1</Z5>
    <Z6>41.9</Z6>
    <Z7>27.0</Z7>
  </node-to-node>
  <node-to-node>
    <destination-node>A14</destination-node>
    <N1>86.4</N1>
    <N2>72.0</N2>
    <N3>107.8</N3>
    <N4>83.4</N4>
    <N5>53.1</N5>
    <N6>58.0</N6>
    <N7>67.5</N7>
    <N8>41.9</N8>
    <N9>77.9</N9>
    <N10>83.9</N10>
    <S1>95.9</S1>
    <S2>140.0</S2>
    <S3>77.3</S3>
    <S4>124.5</S4>
    <S5>124.5</S5>
    <S6>95.9</S6>
    <S7>89.9</S7>
    <S8>157.6</S8>
    <E1>38.5</E1>
    <E2>109.6</E2>
    <E3>95.0</E3>
    <E4>36.0</E4>
    <E5>80.4</E5>
    <E6>73.1</E6>
    <E7>80.4</E7>
    <E8>109.6</E8>
    <E9>109.6</E9>
    <E10>65.8</E10>
    <E11>42.2</E11>
    <M1>65.8</M1>
    <M2>53.9</M2>
    <M3>47.2</M3>
    <M4>78.8</M4>
    <M5>78.8</M5>
    <M6>88.6</M6>
    <M7>118.2</M7>
    <M8>94.4</M8>
    <M9>80.9</M9>
    <M10>80.4</M10>
    <M11>108.3</M11>
    <M12>87.6</M12>
    <M13>98.5</M13>
    <K1>47.2</K1>
    <K2>68.9</K2>
    <K3>58.5</K3>
    <K4>68.9</K4>
    <K5>51.2</K5>
    <A1>16.4</A1>
    <A2>16.2</A2>
    <A3>22.3</A3>
    <A4>14.6</A4>
    <A5>12.8</A5>
    <A6>18.9</A6>
    <A7>43.9</A7>
    <A8>5.8</A8>
    <A9>21.9</A9>
    <A10>31.1</A10>
    <A11>38.9</A11>
    <A12>33.7</A12>
    <A13>46.7</A13>
    <A14>-1.0</A14>
    <Z1>46.7</Z1>
    <Z2>54.5</Z2>
    <Z3>62.2</Z3>
    <Z4>62.2</Z4>
    <Z5>56.4</Z5>
    <Z6>85.6</Z6>
    <Z7>47.0</Z7>
  </node-to-node>
  <node-to-node>
    <destination-node>Z1</destination-node>
    <N1>41.3</N1>
    <N2>43.1</N2>
    <N3>95.0</N3>
    <N4>25.0</N4>
    <N5>50.0</N5>
    <N6>84.3</N6>
    <N7>73.4</N7>
    <N8>51.4</N8>
    <N9>75.9</N9>
    <N10>84.3</N10>
    <S1>118.1</S1>
    <S2>80.9</S2>
    <S3>42.4</S3>
    <S4>134.8</S4>
    <S5>118.1</S5>
    <S6>101.2</S6>
    <S7>109.6</S7>
    <S8>128.1</S8>
    <E1>45.8</E1>
    <E2>138.9</E2>
    <E3>124.3</E3>
    <E4>46.3</E4>
    <E5>109.6</E5>
    <E6>102.3</E6>
    <E7>109.6</E7>
    <E8>131.6</E8>
    <E9>131.6</E9>
    <E10>95.0</E10>
    <E11>58.7</E11>
    <M1>95.0</M1>
    <M2>87.7</M2>
    <M3>80.4</M3>
    <M4>87.7</M4>
    <M5>80.9</M5>
    <M6>87.6</M6>
    <M7>124.3</M7>
    <M8>124.3</M8>
    <M9>116.9</M9>
    <M10>109.6</M10>
    <M11>109.6</M11>
    <M12>124.3</M12>
    <M13>94.4</M13>
    <K1>80.4</K1>
    <K2>74.1</K2>
    <K3>87.7</K3>
    <K4>67.4</K4>
    <K5>80.4</K5>
    <A1>14.1</A1>
    <A2>14.1</A2>
    <A3>28.6</A3>
    <A4>51.2</A4>
    <A5>31.0</A5>
    <A6>28.9</A6>
    <A7>84.3</A7>
    <A8>14.0</A8>
    <A9>51.2</A9>
    <A10>21.9</A10>
    <A11>14.7</A11>
    <A12>58.7</A12>
    <A13>14.7</A13>
    <A14>43.9</A14>
    <Z1>-1.0</Z1>
    <Z2>21.0</Z2>
    <Z3>29.5</Z3>
    <Z4>23.3</Z4>
    <Z5>33.7</Z5>
    <Z6>47.9</Z6>
    <Z7>33.7</Z7>
  </node-to-node>
  <node-to-node>
    <destination-node>Z2</destination-node>
    <N1>41.8</N1>
    <N2>42.7</N2>
    <N3>102.3</N3>
    <N4>29.1</N4>
    <N5>52.0</N5>
    <N6>92.8</N6>
    <N7>80.8</N7>
    <N8>58.7</N8>
    <N9>84.3</N9>
    <N10>92.8</N10>
    <S1>126.5</S1>
    <S2>95.0</S2>
    <S3>48.4</S3>
    <S4>141.5</S4>
    <S5>101.1</S5>
    <S6>109.6</S6>
    <S7>118.1</S7>
    <S8>134.8</S8>
    <E1>43.7</E1>
    <E2>146.2</E2>
    <E3>131.6</E3>
    <E4>44.8</E4>
    <E5>116.9</E5>
    <E6>109.6</E6>
    <E7>116.9</E7>
    <E8>146.2</E8>
    <E9>146.2</E9>
    <E10>102.3</E10>
    <E11>66.1</E11>
    <M1>102.3</M1>
    <M2>95.0</M2>
    <M3>87.7</M3>
    <M4>95.0</M4>
    <M5>87.6</M5>
    <M6>94.4</M6>
    <M7>131.6</M7>
    <M8>131.6</M8>
    <M9>124.3</M9>
    <M10>116.9</M10>
    <M11>116.9</M11>
    <M12>131.6</M12>
    <M13>101.1</M13>
    <K1>87.7</K1>
    <K2>80.9</K2>
    <K3>95.0</K3>
    <K4>80.4</K4>
    <K5>87.7</K5>
    <A1>16.1</A1>
    <A2>16.1</A2>
    <A3>30.0</A3>
    <A4>58.7</A4>
    <A5>24.0</A5>
    <A6>30.6</A6>
    <A7>92.8</A7>
    <A8>16.0</A8>
    <A9>58.5</A9>
    <A10>29.2</A10>
    <A11>22.0</A11>
    <A12>66.1</A12>
    <A13>22.0</A13>
    <A14>51.2</A14>
    <Z1>14.7</Z1>
    <Z2>-1.0</Z2>
    <Z3>19.7</Z3>
    <Z4>15.6</Z4>
    <Z5>27.0</Z5>
    <Z6>75.9</Z6>
    <Z7>42.2</Z7>
  </node-to-node>
  <node-to-node>
    <destination-node>Z3</destination-node>
    <N1>44.0</N1>
    <N2>49.5</N2>
    <N3>109.6</N3>
    <N4>30.4</N4>
    <N5>42.0</N5>
    <N6>46.0</N6>
    <N7>88.1</N7>
    <N8>66.1</N8>
    <N9>92.8</N9>
    <N10>101.2</N10>
    <S1>134.9</S1>
    <S2>102.3</S2>
    <S3>69.0</S3>
    <S4>148.3</S4>
    <S5>60.0</S5>
    <S6>74.0</S6>
    <S7>126.5</S7>
    <S8>128.1</S8>
    <E1>66.0</E1>
    <E2>138.9</E2>
    <E3>124.3</E3>
    <E4>42.8</E4>
    <E5>109.6</E5>
    <E6>102.3</E6>
    <E7>109.6</E7>
    <E8>138.9</E8>
    <E9>138.9</E9>
    <E10>95.0</E10>
    <E11>73.4</E11>
    <M1>95.0</M1>
    <M2>87.7</M2>
    <M3>80.4</M3>
    <M4>87.7</M4>
    <M5>39.0</M5>
    <M6>87.6</M6>
    <M7>124.3</M7>
    <M8>124.3</M8>
    <M9>116.9</M9>
    <M10>109.6</M10>
    <M11>109.6</M11>
    <M12>124.3</M12>
    <M13>102.3</M13>
    <K1>80.4</K1>
    <K2>74.1</K2>
    <K3>87.7</K3>
    <K4>73.1</K4>
    <K5>80.4</K5>
    <A1>25.0</A1>
    <A2>19.7</A2>
    <A3>31.6</A3>
    <A4>66.1</A4>
    <A5>11.0</A5>
    <A6>32.0</A6>
    <A7>109.6</A7>
    <A8>19.2</A8>
    <A9>65.8</A9>
    <A10>36.7</A10>
    <A11>33.7</A11>
    <A12>84.3</A12>
    <A13>29.4</A13>
    <A14>58.5</A14>
    <Z1>25.3</Z1>
    <Z2>16.9</Z2>
    <Z3>-1.0</Z3>
    <Z4>18.0</Z4>
    <Z5>21.9</Z5>
    <Z6>84.3</Z6>
    <Z7>50.6</Z7>
  </node-to-node>
  <node-to-node>
    <destination-node>Z4</destination-node>
    <N1>28.0</N1>
    <N2>24.2</N2>
    <N3>87.7</N3>
    <N4>22.4</N4>
    <N5>101.2</N5>
    <N6>92.8</N6>
    <N7>80.8</N7>
    <N8>58.7</N8>
    <N9>84.3</N9>
    <N10>92.8</N10>
    <S1>92.8</S1>
    <S2>95.0</S2>
    <S3>40.4</S3>
    <S4>148.3</S4>
    <S5>101.1</S5>
    <S6>109.6</S6>
    <S7>84.3</S7>
    <S8>141.5</S8>
    <E1>46.8</E1>
    <E2>153.5</E2>
    <E3>138.9</E3>
    <E4>49.2</E4>
    <E5>124.3</E5>
    <E6>116.9</E6>
    <E7>124.3</E7>
    <E8>153.5</E8>
    <E9>153.5</E9>
    <E10>109.6</E10>
    <E11>73.4</E11>
    <M1>109.6</M1>
    <M2>102.3</M2>
    <M3>95.0</M3>
    <M4>102.3</M4>
    <M5>94.4</M5>
    <M6>101.1</M6>
    <M7>138.9</M7>
    <M8>138.9</M8>
    <M9>131.6</M9>
    <M10>124.3</M10>
    <M11>124.3</M11>
    <M12>138.9</M12>
    <M13>116.9</M13>
    <K1>95.0</K1>
    <K2>87.6</K2>
    <K3>102.3</K3>
    <K4>87.7</K4>
    <K5>95.0</K5>
    <A1>21.3</A1>
    <A2>21.3</A2>
    <A3>29.0</A3>
    <A4>66.1</A4>
    <A5>58.7</A5>
    <A6>73.1</A6>
    <A7>109.6</A7>
    <A8>58.5</A8>
    <A9>65.8</A9>
    <A10>36.5</A10>
    <A11>29.2</A11>
    <A12>73.1</A12>
    <A13>22.0</A13>
    <A14>58.5</A14>
    <Z1>21.9</Z1>
    <Z2>14.6</Z2>
    <Z3>6.0</Z3>
    <Z4>-1.0</Z4>
    <Z5>36.5</Z5>
    <Z6>59.0</Z6>
    <Z7>50.6</Z7>
  </node-to-node>
  <node-to-node>
    <destination-node>Z5</destination-node>
    <N1>45.9</N1>
    <N2>42.7</N2>
    <N3>124.3</N3>
    <N4>34.8</N4>
    <N5>118.1</N5>
    <N6>118.1</N6>
    <N7>109.6</N7>
    <N8>92.8</N8>
    <N9>109.6</N9>
    <N10>118.1</N10>
    <S1>126.5</S1>
    <S2>116.9</S2>
    <S3>54.4</S3>
    <S4>107.8</S4>
    <S5>121.3</S5>
    <S6>134.9</S6>
    <S7>118.1</S7>
    <S8>114.6</S8>
    <E1>36.7</E1>
    <E2>124.3</E2>
    <E3>109.6</E3>
    <E4>37.8</E4>
    <E5>95.0</E5>
    <E6>87.7</E6>
    <E7>95.0</E7>
    <E8>124.3</E8>
    <E9>124.3</E9>
    <E10>80.4</E10>
    <E11>66.1</E11>
    <M1>80.4</M1>
    <M2>73.1</M2>
    <M3>65.8</M3>
    <M4>73.1</M4>
    <M5>67.4</M5>
    <M6>74.1</M6>
    <M7>109.6</M7>
    <M8>109.6</M8>
    <M9>102.3</M9>
    <M10>95.0</M10>
    <M11>95.0</M11>
    <M12>109.6</M12>
    <M13>80.9</M13>
    <K1>65.8</K1>
    <K2>60.7</K2>
    <K3>73.1</K3>
    <K4>53.9</K4>
    <K5>65.8</K5>
    <A1>15.4</A1>
    <A2>15.0</A2>
    <A3>27.7</A3>
    <A4>44.1</A4>
    <A5>30.2</A5>
    <A6>38.3</A6>
    <A7>67.5</A7>
    <A8>25.0</A8>
    <A9>43.9</A9>
    <A10>33.7</A10>
    <A11>42.2</A11>
    <A12>84.3</A12>
    <A13>50.6</A13>
    <A14>44.1</A14>
    <Z1>30.0</Z1>
    <Z2>24.0</Z2>
    <Z3>23.3</Z3>
    <Z4>38.9</Z4>
    <Z5>-1.0</Z5>
    <Z6>71.9</Z6>
    <Z7>36.7</Z7>
  </node-to-node>
  <node-to-node>
    <destination-node>Z6</destination-node>
    <N1>65.8</N1>
    <N2>58.5</N2>
    <N3>51.2</N3>
    <N4>58.5</N4>
    <N5>59.0</N5>
    <N6>59.0</N6>
    <N7>58.5</N7>
    <N8>36.5</N8>
    <N9>50.6</N9>
    <N10>50.6</N10>
    <S1>67.5</S1>
    <S2>84.3</S2>
    <S3>101.2</S3>
    <S4>92.8</S4>
    <S5>41.9</S5>
    <S6>41.9</S6>
    <S7>59.0</S7>
    <S8>93.3</S8>
    <E1>118.1</E1>
    <E2>134.9</E2>
    <E3>126.5</E3>
    <E4>118.1</E4>
    <E5>109.6</E5>
    <E6>109.6</E6>
    <E7>109.6</E7>
    <E8>118.1</E8>
    <E9>118.1</E9>
    <E10>134.9</E10>
    <E11>80.4</E11>
    <M1>102.3</M1>
    <M2>109.6</M2>
    <M3>116.9</M3>
    <M4>124.3</M4>
    <M5>128.1</M5>
    <M6>157.6</M6>
    <M7>102.3</M7>
    <M8>87.7</M8>
    <M9>87.7</M9>
    <M10>95.0</M10>
    <M11>94.4</M11>
    <M12>95.0</M12>
    <M13>94.4</M13>
    <K1>131.6</K1>
    <K2>114.6</K2>
    <K3>124.3</K3>
    <K4>128.1</K4>
    <K5>153.5</K5>
    <A1>65.8</A1>
    <A2>58.5</A2>
    <A3>51.2</A3>
    <A4>51.2</A4>
    <A5>58.5</A5>
    <A6>73.1</A6>
    <A7>87.7</A7>
    <A8>65.8</A8>
    <A9>95.0</A9>
    <A10>60.7</A10>
    <A11>53.9</A11>
    <A12>73.1</A12>
    <A13>47.2</A13>
    <A14>80.4</A14>
    <Z1>53.9</Z1>
    <Z2>88.6</Z2>
    <Z3>98.5</Z3>
    <Z4>68.9</Z4>
    <Z5>80.9</Z5>
    <Z6>-1.0</Z6>
    <Z7>60.7</Z7>
  </node-to-node>
  <node-to-node>
    <destination-node>Z7</destination-node>
    <N1>116.9</N1>
    <N2>109.6</N2>
    <N3>109.6</N3>
    <N4>116.9</N4>
    <N5>84.3</N5>
    <N6>84.3</N6>
    <N7>84.3</N7>
    <N8>59.0</N8>
    <N9>92.8</N9>
    <N10>101.2</N10>
    <S1>118.1</S1>
    <S2>118.1</S2>
    <S3>134.9</S3>
    <S4>143.4</S4>
    <S5>160.2</S5>
    <S6>118.1</S6>
    <S7>109.6</S7>
    <S8>134.9</S8>
    <E1>101.2</E1>
    <E2>134.9</E2>
    <E3>118.1</E3>
    <E4>109.6</E4>
    <E5>101.2</E5>
    <E6>92.8</E6>
    <E7>101.2</E7>
    <E8>134.9</E8>
    <E9>134.9</E9>
    <E10>84.3</E10>
    <E11>59.0</E11>
    <M1>73.1</M1>
    <M2>65.8</M2>
    <M3>58.5</M3>
    <M4>65.8</M4>
    <M5>88.6</M5>
    <M6>98.5</M6>
    <M7>95.0</M7>
    <M8>109.6</M8>
    <M9>95.0</M9>
    <M10>87.7</M10>
    <M11>80.9</M11>
    <M12>102.3</M12>
    <M13>74.1</M13>
    <K1>58.5</K1>
    <K2>53.9</K2>
    <K3>65.8</K3>
    <K4>68.9</K4>
    <K5>58.5</K5>
    <A1>50.6</A1>
    <A2>44.1</A2>
    <A3>44.1</A3>
    <A4>44.1</A4>
    <A5>21.9</A5>
    <A6>36.5</A6>
    <A7>51.2</A7>
    <A8>29.2</A8>
    <A9>36.5</A9>
    <A10>16.9</A10>
    <A11>18.0</A11>
    <A12>59.0</A12>
    <A13>24.0</A13>
    <A14>36.7</A14>
    <Z1>39.4</Z1>
    <Z2>49.2</Z2>
    <Z3>59.1</Z3>
    <Z4>59.1</Z4>
    <Z5>37.6</Z5>
    <Z6>53.9</Z6>
    <Z7>-1.0</Z7>
  </node-to-node>
</node-to-node-map>