<?xml version="1.0" encoding="UTF-8" standalone="yes"?>
<node-to-node-map xmlns:xsi="http://www.w3.org/2001/XMLSchema-instance">
  <node-to-node>
    <destination-node>N1</destination-node>
    <N1>-1</N1>
    <N2>-1</N2>
    <N3>-1</N3>
    <N4>-1</N4>
    <N5>-1</N5>
    <N6>-1</N6>
    <N7>-1</N7>
    <N8>-1</N8>
    <N9>86.715</N9>
    <N10>43.415</N10>
    <S1>43.415</S1>
    <S2>96.06</S2>
    <S3>26.135</S3>
    <S4>119.385</S4>
    <S5>97.68</S5>
    <S6>75.975</S6>
    <S7>54.265</S7>
    <S8>119.385</S8>
    <E1>32.775</E1>
    <E2>52.51</E2>
    <E3>25.36</E3>
    <E4>33.385</E4>
    <E5>82.405</E5>
    <E6>54.88</E6>
    <E7>105.95</E7>
    <E8>84.335</E8>
    <E9>70.28</E9>
    <E10>117.725</E10>
    <E11>210.835</E11>
    <M1>105.95</M1>
    <M2>117.725</M2>
    <M3>129.495</M3>
    <M4>240.155</M4>
    <M5>208.135</M5>
    <M6>176.115</M6>
    <M7>144.09</M7>
    <M8>96.06</M8>
    <M9>96.06</M9>
    <M10>82.405</M10>
    <M11>144.09</M11>
    <M12>112.07</M12>
    <M13>160.105</M13>
    <K1>141.27</K1>
    <K2>208.135</K2>
    <K3>129.495</K3>
    <K4>224.145</K4>
    <K5>153.04</K5>
    <A1>41.42</A1>
    <A2>44.185</A2>
    <A3>52.97</A3>
    <A4>211.905</A4>
    <A5>79.39</A5>
    <A6>49.325</A6>
    <A7>153.04</A7>
    <A8>67.8</A8>
    <A9>256.165</A9>
    <A10>240.155</A10>
    <A11>224.145</A11>
    <A12>188.36</A12>
    <A13>192.125</A13>
    <A14>272.175</A14>
    <Z1>79.625</Z1>
    <Z2>78.405</Z2>
    <Z3>79.945</Z3>
    <Z4>208.135</Z4>
    <Z5>288.185</Z5>
    <Z6>144.09</Z6>
    <Z7>256.165</Z7>
  </node-to-node>
  <node-to-node>
    <destination-node>N2</destination-node>
    <N1>-1</N1>
    <N2>-1</N2>
    <N3>-1</N3>
    <N4>-1</N4>
    <N5>-1</N5>
    <N6>-1</N6>
    <N7>-1</N7>
    <N8>-1</N8>
    <N9>69.37</N9>
    <N10>28.75</N10>
    <S1>32.56</S1>
    <S2>80.05</S2>
    <S3>40.775</S3>
    <S4>108.535</S4>
    <S5>84.14</S5>
    <S6>65.12</S6>
    <S7>43.415</S7>
    <S8>108.535</S8>
    <E1>43.485</E1>
    <E2>126.5</E2>
    <E3>126.5</E3>
    <E4>48.76</E4>
    <E5>98.39</E5>
    <E6>57.81</E6>
    <E7>105.95</E7>
    <E8>84.335</E8>
    <E9>70.28</E9>
    <E10>117.725</E10>
    <E11>182.725</E11>
    <M1>105.95</M1>
    <M2>117.725</M2>
    <M3>129.495</M3>
    <M4>240.155</M4>
    <M5>192.125</M5>
    <M6>176.115</M6>
    <M7>128.08</M7>
    <M8>96.06</M8>
    <M9>70.635</M9>
    <M10>82.405</M10>
    <M11>144.09</M11>
    <M12>112.07</M12>
    <M13>160.105</M13>
    <K1>141.27</K1>
    <K2>192.125</K2>
    <K3>141.27</K3>
    <K4>208.135</K4>
    <K5>153.04</K5>
    <A1>39.175</A1>
    <A2>41.29</A2>
    <A3>51.42</A3>
    <A4>200.13</A4>
    <A5>77.275</A5>
    <A6>55.295</A6>
    <A7>153.04</A7>
    <A8>272.175</A8>
    <A9>256.165</A9>
    <A10>224.145</A10>
    <A11>208.135</A11>
    <A12>176.585</A12>
    <A13>176.115</A13>
    <A14>256.165</A14>
    <Z1>79.625</Z1>
    <Z2>78.405</Z2>
    <Z3>78.495</Z3>
    <Z4>192.125</Z4>
    <Z5>272.175</Z5>
    <Z6>128.08</Z6>
    <Z7>240.155</Z7>
  </node-to-node>
  <node-to-node>
    <destination-node>N3</destination-node>
    <N1>-1</N1>
    <N2>-1</N2>
    <N3>-1</N3>
    <N4>-1</N4>
    <N5>-1</N5>
    <N6>-1</N6>
    <N7>-1</N7>
    <N8>-1</N8>
    <N9>52.03</N9>
    <N10>21.705</N10>
    <S1>48.03</S1>
    <S2>80.05</S2>
    <S3>29</S3>
    <S4>29</S4>
    <S5>75.975</S5>
    <S6>43.415</S6>
    <S7>32.56</S7>
    <S8>97.68</S8>
    <E1>140.555</E1>
    <E2>52.51</E2>
    <E3>126.5</E3>
    <E4>112.445</E4>
    <E5>112.445</E5>
    <E6>105.95</E6>
    <E7>117.725</E7>
    <E8>112.445</E8>
    <E9>98.39</E9>
    <E10>129.495</E10>
    <E11>196.78</E11>
    <M1>129.495</M1>
    <M2>141.27</M2>
    <M3>153.04</M3>
    <M4>256.165</M4>
    <M5>176.115</M5>
    <M6>160.105</M6>
    <M7>144.09</M7>
    <M8>112.07</M8>
    <M9>82.405</M9>
    <M10>94.18</M10>
    <M11>144.09</M11>
    <M12>128.08</M12>
    <M13>144.09</M13>
    <K1>153.04</K1>
    <K2>208.135</K2>
    <K3>141.27</K3>
    <K4>224.145</K4>
    <K5>164.815</K5>
    <A1>164.815</A1>
    <A2>176.585</A2>
    <A3>188.36</A3>
    <A4>200.13</A4>
    <A5>200.13</A5>
    <A6>188.36</A6>
    <A7>164.815</A7>
    <A8>288.185</A8>
    <A9>200.13</A9>
    <A10>224.145</A10>
    <A11>208.135</A11>
    <A12>210.835</A12>
    <A13>176.115</A13>
    <A14>188.36</A14>
    <Z1>208.135</Z1>
    <Z2>224.145</Z2>
    <Z3>240.155</Z3>
    <Z4>192.125</Z4>
    <Z5>272.175</Z5>
    <Z6>112.07</Z6>
    <Z7>240.155</Z7>
  </node-to-node>
  <node-to-node>
    <destination-node>N4</destination-node>
    <N1>-1</N1>
    <N2>-1</N2>
    <N3>-1</N3>
    <N4>-1</N4>
    <N5>-1</N5>
    <N6>-1</N6>
    <N7>-1</N7>
    <N8>-1</N8>
    <N9>32.56</N9>
    <N10>27.4</N10>
    <S1>64.04</S1>
    <S2>96.06</S2>
    <S3>22.5</S3>
    <S4>23.75</S4>
    <S5>84.14</S5>
    <S6>54.265</S6>
    <S7>43.415</S7>
    <S8>160.105</S8>
    <E1>48.455</E1>
    <E2>52.51</E2>
    <E3>140.555</E3>
    <E4>54.475</E4>
    <E5>126.5</E5>
    <E6>49.98</E6>
    <E7>129.495</E7>
    <E8>126.5</E8>
    <E9>112.445</E9>
    <E10>141.27</E10>
    <E11>210.835</E11>
    <M1>141.27</M1>
    <M2>153.04</M2>
    <M3>164.815</M3>
    <M4>272.175</M4>
    <M5>192.125</M5>
    <M6>176.115</M6>
    <M7>160.105</M7>
    <M8>128.08</M8>
    <M9>94.18</M9>
    <M10>105.95</M10>
    <M11>160.105</M11>
    <M12>144.09</M12>
    <M13>160.105</M13>
    <K1>164.815</K1>
    <K2>224.145</K2>
    <K3>153.04</K3>
    <K4>240.155</K4>
    <K5>176.585</K5>
    <A1>39.84</A1>
    <A2>43.075</A2>
    <A3>53.315</A3>
    <A4>211.905</A4>
    <A5>87.14</A5>
    <A6>69.5</A6>
    <A7>176.585</A7>
    <A8>304.195</A8>
    <A9>211.905</A9>
    <A10>240.155</A10>
    <A11>224.145</A11>
    <A12>224.89</A12>
    <A13>192.125</A13>
    <A14>200.13</A14>
    <Z1>94.625</Z1>
    <Z2>93.405</Z2>
    <Z3>93.495</Z3>
    <Z4>208.135</Z4>
    <Z5>288.185</Z5>
    <Z6>128.08</Z6>
    <Z7>256.165</Z7>
  </node-to-node>
  <node-to-node>
    <destination-node>N5</destination-node>
    <N1>-1</N1>
    <N2>-1</N2>
    <N3>-1</N3>
    <N4>-1</N4>
    <N5>-1</N5>
    <N6>-1</N6>
    <N7>-1</N7>
    <N8>-1</N8>
    <N9>48.03</N9>
    <N10>64.04</N10>
    <S1>96.06</S1>
    <S2>128.08</S2>
    <S3>48.265</S3>
    <S4>141.095</S4>
    <S5>86.825</S5>
    <S6>96.06</S6>
    <S7>80.05</S7>
    <S8>192.125</S8>
    <E1>42.87</E1>
    <E2>153.04</E2>
    <E3>182.725</E3>
    <E4>42.87</E4>
    <E5>129.495</E5>
    <E6>141.27</E6>
    <E7>153.04</E7>
    <E8>168.67</E8>
    <E9>154.61</E9>
    <E10>164.815</E10>
    <E11>126.5</E11>
    <M1>153.04</M1>
    <M2>164.815</M2>
    <M3>176.585</M3>
    <M4>288.185</M4>
    <M5>240.155</M5>
    <M6>224.145</M6>
    <M7>192.125</M7>
    <M8>160.105</M8>
    <M9>117.725</M9>
    <M10>129.495</M10>
    <M11>192.125</M11>
    <M12>176.115</M12>
    <M13>208.135</M13>
    <K1>188.36</K1>
    <K2>256.165</K2>
    <K3>176.585</K3>
    <K4>272.175</K4>
    <K5>200.13</K5>
    <A1>46.37</A1>
    <A2>44.375</A2>
    <A3>49.835</A3>
    <A4>147.295</A4>
    <A5>61.19</A5>
    <A6>51.27</A6>
    <A7>227.64</A7>
    <A8>51.13</A8>
    <A9>225.455</A9>
    <A10>156.085</A10>
    <A11>156.085</A11>
    <A12>131.755</A12>
    <A13>156.085</A13>
    <A14>173.425</A14>
    <Z1>79.125</Z1>
    <Z2>77.905</Z2>
    <Z3>69.975</Z3>
    <Z4>208.11</Z4>
    <Z5>242.795</Z5>
    <Z6>121.4</Z6>
    <Z7>173.425</Z7>
  </node-to-node>
  <node-to-node>
    <destination-node>N6</destination-node>
    <N1>-1</N1>
    <N2>-1</N2>
    <N3>-1</N3>
    <N4>-1</N4>
    <N5>-1</N5>
    <N6>-1</N6>
    <N7>-1</N7>
    <N8>-1</N8>
    <N9>64.04</N9>
    <N10>80.05</N10>
    <S1>112.07</S1>
    <S2>144.09</S2>
    <S3>47.765</S3>
    <S4>224.145</S4>
    <S5>144.09</S5>
    <S6>112.07</S6>
    <S7>96.06</S7>
    <S8>208.135</S8>
    <E1>43.735</E1>
    <E2>164.815</E2>
    <E3>164.815</E3>
    <E4>43.735</E4>
    <E5>141.27</E5>
    <E6>153.04</E6>
    <E7>164.815</E7>
    <E8>182.725</E8>
    <E9>168.67</E9>
    <E10>176.585</E10>
    <E11>112.445</E11>
    <M1>164.815</M1>
    <M2>176.585</M2>
    <M3>188.36</M3>
    <M4>304.195</M4>
    <M5>256.165</M5>
    <M6>240.155</M6>
    <M7>208.135</M7>
    <M8>176.115</M8>
    <M9>176.115</M9>
    <M10>192.125</M10>
    <M11>208.135</M11>
    <M12>192.125</M12>
    <M13>224.145</M13>
    <K1>200.13</K1>
    <K2>272.175</K2>
    <K3>188.36</K3>
    <K4>288.185</K4>
    <K5>211.905</K5>
    <A1>48.865</A1>
    <A2>46.895</A2>
    <A3>51.425</A3>
    <A4>208.11</A4>
    <A5>62.09</A5>
    <A6>53.655</A6>
    <A7>277.48</A7>
    <A8>53.535</A8>
    <A9>208.11</A9>
    <A10>156.085</A10>
    <A11>156.085</A11>
    <A12>133.905</A12>
    <A13>156.085</A13>
    <A14>190.77</A14>
    <Z1>79.125</Z1>
    <Z2>77.905</Z2>
    <Z3>77.33</Z3>
    <Z4>190.77</Z4>
    <Z5>242.795</Z5>
    <Z6>121.4</Z6>
    <Z7>173.425</Z7>
  </node-to-node>
  <node-to-node>
    <destination-node>N7</destination-node>
    <N1>-1</N1>
    <N2>-1</N2>
    <N3>-1</N3>
    <N4>-1</N4>
    <N5>-1</N5>
    <N6>-1</N6>
    <N7>-1</N7>
    <N8>-1</N8>
    <N9>96.06</N9>
    <N10>112.07</N10>
    <S1>160.105</S1>
    <S2>192.125</S2>
    <S3>240.155</S3>
    <S4>272.175</S4>
    <S5>208.135</S5>
    <S6>160.105</S6>
    <S7>160.105</S7>
    <S8>272.175</S8>
    <E1>200.13</E1>
    <E2>211.905</E2>
    <E3>200.13</E3>
    <E4>188.36</E4>
    <E5>240.155</E5>
    <E6>256.165</E6>
    <E7>272.175</E7>
    <E8>188.36</E8>
    <E9>188.36</E9>
    <E10>288.185</E10>
    <E11>58.86</E11>
    <M1>272.175</M1>
    <M2>256.165</M2>
    <M3>240.155</M3>
    <M4>240.155</M4>
    <M5>256.165</M5>
    <M6>272.175</M6>
    <M7>256.165</M7>
    <M8>224.145</M8>
    <M9>224.145</M9>
    <M10>240.155</M10>
    <M11>272.175</M11>
    <M12>240.155</M12>
    <M13>288.185</M13>
    <K1>224.145</K1>
    <K2>240.155</K2>
    <K3>240.155</K3>
    <K4>240.155</K4>
    <K5>224.145</K5>
    <A1>86.715</A1>
    <A2>104.055</A2>
    <A3>121.4</A3>
    <A4>138.74</A4>
    <A5>173.425</A5>
    <A6>208.11</A6>
    <A7>242.795</A7>
    <A8>156.085</A8>
    <A9>173.425</A9>
    <A10>156.085</A10>
    <A11>156.085</A11>
    <A12>104.055</A12>
    <A13>156.085</A13>
    <A14>138.74</A14>
    <Z1>108.535</Z1>
    <Z2>119.385</Z2>
    <Z3>130.24</Z3>
    <Z4>119.385</Z4>
    <Z5>225.455</Z5>
    <Z6>128.08</Z6>
    <Z7>173.425</Z7>
  </node-to-node>
  <node-to-node>
    <destination-node>N8</destination-node>
    <N1>-1</N1>
    <N2>-1</N2>
    <N3>-1</N3>
    <N4>-1</N4>
    <N5>-1</N5>
    <N6>-1</N6>
    <N7>-1</N7>
    <N8>-1</N8>
    <N9>82.405</N9>
    <N10>94.18</N10>
    <S1>105.95</S1>
    <S2>129.495</S2>
    <S3>164.815</S3>
    <S4>256.165</S4>
    <S5>144.09</S5>
    <S6>128.08</S6>
    <S7>128.08</S7>
    <S8>224.145</S8>
    <E1>176.585</E1>
    <E2>188.36</E2>
    <E3>224.89</E3>
    <E4>210.835</E4>
    <E5>164.815</E5>
    <E6>176.585</E6>
    <E7>188.36</E7>
    <E8>210.835</E8>
    <E9>196.78</E9>
    <E10>200.13</E10>
    <E11>84.335</E11>
    <M1>188.36</M1>
    <M2>200.13</M2>
    <M3>164.815</M3>
    <M4>240.155</M4>
    <M5>240.155</M5>
    <M6>256.165</M6>
    <M7>240.155</M7>
    <M8>153.04</M8>
    <M9>164.815</M9>
    <M10>176.585</M10>
    <M11>256.165</M11>
    <M12>164.815</M12>
    <M13>240.155</M13>
    <K1>164.815</K1>
    <K2>224.145</K2>
    <K3>176.585</K3>
    <K4>224.145</K4>
    <K5>164.815</K5>
    <A1>57.9</A1>
    <A2>62.235</A2>
    <A3>93.735</A3>
    <A4>107.125</A4>
    <A5>61.59</A5>
    <A6>60.775</A6>
    <A7>187.47</A7>
    <A8>156.085</A8>
    <A9>133.905</A9>
    <A10>104.055</A10>
    <A11>86.715</A11>
    <A12>87.835</A12>
    <A13>104.055</A13>
    <A14>93.735</A14>
    <Z1>75.975</Z1>
    <Z2>86.825</Z2>
    <Z3>97.68</Z3>
    <Z4>86.825</Z4>
    <Z5>190.77</Z5>
    <Z6>80.05</Z6>
    <Z7>121.4</Z7>
  </node-to-node>
  <node-to-node>
    <destination-node>N9</destination-node>
    <N1>21.5</N1>
    <N2>29.32</N2>
    <N3>24.5</N3>
    <N4>31.745</N4>
    <N5>43.92</N5>
    <N6>58.56</N6>
    <N7>87.835</N7>
    <N8>93.735</N8>
    <N9>-1</N9>
    <N10>27.865</N10>
    <S1>47.09</S1>
    <S2>96.06</S2>
    <S3>38.825</S3>
    <S4>31.44</S4>
    <S5>65.12</S5>
    <S6>64.04</S6>
    <S7>48.03</S7>
    <S8>160.105</S8>
    <E1>50.68</E1>
    <E2>154.61</E2>
    <E3>154.61</E3>
    <E4>64.05</E4>
    <E5>126.5</E5>
    <E6>140.555</E6>
    <E7>154.61</E7>
    <E8>140.555</E8>
    <E9>126.5</E9>
    <E10>141.27</E10>
    <E11>140.555</E11>
    <M1>129.495</M1>
    <M2>141.27</M2>
    <M3>153.04</M3>
    <M4>256.165</M4>
    <M5>224.145</M5>
    <M6>208.135</M6>
    <M7>160.105</M7>
    <M8>94.18</M8>
    <M9>94.18</M9>
    <M10>126.5</M10>
    <M11>160.105</M11>
    <M12>105.95</M12>
    <M13>176.115</M13>
    <K1>164.815</K1>
    <K2>240.155</K2>
    <K3>153.04</K3>
    <K4>240.155</K4>
    <K5>176.585</K5>
    <A1>67.545</A1>
    <A2>64.05</A2>
    <A3>61.55</A3>
    <A4>174.075</A4>
    <A5>77.76</A5>
    <A6>78.695</A6>
    <A7>254.42</A7>
    <A8>83.46</A8>
    <A9>200.86</A9>
    <A10>173.425</A10>
    <A11>156.085</A11>
    <A12>161.035</A12>
    <A13>156.085</A13>
    <A14>174.075</A14>
    <Z1>94.75</Z1>
    <Z2>90.155</Z2>
    <Z3>82.13</Z3>
    <Z4>173.425</Z4>
    <Z5>225.455</Z5>
    <Z6>104.055</Z6>
    <Z7>190.77</Z7>
  </node-to-node>
  <node-to-node>
    <destination-node>N10</destination-node>
    <N1>25.605</N1>
    <N2>28.2</N2>
    <N3>27.085</N3>
    <N4>31.245</N4>
    <N5>58.56</N5>
    <N6>73.195</N6>
    <N7>102.475</N7>
    <N8>107.125</N8>
    <N9>22.5</N9>
    <N10>-1</N10>
    <S1>35.315</S1>
    <S2>80.05</S2>
    <S3>30.5</S3>
    <S4>28.5</S4>
    <S5>54.265</S5>
    <S6>48.03</S6>
    <S7>32.02</S7>
    <S8>144.09</S8>
    <E1>45.295</E1>
    <E2>140.555</E2>
    <E3>140.555</E3>
    <E4>42.985</E4>
    <E5>112.445</E5>
    <E6>126.5</E6>
    <E7>140.555</E7>
    <E8>126.5</E8>
    <E9>112.445</E9>
    <E10>154.61</E10>
    <E11>154.61</E11>
    <M1>117.725</M1>
    <M2>129.495</M2>
    <M3>141.27</M3>
    <M4>240.155</M4>
    <M5>208.135</M5>
    <M6>192.125</M6>
    <M7>105.95</M7>
    <M8>82.405</M8>
    <M9>82.405</M9>
    <M10>112.445</M10>
    <M11>144.09</M11>
    <M12>94.18</M12>
    <M13>160.105</M13>
    <K1>164.815</K1>
    <K2>208.135</K2>
    <K3>210.835</K3>
    <K4>208.135</K4>
    <K5>176.585</K5>
    <A1>53.42</A1>
    <A2>51.96</A2>
    <A3>55.06</A3>
    <A4>187.47</A4>
    <A5>86.35</A5>
    <A6>83.04</A6>
    <A7>267.81</A7>
    <A8>200.86</A8>
    <A9>214.25</A9>
    <A10>190.77</A10>
    <A11>173.425</A11>
    <A12>175.675</A12>
    <A13>173.425</A13>
    <A14>187.47</A14>
    <Z1>79.625</Z1>
    <Z2>78.405</Z2>
    <Z3>75.065</Z3>
    <Z4>190.77</Z4>
    <Z5>242.795</Z5>
    <Z6>104.055</Z6>
    <Z7>208.11</Z7>
  </node-to-node>
  <node-to-node>
    <destination-node>S1</destination-node>
    <N1>35.895</N1>
    <N2>41.46</N2>
    <N3>33.43</N3>
    <N4>43.495</N4>
    <N5>87.835</N5>
    <N6>102.475</N6>
    <N7>146.395</N7>
    <N8>120.515</N8>
    <N9>31</N9>
    <N10>44.07</N10>
    <S1>-1</S1>
    <S2>48.03</S2>
    <S3>59.805</S3>
    <S4>35.7</S4>
    <S5>80.05</S5>
    <S6>48.03</S6>
    <S7>34.685</S7>
    <S8>65.12</S8>
    <E1>55.475</E1>
    <E2>112.445</E2>
    <E3>112.445</E3>
    <E4>98.39</E4>
    <E5>84.335</E5>
    <E6>98.39</E6>
    <E7>112.445</E7>
    <E8>98.39</E8>
    <E9>84.335</E9>
    <E10>126.5</E10>
    <E11>182.725</E11>
    <M1>94.18</M1>
    <M2>105.95</M2>
    <M3>117.725</M3>
    <M4>153.04</M4>
    <M5>176.115</M5>
    <M6>160.105</M6>
    <M7>82.405</M7>
    <M8>58.86</M8>
    <M9>70.635</M9>
    <M10>98.39</M10>
    <M11>112.07</M11>
    <M12>70.635</M12>
    <M13>128.08</M13>
    <K1>129.495</K1>
    <K2>192.125</K2>
    <K3>140.555</K3>
    <K4>208.135</K4>
    <K5>168.67</K5>
    <A1>73.505</A1>
    <A2>66.21</A2>
    <A3>66.42</A3>
    <A4>234.23</A4>
    <A5>76.03</A5>
    <A6>80.39</A6>
    <A7>160.685</A7>
    <A8>214.25</A8>
    <A9>200.86</A9>
    <A10>225.455</A10>
    <A11>225.455</A11>
    <A12>204.95</A12>
    <A13>190.31</A13>
    <A14>214.25</A14>
    <Z1>107.875</Z1>
    <Z2>106.655</Z2>
    <Z3>106.745</Z3>
    <Z4>190.77</Z4>
    <Z5>260.14</Z5>
    <Z6>138.74</Z6>
    <Z7>242.795</Z7>
  </node-to-node>
  <node-to-node>
    <destination-node>S2</destination-node>
    <N1>87.835</N1>
    <N2>73.195</N2>
    <N3>73.195</N3>
    <N4>87.835</N4>
    <N5>117.115</N5>
    <N6>131.755</N6>
    <N7>175.675</N7>
    <N8>147.295</N8>
    <N9>87.835</N9>
    <N10>73.195</N10>
    <S1>43.92</S1>
    <S2>-1</S2>
    <S3>52.03</S3>
    <S4>86.715</S4>
    <S5>121.4</S5>
    <S6>66.955</S6>
    <S7>53.56</S7>
    <S8>43.415</S8>
    <E1>98.39</E1>
    <E2>112.445</E2>
    <E3>112.445</E3>
    <E4>98.39</E4>
    <E5>84.335</E5>
    <E6>98.39</E6>
    <E7>112.445</E7>
    <E8>96.745</E8>
    <E9>82.925</E9>
    <E10>126.5</E10>
    <E11>210.835</E11>
    <M1>112.445</M1>
    <M2>126.5</M2>
    <M3>140.555</M3>
    <M4>117.725</M4>
    <M5>112.07</M5>
    <M6>96.06</M6>
    <M7>58.86</M7>
    <M8>42.165</M8>
    <M9>56.225</M9>
    <M10>70.28</M10>
    <M11>80.05</M11>
    <M12>47.09</M12>
    <M13>96.06</M13>
    <K1>154.61</K1>
    <K2>128.08</K2>
    <K3>160.105</K3>
    <K4>144.09</K4>
    <K5>168.67</K5>
    <A1>219.59</A1>
    <A2>234.23</A2>
    <A3>248.87</A3>
    <A4>241.03</A4>
    <A5>241.03</A5>
    <A6>174.075</A6>
    <A7>174.075</A7>
    <A8>204.95</A8>
    <A9>204.95</A9>
    <A10>225.455</A10>
    <A11>208.11</A11>
    <A12>234.23</A12>
    <A13>190.77</A13>
    <A14>263.51</A14>
    <Z1>141.27</Z1>
    <Z2>208.135</Z2>
    <Z3>224.145</Z3>
    <Z4>208.135</Z4>
    <Z5>256.165</Z5>
    <Z6>173.425</Z6>
    <Z7>242.795</Z7>
  </node-to-node>
  <node-to-node>
    <destination-node>S3</destination-node>
    <N1>124.385</N1>
    <N2>110.565</N2>
    <N3>117.115</N3>
    <N4>131.755</N4>
    <N5>161.035</N5>
    <N6>175.675</N6>
    <N7>219.59</N7>
    <N8>187.47</N8>
    <N9>131.755</N9>
    <N10>117.115</N10>
    <S1>73.195</S1>
    <S2>42.165</S2>
    <S3>-1</S3>
    <S4>52.03</S4>
    <S5>121.4</S5>
    <S6>102.475</S6>
    <S7>102.475</S7>
    <S8>21.705</S8>
    <E1>126.5</E1>
    <E2>140.555</E2>
    <E3>140.555</E3>
    <E4>126.5</E4>
    <E5>112.445</E5>
    <E6>126.5</E6>
    <E7>140.555</E7>
    <E8>124.385</E8>
    <E9>110.565</E9>
    <E10>154.61</E10>
    <E11>238.945</E11>
    <M1>138.205</M1>
    <M2>154.61</M2>
    <M3>168.67</M3>
    <M4>154.61</M4>
    <M5>94.18</M5>
    <M6>82.405</M6>
    <M7>84.335</M7>
    <M8>70.28</M8>
    <M9>84.335</M9>
    <M10>98.39</M10>
    <M11>70.635</M11>
    <M12>70.28</M12>
    <M13>70.635</M13>
    <K1>182.725</K1>
    <K2>105.95</K2>
    <K3>168.67</K3>
    <K4>117.725</K4>
    <K5>196.78</K5>
    <A1>248.87</A1>
    <A2>263.51</A2>
    <A3>234.23</A3>
    <A4>219.59</A4>
    <A5>187.47</A5>
    <A6>174.075</A6>
    <A7>190.31</A7>
    <A8>219.59</A8>
    <A9>234.23</A9>
    <A10>200.86</A10>
    <A11>187.47</A11>
    <A12>263.51</A12>
    <A13>174.075</A13>
    <A14>277.48</A14>
    <Z1>164.815</Z1>
    <Z2>176.585</Z2>
    <Z3>188.36</Z3>
    <Z4>176.585</Z4>
    <Z5>211.905</Z5>
    <Z6>208.11</Z6>
    <Z7>277.48</Z7>
  </node-to-node>
  <node-to-node>
    <destination-node>S4</destination-node>
    <N1>31.335</N1>
    <N2>32.585</N2>
    <N3>29.5</N3>
    <N4>46.06</N4>
    <N5>179.665</N5>
    <N6>204.95</N6>
    <N7>248.87</N7>
    <N8>234.23</N8>
    <N9>27.5</N9>
    <N10>31.985</N10>
    <S1>102.475</S1>
    <S2>70.28</S2>
    <S3>11.14</S3>
    <S4>-1</S4>
    <S5>70.28</S5>
    <S6>98.39</S6>
    <S7>110.565</S7>
    <S8>28.11</S8>
    <E1>154.61</E1>
    <E2>168.67</E2>
    <E3>168.67</E3>
    <E4>154.61</E4>
    <E5>140.555</E5>
    <E6>154.61</E6>
    <E7>168.67</E7>
    <E8>152.025</E8>
    <E9>138.205</E9>
    <E10>182.725</E10>
    <E11>281.115</E11>
    <M1>168.67</M1>
    <M2>182.725</M2>
    <M3>196.78</M3>
    <M4>168.67</M4>
    <M5>105.95</M5>
    <M6>94.18</M6>
    <M7>98.39</M7>
    <M8>98.39</M8>
    <M9>112.445</M9>
    <M10>126.5</M10>
    <M11>98.39</M11>
    <M12>98.39</M12>
    <M13>98.39</M13>
    <K1>196.78</K1>
    <K2>117.725</K2>
    <K3>210.835</K3>
    <K4>129.495</K4>
    <K5>210.835</K5>
    <A1>65.2</A1>
    <A2>55.09</A2>
    <A3>74.355</A3>
    <A4>234.23</A4>
    <A5>54.195</A5>
    <A6>57.82</A6>
    <A7>204.95</A7>
    <A8>219.59</A8>
    <A9>219.59</A9>
    <A10>263.51</A10>
    <A11>278.15</A11>
    <A12>292.79</A12>
    <A13>292.79</A13>
    <A14>234.23</A14>
    <Z1>115.875</Z1>
    <Z2>116.155</Z2>
    <Z3>111.995</Z3>
    <Z4>258.99</Z4>
    <Z5>188.36</Z5>
    <Z6>190.77</Z6>
    <Z7>294.825</Z7>
  </node-to-node>
  <node-to-node>
    <destination-node>S5</destination-node>
    <N1>36.645</N1>
    <N2>46.855</N2>
    <N3>96.745</N3>
    <N4>47.575</N4>
    <N5>110.565</N5>
    <N6>131.755</N6>
    <N7>190.31</N7>
    <N8>131.755</N8>
    <N9>82.925</N9>
    <N10>35.86</N10>
    <S1>73.195</S1>
    <S2>98.39</S2>
    <S3>98.39</S3>
    <S4>86.715</S4>
    <S5>-1</S5>
    <S6>41.46</S6>
    <S7>55.28</S7>
    <S8>70.635</S8>
    <E1>56.495</E1>
    <E2>168.67</E2>
    <E3>168.67</E3>
    <E4>58.16</E4>
    <E5>140.555</E5>
    <E6>154.61</E6>
    <E7>168.67</E7>
    <E8>152.025</E8>
    <E9>138.205</E9>
    <E10>182.725</E10>
    <E11>210.835</E11>
    <M1>168.67</M1>
    <M2>182.725</M2>
    <M3>196.78</M3>
    <M4>210.835</M4>
    <M5>141.27</M5>
    <M6>129.495</M6>
    <M7>154.61</M7>
    <M8>126.5</M8>
    <M9>140.555</M9>
    <M10>154.61</M10>
    <M11>154.61</M11>
    <M12>140.555</M12>
    <M13>154.61</M13>
    <K1>210.835</K1>
    <K2>153.04</K2>
    <K3>196.78</K3>
    <K4>164.815</K4>
    <K5>224.89</K5>
    <A1>66</A1>
    <A2>67.05</A2>
    <A3>57.735</A3>
    <A4>263.51</A4>
    <A5>87.12</A5>
    <A6>69.595</A6>
    <A7>234.23</A7>
    <A8>92.66</A8>
    <A9>292.79</A9>
    <A10>219.59</A10>
    <A11>204.95</A11>
    <A12>234.23</A12>
    <A13>267.81</A13>
    <A14>234.23</A14>
    <Z1>242.795</Z1>
    <Z2>176.585</Z2>
    <Z3>75.135</Z3>
    <Z4>176.585</Z4>
    <Z5>211.905</Z5>
    <Z6>93.735</Z6>
    <Z7>329.51</Z7>
  </node-to-node>
  <node-to-node>
    <destination-node>S6</destination-node>
    <N1>34.335</N1>
    <N2>34.78</N2>
    <N3>55.28</N3>
    <N4>43.6</N4>
    <N5>87.835</N5>
    <N6>102.475</N6>
    <N7>146.395</N7>
    <N8>117.115</N8>
    <N9>58.56</N9>
    <N10>33.985</N10>
    <S1>43.92</S1>
    <S2>58.86</S2>
    <S3>40.11</S3>
    <S4>121.4</S4>
    <S5>32.56</S5>
    <S6>-1</S6>
    <S7>27.64</S7>
    <S8>128.08</S8>
    <E1>55.43</E1>
    <E2>140.555</E2>
    <E3>140.555</E3>
    <E4>55.17</E4>
    <E5>112.445</E5>
    <E6>126.5</E6>
    <E7>140.555</E7>
    <E8>126.5</E8>
    <E9>112.445</E9>
    <E10>154.61</E10>
    <E11>182.725</E11>
    <M1>117.725</M1>
    <M2>129.495</M2>
    <M3>141.27</M3>
    <M4>176.585</M4>
    <M5>208.135</M5>
    <M6>192.125</M6>
    <M7>105.95</M7>
    <M8>82.405</M8>
    <M9>112.445</M9>
    <M10>126.5</M10>
    <M11>105.95</M11>
    <M12>112.445</M12>
    <M13>117.725</M13>
    <K1>153.04</K1>
    <K2>224.145</K2>
    <K3>168.67</K3>
    <K4>240.155</K4>
    <K5>196.78</K5>
    <A1>63.805</A1>
    <A2>63.67</A2>
    <A3>60.035</A3>
    <A4>214.25</A4>
    <A5>89.875</A5>
    <A6>81.335</A6>
    <A7>294.595</A7>
    <A8>91.075</A8>
    <A9>241.03</A9>
    <A10>160.685</A10>
    <A11>190.77</A11>
    <A12>190.31</A12>
    <A13>208.11</A13>
    <A14>214.25</A14>
    <Z1>109.625</Z1>
    <Z2>109.905</Z2>
    <Z3>95.975</Z3>
    <Z4>225.455</Z4>
    <Z5>277.48</Z5>
    <Z6>93.735</Z6>
    <Z7>242.795</Z7>
  </node-to-node>
  <node-to-node>
    <destination-node>S7</destination-node>
    <N1>31.025</N1>
    <N2>32.15</N2>
    <N3>27.5</N3>
    <N4>36.775</N4>
    <N5>73.195</N5>
    <N6>87.835</N6>
    <N7>146.395</N7>
    <N8>117.115</N8>
    <N9>22.5</N9>
    <N10>26.505</N10>
    <S1>28.11</S1>
    <S2>47.09</S2>
    <S3>33.27</S3>
    <S4>27.25</S4>
    <S5>43.415</S5>
    <S6>21.705</S6>
    <S7>-1</S7>
    <S8>112.07</S8>
    <E1>49.755</E1>
    <E2>126.5</E2>
    <E3>126.5</E3>
    <E4>55.56</E4>
    <E5>98.39</E5>
    <E6>112.445</E6>
    <E7>126.5</E7>
    <E8>112.445</E8>
    <E9>98.39</E9>
    <E10>140.555</E10>
    <E11>196.78</E11>
    <M1>105.95</M1>
    <M2>117.725</M2>
    <M3>129.495</M3>
    <M4>164.815</M4>
    <M5>192.125</M5>
    <M6>176.115</M6>
    <M7>94.18</M7>
    <M8>70.635</M8>
    <M9>98.39</M9>
    <M10>112.445</M10>
    <M11>128.08</M11>
    <M12>82.405</M12>
    <M13>144.09</M13>
    <K1>141.27</K1>
    <K2>208.135</K2>
    <K3>154.61</K3>
    <K4>224.145</K4>
    <K5>182.725</K5>
    <A1>66.52</A1>
    <A2>63.34</A2>
    <A3>62.33</A3>
    <A4>200.86</A4>
    <A5>85.33</A5>
    <A6>66.33</A6>
    <A7>147.295</A7>
    <A8>200.86</A8>
    <A9>187.47</A9>
    <A10>160.685</A10>
    <A11>208.11</A11>
    <A12>190.31</A12>
    <A13>208.11</A13>
    <A14>200.86</A14>
    <Z1>107.875</Z1>
    <Z2>106.655</Z2>
    <Z3>106.745</Z3>
    <Z4>173.425</Z4>
    <Z5>242.795</Z5>
    <Z6>121.4</Z6>
    <Z7>225.455</Z7>
  </node-to-node>
  <node-to-node>
    <destination-node>S8</destination-node>
    <N1>56.3</N1>
    <N2>57.835</N2>
    <N3>44.5</N3>
    <N4>44.5</N4>
    <N5>175.675</N5>
    <N6>190.31</N6>
    <N7>248.87</N7>
    <N8>204.95</N8>
    <N9>42.5</N9>
    <N10>50.94</N10>
    <S1>82.925</S1>
    <S2>55.28</S2>
    <S3>27.64</S3>
    <S4>34.685</S4>
    <S5>80.345</S5>
    <S6>117.115</S6>
    <S7>102.475</S7>
    <S8>-1</S8>
    <E1>140.555</E1>
    <E2>154.61</E2>
    <E3>154.61</E3>
    <E4>140.555</E4>
    <E5>126.5</E5>
    <E6>140.555</E6>
    <E7>154.61</E7>
    <E8>138.205</E8>
    <E9>124.385</E9>
    <E10>154.61</E10>
    <E11>238.945</E11>
    <M1>154.61</M1>
    <M2>168.67</M2>
    <M3>182.725</M3>
    <M4>154.61</M4>
    <M5>94.18</M5>
    <M6>82.405</M6>
    <M7>84.335</M7>
    <M8>84.335</M8>
    <M9>98.39</M9>
    <M10>112.445</M10>
    <M11>84.335</M11>
    <M12>84.335</M12>
    <M13>84.335</M13>
    <K1>196.78</K1>
    <K2>105.95</K2>
    <K3>168.67</K3>
    <K4>117.725</K4>
    <K5>210.835</K5>
    <A1>73.2</A1>
    <A2>73.2</A2>
    <A3>69.32</A3>
    <A4>210.835</A4>
    <A5>196.78</A5>
    <A6>182.725</A6>
    <A7>182.725</A7>
    <A8>210.835</A8>
    <A9>196.78</A9>
    <A10>238.945</A10>
    <A11>253</A11>
    <A12>267.06</A12>
    <A13>267.06</A13>
    <A14>224.89</A14>
    <Z1>223.675</Z1>
    <Z2>235.45</Z2>
    <Z3>223.675</Z3>
    <Z4>247.22</Z4>
    <Z5>200.13</Z5>
    <Z6>175.675</Z6>
    <Z7>277.48</Z7>
  </node-to-node>
  <node-to-node>
    <destination-node>E1</destination-node>
    <N1>32.1</N1>
    <N2>29.945</N2>
    <N3>173.425</N3>
    <N4>40.55</N4>
    <N5>49.135</N5>
    <N6>37.375</N6>
    <N7>227.64</N7>
    <N8>200.86</N8>
    <N9>173.425</N9>
    <N10>156.085</N10>
    <S1>121.4</S1>
    <S2>121.4</S2>
    <S3>55.21</S3>
    <S4>190.77</S4>
    <S5>190.77</S5>
    <S6>156.085</S6>
    <S7>138.74</S7>
    <S8>173.425</S8>
    <E1>-1</E1>
    <E2>28.11</E2>
    <E3>27.64</E3>
    <E4>28.11</E4>
    <E5>34.685</E5>
    <E6>19.775</E6>
    <E7>32.02</E7>
    <E8>58.56</E8>
    <E9>73.195</E9>
    <E10>48.03</E10>
    <E11>164.815</E11>
    <M1>32.56</M1>
    <M2>64.04</M2>
    <M3>80.05</M3>
    <M4>86.825</M4>
    <M5>119.385</M5>
    <M6>130.24</M6>
    <M7>75.975</M7>
    <M8>86.715</M8>
    <M9>69.37</M9>
    <M10>52.03</M10>
    <M11>86.825</M11>
    <M12>65.12</M12>
    <M13>97.68</M13>
    <K1>80.05</K1>
    <K2>144.09</K2>
    <K3>64.04</K3>
    <K4>160.105</K4>
    <K5>96.06</K5>
    <A1>49.985</A1>
    <A2>49.665</A2>
    <A3>47.65</A3>
    <A4>141.27</A4>
    <A5>70.305</A5>
    <A6>61.13</A6>
    <A7>128.08</A7>
    <A8>59.615</A8>
    <A9>144.09</A9>
    <A10>208.135</A10>
    <A11>224.145</A11>
    <A12>188.36</A12>
    <A13>240.155</A13>
    <A14>176.115</A14>
    <Z1>72.905</Z1>
    <Z2>72.285</Z2>
    <Z3>69.49</Z3>
    <Z4>272.175</Z4>
    <Z5>208.135</Z5>
    <Z6>242.795</Z6>
    <Z7>208.11</Z7>
  </node-to-node>
  <node-to-node>
    <destination-node>E2</destination-node>
    <N1>37.485</N1>
    <N2>36.69</N2>
    <N3>190.77</N3>
    <N4>40.215</N4>
    <N5>174.075</N5>
    <N6>187.47</N6>
    <N7>241.03</N7>
    <N8>214.25</N8>
    <N9>190.77</N9>
    <N10>173.425</N10>
    <S1>138.74</S1>
    <S2>138.74</S2>
    <S3>173.425</S3>
    <S4>208.11</S4>
    <S5>208.11</S5>
    <S6>173.425</S6>
    <S7>156.085</S7>
    <S8>190.77</S8>
    <E1>12.64</E1>
    <E2>-1</E2>
    <E3>58.56</E3>
    <E4>40.17</E4>
    <E5>52.03</E5>
    <E6>69.37</E6>
    <E7>86.715</E7>
    <E8>66.955</E8>
    <E9>80.345</E9>
    <E10>96.06</E10>
    <E11>200.13</E11>
    <M1>54.265</M1>
    <M2>65.12</M2>
    <M3>112.07</M3>
    <M4>97.68</M4>
    <M5>130.24</M5>
    <M6>130.24</M6>
    <M7>97.68</M7>
    <M8>104.055</M8>
    <M9>86.715</M9>
    <M10>69.37</M10>
    <M11>97.68</M11>
    <M12>121.4</M12>
    <M13>108.535</M13>
    <K1>144.09</K1>
    <K2>141.095</K2>
    <K3>128.08</K3>
    <K4>208.135</K4>
    <K5>160.105</K5>
    <A1>59.295</A1>
    <A2>61.87</A2>
    <A3>57.31</A3>
    <A4>164.815</A4>
    <A5>76.31</A5>
    <A6>75.62</A6>
    <A7>160.105</A7>
    <A8>70.545</A8>
    <A9>224.145</A9>
    <A10>272.175</A10>
    <A11>288.185</A11>
    <A12>200.13</A12>
    <A13>304.195</A13>
    <A14>240.155</A14>
    <Z1>304.195</Z1>
    <Z2>320.205</Z2>
    <Z3>99.875</Z3>
    <Z4>336.215</Z4>
    <Z5>272.175</Z5>
    <Z6>277.48</Z6>
    <Z7>277.48</Z7>
  </node-to-node>
  <node-to-node>
    <destination-node>E3</destination-node>
    <N1>32.42</N1>
    <N2>21.675</N2>
    <N3>156.085</N3>
    <N4>173.425</N4>
    <N5>225.455</N5>
    <N6>25.92</N6>
    <N7>227.64</N7>
    <N8>277.48</N8>
    <N9>190.77</N9>
    <N10>173.425</N10>
    <S1>138.74</S1>
    <S2>138.74</S2>
    <S3>173.425</S3>
    <S4>208.11</S4>
    <S5>208.11</S5>
    <S6>173.425</S6>
    <S7>156.085</S7>
    <S8>190.77</S8>
    <E1>14.87</E1>
    <E2>64.04</E2>
    <E3>-1</E3>
    <E4>14.065</E4>
    <E5>52.03</E5>
    <E6>43.415</E6>
    <E7>80.05</E7>
    <E8>53.56</E8>
    <E9>66.955</E9>
    <E10>96.06</E10>
    <E11>200.13</E11>
    <M1>54.265</M1>
    <M2>96.06</M2>
    <M3>112.07</M3>
    <M4>144.09</M4>
    <M5>130.24</M5>
    <M6>130.24</M6>
    <M7>97.68</M7>
    <M8>104.055</M8>
    <M9>86.715</M9>
    <M10>43.415</M10>
    <M11>97.68</M11>
    <M12>75.975</M12>
    <M13>108.535</M13>
    <K1>128.08</K1>
    <K2>108.535</K2>
    <K3>112.07</K3>
    <K4>176.115</K4>
    <K5>144.09</K5>
    <A1>60.775</A1>
    <A2>61.275</A2>
    <A3>164.815</A3>
    <A4>153.04</A4>
    <A5>67.44</A5>
    <A6>74.475</A6>
    <A7>144.09</A7>
    <A8>192.125</A8>
    <A9>192.125</A9>
    <A10>240.155</A10>
    <A11>256.165</A11>
    <A12>200.13</A12>
    <A13>272.175</A13>
    <A14>208.135</A14>
    <Z1>272.175</Z1>
    <Z2>288.185</Z2>
    <Z3>133.5</Z3>
    <Z4>304.195</Z4>
    <Z5>240.155</Z5>
    <Z6>260.14</Z6>
    <Z7>242.795</Z7>
  </node-to-node>
  <node-to-node>
    <destination-node>E4</destination-node>
    <N1>37.105</N1>
    <N2>33.215</N2>
    <N3>138.74</N3>
    <N4>41.05</N4>
    <N5>48.69</N5>
    <N6>38.685</N6>
    <N7>214.25</N7>
    <N8>260.14</N8>
    <N9>173.425</N9>
    <N10>156.085</N10>
    <S1>121.4</S1>
    <S2>121.4</S2>
    <S3>156.085</S3>
    <S4>190.77</S4>
    <S5>190.77</S5>
    <S6>156.085</S6>
    <S7>138.74</S7>
    <S8>173.425</S8>
    <E1>34.685</E1>
    <E2>35.315</E2>
    <E3>28.11</E3>
    <E4>-1</E4>
    <E5>21.705</E5>
    <E6>48.03</E6>
    <E7>64.04</E7>
    <E8>40.17</E8>
    <E9>53.56</E9>
    <E10>80.05</E10>
    <E11>188.36</E11>
    <M1>64.04</M1>
    <M2>80.05</M2>
    <M3>96.06</M3>
    <M4>128.08</M4>
    <M5>119.385</M5>
    <M6>130.24</M6>
    <M7>86.825</M7>
    <M8>54.265</M8>
    <M9>43.415</M9>
    <M10>32.56</M10>
    <M11>86.825</M11>
    <M12>65.12</M12>
    <M13>97.68</M13>
    <K1>112.07</K1>
    <K2>144.09</K2>
    <K3>96.06</K3>
    <K4>160.105</K4>
    <K5>128.08</K5>
    <A1>47.44</A1>
    <A2>48.025</A2>
    <A3>45.36</A3>
    <A4>141.27</A4>
    <A5>70.61</A5>
    <A6>60.335</A6>
    <A7>128.08</A7>
    <A8>176.115</A8>
    <A9>176.115</A9>
    <A10>224.145</A10>
    <A11>240.155</A11>
    <A12>188.36</A12>
    <A13>256.165</A13>
    <A14>192.125</A14>
    <Z1>72.905</Z1>
    <Z2>71.685</Z2>
    <Z3>71.775</Z3>
    <Z4>288.185</Z4>
    <Z5>224.145</Z5>
    <Z6>242.795</Z6>
    <Z7>225.455</Z7>
  </node-to-node>
  <node-to-node>
    <destination-node>E5</destination-node>
    <N1>36.805</N1>
    <N2>34.88</N2>
    <N3>138.74</N3>
    <N4>38.335</N4>
    <N5>147.295</N5>
    <N6>37.6</N6>
    <N7>219.59</N7>
    <N8>187.47</N8>
    <N9>156.085</N9>
    <N10>138.74</N10>
    <S1>104.055</S1>
    <S2>104.055</S2>
    <S3>138.74</S3>
    <S4>173.425</S4>
    <S5>173.425</S5>
    <S6>138.74</S6>
    <S7>121.4</S7>
    <S8>156.085</S8>
    <E1>13.23</E1>
    <E2>42.165</E2>
    <E3>42.165</E3>
    <E4>11.895</E4>
    <E5>-1</E5>
    <E6>32.02</E6>
    <E7>35.315</E7>
    <E8>58.56</E8>
    <E9>58.56</E9>
    <E10>47.09</E10>
    <E11>176.585</E11>
    <M1>48.03</M1>
    <M2>64.04</M2>
    <M3>80.05</M3>
    <M4>112.07</M4>
    <M5>108.535</M5>
    <M6>119.385</M6>
    <M7>65.12</M7>
    <M8>43.415</M8>
    <M9>32.56</M9>
    <M10>21.705</M10>
    <M11>75.975</M11>
    <M12>54.265</M12>
    <M13>86.825</M13>
    <K1>70.635</K1>
    <K2>128.08</K2>
    <K3>80.05</K3>
    <K4>144.09</K4>
    <K5>112.07</K5>
    <A1>60.875</A1>
    <A2>57.425</A2>
    <A3>45.63</A3>
    <A4>129.495</A4>
    <A5>160.105</A5>
    <A6>128.08</A6>
    <A7>112.07</A7>
    <A8>160.105</A8>
    <A9>160.105</A9>
    <A10>208.135</A10>
    <A11>224.145</A11>
    <A12>210.835</A12>
    <A13>240.155</A13>
    <A14>176.115</A14>
    <Z1>240.155</Z1>
    <Z2>256.165</Z2>
    <Z3>78.155</Z3>
    <Z4>272.175</Z4>
    <Z5>208.135</Z5>
    <Z6>225.455</Z6>
    <Z7>208.11</Z7>
  </node-to-node>
  <node-to-node>
    <destination-node>E6</destination-node>
    <N1>33.035</N1>
    <N2>35.565</N2>
    <N3>120.515</N3>
    <N4>36.5</N4>
    <N5>160.685</N5>
    <N6>32.475</N6>
    <N7>234.23</N7>
    <N8>200.86</N8>
    <N9>173.425</N9>
    <N10>156.085</N10>
    <S1>121.4</S1>
    <S2>121.4</S2>
    <S3>156.085</S3>
    <S4>190.77</S4>
    <S5>190.77</S5>
    <S6>156.085</S6>
    <S7>138.74</S7>
    <S8>173.425</S8>
    <E1>16.17</E1>
    <E2>56.225</E2>
    <E3>55.28</E3>
    <E4>15.865</E4>
    <E5>29.28</E5>
    <E6>-1</E6>
    <E7>28.11</E7>
    <E8>73.195</E8>
    <E9>73.195</E9>
    <E10>35.315</E10>
    <E11>196.78</E11>
    <M1>32.02</M1>
    <M2>48.03</M2>
    <M3>64.04</M3>
    <M4>96.06</M4>
    <M5>144.09</M5>
    <M6>160.105</M6>
    <M7>96.06</M7>
    <M8>69.37</M8>
    <M9>52.03</M9>
    <M10>34.685</M10>
    <M11>75.975</M11>
    <M12>54.265</M12>
    <M13>86.825</M13>
    <K1>58.86</K1>
    <K2>112.07</K2>
    <K3>64.04</K3>
    <K4>128.08</K4>
    <K5>96.06</K5>
    <A1>65.735</A1>
    <A2>62.235</A2>
    <A3>55.62</A3>
    <A4>117.725</A4>
    <A5>69.54</A5>
    <A6>70.395</A6>
    <A7>96.06</A7>
    <A8>144.09</A8>
    <A9>144.09</A9>
    <A10>192.125</A10>
    <A11>208.135</A11>
    <A12>196.78</A12>
    <A13>224.145</A13>
    <A14>160.105</A14>
    <Z1>224.145</Z1>
    <Z2>240.155</Z2>
    <Z3>89.03</Z3>
    <Z4>256.165</Z4>
    <Z5>192.125</Z5>
    <Z6>225.455</Z6>
    <Z7>190.77</Z7>
  </node-to-node>
  <node-to-node>
    <destination-node>E7</destination-node>
    <N1>120.515</N1>
    <N2>120.515</N2>
    <N3>133.905</N3>
    <N4>147.295</N4>
    <N5>174.075</N5>
    <N6>187.47</N6>
    <N7>248.87</N7>
    <N8>214.25</N8>
    <N9>190.77</N9>
    <N10>173.425</N10>
    <S1>138.74</S1>
    <S2>138.74</S2>
    <S3>173.425</S3>
    <S4>208.11</S4>
    <S5>208.11</S5>
    <S6>173.425</S6>
    <S7>156.085</S7>
    <S8>190.77</S8>
    <E1>58.56</E1>
    <E2>70.28</E2>
    <E3>73.195</E3>
    <E4>58.56</E4>
    <E5>40.17</E5>
    <E6>34.685</E6>
    <E7>-1</E7>
    <E8>87.835</E8>
    <E9>87.835</E9>
    <E10>32.02</E10>
    <E11>176.585</E11>
    <M1>32.56</M1>
    <M2>43.415</M2>
    <M3>54.265</M3>
    <M4>75.975</M4>
    <M5>108.535</M5>
    <M6>119.385</M6>
    <M7>65.12</M7>
    <M8>69.37</M8>
    <M9>52.03</M9>
    <M10>34.685</M10>
    <M11>75.975</M11>
    <M12>86.715</M12>
    <M13>86.825</M13>
    <K1>96.06</K1>
    <K2>128.08</K2>
    <K3>80.05</K3>
    <K4>144.09</K4>
    <K5>112.07</K5>
    <A1>62.395</A1>
    <A2>65.215</A2>
    <A3>56.46</A3>
    <A4>129.495</A4>
    <A5>67.24</A5>
    <A6>81.45</A6>
    <A7>112.07</A7>
    <A8>160.105</A8>
    <A9>160.105</A9>
    <A10>208.135</A10>
    <A11>224.145</A11>
    <A12>210.835</A12>
    <A13>240.155</A13>
    <A14>176.115</A14>
    <Z1>240.155</Z1>
    <Z2>256.165</Z2>
    <Z3>240.155</Z3>
    <Z4>272.175</Z4>
    <Z5>208.135</Z5>
    <Z6>225.455</Z6>
    <Z7>208.11</Z7>
  </node-to-node>
  <node-to-node>
    <destination-node>E8</destination-node>
    <N1>104.055</N1>
    <N2>104.055</N2>
    <N3>138.74</N3>
    <N4>156.085</N4>
    <N5>208.11</N5>
    <N6>225.455</N6>
    <N7>214.25</N7>
    <N8>260.14</N8>
    <N9>173.425</N9>
    <N10>156.085</N10>
    <S1>121.4</S1>
    <S2>75.975</S2>
    <S3>97.68</S3>
    <S4>119.385</S4>
    <S5>119.385</S5>
    <S6>156.085</S6>
    <S7>138.74</S7>
    <S8>108.535</S8>
    <E1>64.04</E1>
    <E2>58.86</E2>
    <E3>47.09</E3>
    <E4>35.315</E4>
    <E5>64.04</E5>
    <E6>80.05</E6>
    <E7>96.06</E7>
    <E8>-1</E8>
    <E9>34.685</E9>
    <E10>112.07</E10>
    <E11>304.195</E11>
    <M1>96.06</M1>
    <M2>112.07</M2>
    <M3>128.08</M3>
    <M4>160.105</M4>
    <M5>141.095</M5>
    <M6>151.945</M6>
    <M7>97.68</M7>
    <M8>65.12</M8>
    <M9>54.265</M9>
    <M10>54.265</M10>
    <M11>144.09</M11>
    <M12>128.08</M12>
    <M13>160.105</M13>
    <K1>144.09</K1>
    <K2>176.115</K2>
    <K3>128.08</K3>
    <K4>192.125</K4>
    <K5>160.105</K5>
    <A1>200.13</A1>
    <A2>188.36</A2>
    <A3>188.36</A3>
    <A4>176.585</A4>
    <A5>224.145</A5>
    <A6>192.125</A6>
    <A7>176.115</A7>
    <A8>208.135</A8>
    <A9>208.135</A9>
    <A10>256.165</A10>
    <A11>288.185</A11>
    <A12>304.195</A12>
    <A13>304.195</A13>
    <A14>240.155</A14>
    <Z1>288.185</Z1>
    <Z2>320.205</Z2>
    <Z3>304.195</Z3>
    <Z4>336.215</Z4>
    <Z5>272.175</Z5>
    <Z6>242.795</Z6>
    <Z7>277.48</Z7>
  </node-to-node>
  <node-to-node>
    <destination-node>E9</destination-node>
    <N1>86.715</N1>
    <N2>86.715</N2>
    <N3>121.4</N3>
    <N4>138.74</N4>
    <N5>190.77</N5>
    <N6>208.11</N6>
    <N7>214.25</N7>
    <N8>242.795</N8>
    <N9>156.085</N9>
    <N10>138.74</N10>
    <S1>104.055</S1>
    <S2>65.12</S2>
    <S3>86.825</S3>
    <S4>108.535</S4>
    <S5>108.535</S5>
    <S6>138.74</S6>
    <S7>121.4</S7>
    <S8>97.68</S8>
    <E1>80.05</E1>
    <E2>70.635</E2>
    <E3>58.86</E3>
    <E4>47.09</E4>
    <E5>64.04</E5>
    <E6>80.05</E6>
    <E7>96.06</E7>
    <E8>28.11</E8>
    <E9>-1</E9>
    <E10>112.07</E10>
    <E11>211.905</E11>
    <M1>96.06</M1>
    <M2>112.07</M2>
    <M3>128.08</M3>
    <M4>160.105</M4>
    <M5>208.135</M5>
    <M6>176.115</M6>
    <M7>144.09</M7>
    <M8>65.12</M8>
    <M9>54.265</M9>
    <M10>80.05</M10>
    <M11>144.09</M11>
    <M12>128.08</M12>
    <M13>160.105</M13>
    <K1>144.09</K1>
    <K2>176.115</K2>
    <K3>128.08</K3>
    <K4>192.125</K4>
    <K5>160.105</K5>
    <A1>200.13</A1>
    <A2>188.36</A2>
    <A3>188.36</A3>
    <A4>176.585</A4>
    <A5>224.145</A5>
    <A6>192.125</A6>
    <A7>176.115</A7>
    <A8>208.135</A8>
    <A9>208.135</A9>
    <A10>256.165</A10>
    <A11>288.185</A11>
    <A12>304.195</A12>
    <A13>304.195</A13>
    <A14>240.155</A14>
    <Z1>288.185</Z1>
    <Z2>320.205</Z2>
    <Z3>304.195</Z3>
    <Z4>336.215</Z4>
    <Z5>272.175</Z5>
    <Z6>242.795</Z6>
    <Z7>277.48</Z7>
  </node-to-node>
  <node-to-node>
    <destination-node>E10</destination-node>
    <N1>133.905</N1>
    <N2>133.905</N2>
    <N3>147.295</N3>
    <N4>160.685</N4>
    <N5>187.47</N5>
    <N6>200.86</N6>
    <N7>263.51</N7>
    <N8>227.64</N8>
    <N9>160.685</N9>
    <N10>190.77</N10>
    <S1>156.085</S1>
    <S2>156.085</S2>
    <S3>190.77</S3>
    <S4>225.455</S4>
    <S5>225.455</S5>
    <S6>190.77</S6>
    <S7>173.425</S7>
    <S8>190.77</S8>
    <E1>73.195</E1>
    <E2>87.835</E2>
    <E3>87.835</E3>
    <E4>73.195</E4>
    <E5>53.56</E5>
    <E6>40.17</E6>
    <E7>29.28</E7>
    <E8>102.475</E8>
    <E9>102.475</E9>
    <E10>-1</E10>
    <E11>182.725</E11>
    <M1>34.685</M1>
    <M2>21.705</M2>
    <M3>48.03</M3>
    <M4>54.265</M4>
    <M5>75.975</M5>
    <M6>86.825</M6>
    <M7>138.74</M7>
    <M8>104.055</M8>
    <M9>86.715</M9>
    <M10>43.415</M10>
    <M11>156.085</M11>
    <M12>121.4</M12>
    <M13>173.425</M13>
    <K1>64.04</K1>
    <K2>65.12</K2>
    <K3>32.02</K3>
    <K4>75.975</K4>
    <K5>80.05</K5>
    <A1>70.99</A1>
    <A2>67.44</A2>
    <A3>57.88</A3>
    <A4>144.09</A4>
    <A5>63.245</A5>
    <A6>84.405</A6>
    <A7>80.05</A7>
    <A8>128.08</A8>
    <A9>128.08</A9>
    <A10>176.115</A10>
    <A11>192.125</A11>
    <A12>182.725</A12>
    <A13>208.135</A13>
    <A14>144.09</A14>
    <Z1>208.135</Z1>
    <Z2>224.145</Z2>
    <Z3>208.135</Z3>
    <Z4>240.155</Z4>
    <Z5>176.115</Z5>
    <Z6>277.48</Z6>
    <Z7>173.425</Z7>
  </node-to-node>
  <node-to-node>
    <destination-node>E11</destination-node>
    <N1>260.14</N1>
    <N2>225.455</N2>
    <N3>242.795</N3>
    <N4>260.14</N4>
    <N5>156.085</N5>
    <N6>118.61</N6>
    <N7>66.955</N7>
    <N8>104.055</N8>
    <N9>173.425</N9>
    <N10>190.77</N10>
    <S1>225.455</S1>
    <S2>260.14</S2>
    <S3>294.825</S3>
    <S4>346.855</S4>
    <S5>260.14</S5>
    <S6>225.455</S6>
    <S7>242.795</S7>
    <S8>294.825</S8>
    <E1>187.47</E1>
    <E2>227.64</E2>
    <E3>227.64</E3>
    <E4>214.25</E4>
    <E5>200.86</E5>
    <E6>242.795</E6>
    <E7>200.86</E7>
    <E8>278.15</E8>
    <E9>241.03</E9>
    <E10>225.455</E10>
    <E11>-1</E11>
    <M1>225.455</M1>
    <M2>208.11</M2>
    <M3>190.77</M3>
    <M4>208.11</M4>
    <M5>208.11</M5>
    <M6>225.455</M6>
    <M7>277.48</M7>
    <M8>312.165</M8>
    <M9>277.48</M9>
    <M10>260.14</M10>
    <M11>260.14</M11>
    <M12>294.825</M12>
    <M13>242.795</M13>
    <K1>190.77</K1>
    <K2>190.77</K2>
    <K3>208.11</K3>
    <K4>190.77</K4>
    <K5>190.77</K5>
    <A1>21.705</A1>
    <A2>16.575</A2>
    <A3>32.935</A3>
    <A4>86.715</A4>
    <A5>32.445</A5>
    <A6>61.93</A6>
    <A7>173.425</A7>
    <A8>47.19</A8>
    <A9>121.4</A9>
    <A10>65.12</A10>
    <A11>75.975</A11>
    <A12>34.685</A12>
    <A13>128.08</A13>
    <A14>86.715</A14>
    <Z1>86.825</Z1>
    <Z2>97.68</Z2>
    <Z3>46.06</Z3>
    <Z4>108.535</Z4>
    <Z5>97.68</Z5>
    <Z6>176.115</Z6>
    <Z7>121.4</Z7>
  </node-to-node>
  <node-to-node>
    <destination-node>M1</destination-node>
    <N1>37.485</N1>
    <N2>39.76</N2>
    <N3>147.295</N3>
    <N4>42.36</N4>
    <N5>174.075</N5>
    <N6>33.945</N6>
    <N7>248.87</N7>
    <N8>214.25</N8>
    <N9>147.295</N9>
    <N10>133.905</N10>
    <S1>107.125</S1>
    <S2>138.74</S2>
    <S3>62.5</S3>
    <S4>62.5</S4>
    <S5>208.11</S5>
    <S6>133.905</S6>
    <S7>120.515</S7>
    <S8>190.77</S8>
    <E1>27.265</E1>
    <E2>69.105</E2>
    <E3>69.105</E3>
    <E4>27.325</E4>
    <E5>30.5</E5>
    <E6>30.5</E6>
    <E7>41.46</E7>
    <E8>87.835</E8>
    <E9>87.835</E9>
    <E10>28.11</E10>
    <E11>182.725</E11>
    <M1>-1</M1>
    <M2>32.02</M2>
    <M3>48.03</M3>
    <M4>65.12</M4>
    <M5>86.825</M5>
    <M6>97.68</M6>
    <M7>75.975</M7>
    <M8>86.715</M8>
    <M9>53.56</M9>
    <M10>40.17</M10>
    <M11>86.825</M11>
    <M12>104.055</M12>
    <M13>105.95</M13>
    <K1>47.09</K1>
    <K2>112.07</K2>
    <K3>35.315</K3>
    <K4>112.07</K4>
    <K5>58.86</K5>
    <A1>61.74</A1>
    <A2>60.495</A2>
    <A3>50.87</A3>
    <A4>105.95</A4>
    <A5>77.53</A5>
    <A6>66.27</A6>
    <A7>80.05</A7>
    <A8>128.08</A8>
    <A9>128.08</A9>
    <A10>176.115</A10>
    <A11>192.125</A11>
    <A12>182.725</A12>
    <A13>208.135</A13>
    <A14>144.09</A14>
    <Z1>208.135</Z1>
    <Z2>224.145</Z2>
    <Z3>208.135</Z3>
    <Z4>240.155</Z4>
    <Z5>176.115</Z5>
    <Z6>224.145</Z6>
    <Z7>160.105</Z7>
  </node-to-node>
  <node-to-node>
    <destination-node>M2</destination-node>
    <N1>29.92</N1>
    <N2>44.91</N2>
    <N3>160.685</N3>
    <N4>56.14</N4>
    <N5>187.47</N5>
    <N6>200.86</N6>
    <N7>234.23</N7>
    <N8>227.64</N8>
    <N9>160.685</N9>
    <N10>147.295</N10>
    <S1>120.515</S1>
    <S2>156.085</S2>
    <S3>52</S3>
    <S4>52</S4>
    <S5>225.455</S5>
    <S6>147.295</S6>
    <S7>133.905</S7>
    <S8>208.11</S8>
    <E1>35.025</E1>
    <E2>82.925</E2>
    <E3>87.835</E3>
    <E4>37.3</E4>
    <E5>29.335</E5>
    <E6>29.335</E6>
    <E7>55.28</E7>
    <E8>102.475</E8>
    <E9>102.475</E9>
    <E10>27.64</E10>
    <E11>168.67</E11>
    <M1>29.28</M1>
    <M2>-1</M2>
    <M3>32.02</M3>
    <M4>64.04</M4>
    <M5>96.06</M5>
    <M6>112.07</M6>
    <M7>93.735</M7>
    <M8>66.955</M8>
    <M9>53.56</M9>
    <M10>53.56</M10>
    <M11>156.085</M11>
    <M12>121.4</M12>
    <M13>173.425</M13>
    <K1>35.315</K1>
    <K2>54.265</K2>
    <K3>28.11</K3>
    <K4>96.06</K4>
    <K5>47.09</K5>
    <A1>50.385</A1>
    <A2>48.435</A2>
    <A3>40.3</A3>
    <A4>94.18</A4>
    <A5>55.465</A5>
    <A6>52.715</A6>
    <A7>47.09</A7>
    <A8>50.235</A8>
    <A9>82.405</A9>
    <A10>160.105</A10>
    <A11>176.115</A11>
    <A12>168.67</A12>
    <A13>192.125</A13>
    <A14>94.18</A14>
    <Z1>192.125</Z1>
    <Z2>208.135</Z2>
    <Z3>87.07</Z3>
    <Z4>224.145</Z4>
    <Z5>160.105</Z5>
    <Z6>240.155</Z6>
    <Z7>144.09</Z7>
  </node-to-node>
  <node-to-node>
    <destination-node>M3</destination-node>
    <N1>52</N1>
    <N2>52</N2>
    <N3>174.075</N3>
    <N4>52</N4>
    <N5>200.86</N5>
    <N6>214.25</N6>
    <N7>219.59</N7>
    <N8>187.47</N8>
    <N9>174.075</N9>
    <N10>160.685</N10>
    <S1>133.905</S1>
    <S2>173.425</S2>
    <S3>75</S3>
    <S4>75</S4>
    <S5>242.795</S5>
    <S6>160.685</S6>
    <S7>147.295</S7>
    <S8>225.455</S8>
    <E1>58.265</E1>
    <E2>102.475</E2>
    <E3>102.475</E3>
    <E4>55.445</E4>
    <E5>62.5</E5>
    <E6>62.5</E6>
    <E7>69.105</E7>
    <E8>117.115</E8>
    <E9>117.115</E9>
    <E10>43.92</E10>
    <E11>154.61</E11>
    <M1>43.92</M1>
    <M2>29.28</M2>
    <M3>-1</M3>
    <M4>32.56</M4>
    <M5>54.265</M5>
    <M6>65.12</M6>
    <M7>156.085</M7>
    <M8>93.735</M8>
    <M9>80.345</M9>
    <M10>53.56</M10>
    <M11>138.74</M11>
    <M12>173.425</M12>
    <M13>121.4</M13>
    <K1>28.11</K1>
    <K2>43.415</K2>
    <K3>27.64</K3>
    <K4>54.265</K4>
    <K5>42.165</K5>
    <A1>64.59</A1>
    <A2>60.69</A2>
    <A3>41.73</A3>
    <A4>82.405</A4>
    <A5>58.955</A5>
    <A6>61.17</A6>
    <A7>35.315</A7>
    <A8>60.455</A8>
    <A9>70.635</A9>
    <A10>144.09</A10>
    <A11>160.105</A11>
    <A12>154.61</A12>
    <A13>176.115</A13>
    <A14>82.405</A14>
    <Z1>176.115</Z1>
    <Z2>192.125</Z2>
    <Z3>176.115</Z3>
    <Z4>208.135</Z4>
    <Z5>144.09</Z5>
    <Z6>256.165</Z6>
    <Z7>128.08</Z7>
  </node-to-node>
  <node-to-node>
    <destination-node>M4</destination-node>
    <N1>71.815</N1>
    <N2>71.815</N2>
    <N3>234.23</N3>
    <N4>71.815</N4>
    <N5>263.51</N5>
    <N6>278.15</N6>
    <N7>219.59</N7>
    <N8>219.59</N8>
    <N9>234.23</N9>
    <N10>219.59</N10>
    <S1>174.075</S1>
    <S2>133.905</S2>
    <S3>190.77</S3>
    <S4>208.11</S4>
    <S5>260.14</S5>
    <S6>200.86</S6>
    <S7>187.47</S7>
    <S8>190.77</S8>
    <E1>44.93</E1>
    <E2>124.385</E2>
    <E3>131.755</E3>
    <E4>46.18</E4>
    <E5>102.475</E5>
    <E6>87.835</E6>
    <E7>96.745</E7>
    <E8>146.395</E8>
    <E9>146.395</E9>
    <E10>69.105</E10>
    <E11>168.67</E11>
    <M1>82.925</M1>
    <M2>58.56</M2>
    <M3>41.46</M3>
    <M4>-1</M4>
    <M5>43.415</M5>
    <M6>54.265</M6>
    <M7>107.125</M7>
    <M8>133.905</M8>
    <M9>146.395</M9>
    <M10>131.755</M10>
    <M11>121.4</M11>
    <M12>120.515</M12>
    <M13>104.055</M13>
    <K1>70.28</K1>
    <K2>32.56</K2>
    <K3>70.28</K3>
    <K4>64.04</K4>
    <K5>70.28</K5>
    <A1>59.485</A1>
    <A2>59.345</A2>
    <A3>42.635</A3>
    <A4>112.445</A4>
    <A5>80.395</A5>
    <A6>45.28</A6>
    <A7>70.28</A7>
    <A8>98.39</A8>
    <A9>112.445</A9>
    <A10>117.725</A10>
    <A11>129.495</A11>
    <A12>168.67</A12>
    <A13>192.125</A13>
    <A14>112.445</A14>
    <Z1>192.125</Z1>
    <Z2>208.135</Z2>
    <Z3>192.125</Z3>
    <Z4>224.145</Z4>
    <Z5>160.105</Z5>
    <Z6>272.175</Z6>
    <Z7>144.09</Z7>
  </node-to-node>
  <node-to-node>
    <destination-node>M5</destination-node>
    <N1>45.885</N1>
    <N2>49.9</N2>
    <N3>55.39</N3>
    <N4>53.68</N4>
    <N5>219.59</N5>
    <N6>234.23</N6>
    <N7>234.23</N7>
    <N8>219.59</N8>
    <N9>204.95</N9>
    <N10>190.31</N10>
    <S1>161.035</S1>
    <S2>102.475</S2>
    <S3>85.605</S3>
    <S4>120.515</S4>
    <S5>160.685</S5>
    <S6>190.31</S6>
    <S7>175.675</S7>
    <S8>107.125</S8>
    <E1>43.84</E1>
    <E2>165.845</E2>
    <E3>165.845</E3>
    <E4>43.165</E4>
    <E5>138.205</E5>
    <E6>131.755</E6>
    <E7>138.205</E7>
    <E8>179.665</E8>
    <E9>190.31</E9>
    <E10>96.745</E10>
    <E11>168.67</E11>
    <M1>110.565</M1>
    <M2>87.835</M2>
    <M3>69.105</M3>
    <M4>55.28</M4>
    <M5>-1</M5>
    <M6>34.685</M6>
    <M7>73.195</M7>
    <M8>102.475</M8>
    <M9>110.565</M9>
    <M10>124.385</M10>
    <M11>58.56</M11>
    <M12>87.835</M12>
    <M13>40.17</M13>
    <K1>84.335</K1>
    <K2>28.11</K2>
    <K3>82.925</K3>
    <K4>35.315</K4>
    <K5>98.39</K5>
    <A1>47.98</A1>
    <A2>45.685</A2>
    <A3>54.375</A3>
    <A4>112.445</A4>
    <A5>61.015</A5>
    <A6>55.04</A6>
    <A7>70.28</A7>
    <A8>57.175</A8>
    <A9>112.445</A9>
    <A10>140.555</A10>
    <A11>129.495</A11>
    <A12>168.67</A12>
    <A13>141.27</A13>
    <A14>112.445</A14>
    <Z1>141.27</Z1>
    <Z2>153.04</Z2>
    <Z3>71.195</Z3>
    <Z4>164.815</Z4>
    <Z5>117.725</Z5>
    <Z6>223.675</Z6>
    <Z7>126.5</Z7>
  </node-to-node>
  <node-to-node>
    <destination-node>M6</destination-node>
    <N1>53.515</N1>
    <N2>54.455</N2>
    <N3>55.39</N3>
    <N4>54.455</N4>
    <N5>204.95</N5>
    <N6>219.59</N6>
    <N7>248.87</N7>
    <N8>234.23</N8>
    <N9>190.31</N9>
    <N10>175.675</N10>
    <S1>146.395</S1>
    <S2>87.835</S2>
    <S3>93.735</S3>
    <S4>107.125</S4>
    <S5>147.295</S5>
    <S6>175.675</S6>
    <S7>161.035</S7>
    <S8>93.735</S8>
    <E1>41.93</E1>
    <E2>165.845</E2>
    <E3>165.845</E3>
    <E4>43.18</E4>
    <E5>152.025</E5>
    <E6>146.395</E6>
    <E7>152.025</E7>
    <E8>193.49</E8>
    <E9>161.035</E9>
    <E10>110.565</E10>
    <E11>182.725</E11>
    <M1>124.385</M1>
    <M2>102.475</M2>
    <M3>82.925</M3>
    <M4>69.105</M4>
    <M5>28.11</M5>
    <M6>-1</M6>
    <M7>55.28</M7>
    <M8>82.925</M8>
    <M9>96.745</M9>
    <M10>110.565</M10>
    <M11>43.92</M11>
    <M12>73.195</M12>
    <M13>29.28</M13>
    <K1>98.39</K1>
    <K2>42.165</K2>
    <K3>98.39</K3>
    <K4>47.09</K4>
    <K5>112.445</K5>
    <A1>168.67</A1>
    <A2>154.61</A2>
    <A3>140.555</A3>
    <A4>126.5</A4>
    <A5>112.445</A5>
    <A6>98.39</A6>
    <A7>84.335</A7>
    <A8>112.445</A8>
    <A9>126.5</A9>
    <A10>154.61</A10>
    <A11>168.67</A11>
    <A12>182.725</A12>
    <A13>153.04</A13>
    <A14>126.5</A14>
    <Z1>153.04</Z1>
    <Z2>164.815</Z2>
    <Z3>153.04</Z3>
    <Z4>176.585</Z4>
    <Z5>129.495</Z5>
    <Z6>224.89</Z6>
    <Z7>140.555</Z7>
  </node-to-node>
  <node-to-node>
    <destination-node>M7</destination-node>
    <N1>47.37</N1>
    <N2>50.485</N2>
    <N3>131.755</N3>
    <N4>38.015</N4>
    <N5>175.675</N5>
    <N6>190.31</N6>
    <N7>234.23</N7>
    <N8>219.59</N8>
    <N9>146.395</N9>
    <N10>120.515</N10>
    <S1>93.735</S1>
    <S2>66.955</S2>
    <S3>104.055</S3>
    <S4>121.4</S4>
    <S5>190.77</S5>
    <S6>120.515</S6>
    <S7>107.125</S7>
    <S8>104.055</S8>
    <E1>96.745</E1>
    <E2>124.385</E2>
    <E3>124.385</E3>
    <E4>110.565</E4>
    <E5>82.925</E5>
    <E6>87.835</E6>
    <E7>82.925</E7>
    <E8>124.385</E8>
    <E9>131.755</E9>
    <E10>112.445</E10>
    <E11>224.89</E11>
    <M1>96.745</M1>
    <M2>82.405</M2>
    <M3>126.5</M3>
    <M4>94.18</M4>
    <M5>80.05</M5>
    <M6>43.415</M6>
    <M7>-1</M7>
    <M8>43.92</M8>
    <M9>58.56</M9>
    <M10>69.105</M10>
    <M11>21.705</M11>
    <M12>29.28</M12>
    <M13>32.56</M13>
    <K1>140.555</K1>
    <K2>96.06</K2>
    <K3>154.61</K3>
    <K4>112.07</K4>
    <K5>154.61</K5>
    <A1>84.77</A1>
    <A2>88.045</A2>
    <A3>62.81</A3>
    <A4>168.67</A4>
    <A5>103.655</A5>
    <A6>97.78</A6>
    <A7>126.5</A7>
    <A8>154.61</A8>
    <A9>168.67</A9>
    <A10>164.815</A10>
    <A11>176.585</A11>
    <A12>224.89</A12>
    <A13>256.165</A13>
    <A14>168.67</A14>
    <Z1>272.175</Z1>
    <Z2>288.185</Z2>
    <Z3>272.175</Z3>
    <Z4>304.195</Z4>
    <Z5>240.155</Z5>
    <Z6>224.145</Z6>
    <Z7>208.135</Z7>
  </node-to-node>
  <node-to-node>
    <destination-node>M8</destination-node>
    <N1>52.62</N1>
    <N2>52.62</N2>
    <N3>102.475</N3>
    <N4>117.115</N4>
    <N5>146.395</N5>
    <N6>161.035</N6>
    <N7>204.95</N7>
    <N8>174.075</N8>
    <N9>107.125</N9>
    <N10>93.735</N10>
    <S1>66.955</S1>
    <S2>52.03</S2>
    <S3>86.715</S3>
    <S4>121.4</S4>
    <S5>156.085</S5>
    <S6>93.735</S6>
    <S7>80.345</S7>
    <S8>104.055</S8>
    <E1>70.28</E1>
    <E2>84.335</E2>
    <E3>84.335</E3>
    <E4>69.105</E4>
    <E5>55.28</E5>
    <E6>56.225</E6>
    <E7>56.225</E7>
    <E8>82.925</E8>
    <E9>82.925</E9>
    <E10>84.335</E10>
    <E11>253</E11>
    <M1>70.28</M1>
    <M2>58.86</M2>
    <M3>82.405</M3>
    <M4>117.725</M4>
    <M5>112.07</M5>
    <M6>65.12</M6>
    <M7>48.03</M7>
    <M8>-1</M8>
    <M9>27.64</M9>
    <M10>41.46</M10>
    <M11>64.04</M11>
    <M12>32.02</M12>
    <M13>80.05</M13>
    <K1>94.18</K1>
    <K2>128.08</K2>
    <K3>98.39</K3>
    <K4>144.09</K4>
    <K5>126.5</K5>
    <A1>99.355</A1>
    <A2>91.715</A2>
    <A3>71.02</A3>
    <A4>164.815</A4>
    <A5>113.52</A5>
    <A6>102.125</A6>
    <A7>141.27</A7>
    <A8>153.04</A8>
    <A9>153.04</A9>
    <A10>240.155</A10>
    <A11>256.165</A11>
    <A12>238.945</A12>
    <A13>272.175</A13>
    <A14>164.815</A14>
    <Z1>272.175</Z1>
    <Z2>288.185</Z2>
    <Z3>103.45</Z3>
    <Z4>304.195</Z4>
    <Z5>240.155</Z5>
    <Z6>192.125</Z6>
    <Z7>240.155</Z7>
  </node-to-node>
  <node-to-node>
    <destination-node>M9</destination-node>
    <N1>87.835</N1>
    <N2>80.345</N2>
    <N3>93.735</N3>
    <N4>107.125</N4>
    <N5>133.905</N5>
    <N6>161.035</N6>
    <N7>204.95</N7>
    <N8>187.47</N8>
    <N9>107.125</N9>
    <N10>93.735</N10>
    <S1>80.345</S1>
    <S2>69.37</S2>
    <S3>104.055</S3>
    <S4>138.74</S4>
    <S5>173.425</S5>
    <S6>138.74</S6>
    <S7>121.4</S7>
    <S8>121.4</S8>
    <E1>56.225</E1>
    <E2>70.28</E2>
    <E3>70.28</E3>
    <E4>55.28</E4>
    <E5>41.46</E5>
    <E6>42.165</E6>
    <E7>42.165</E7>
    <E8>69.105</E8>
    <E9>69.105</E9>
    <E10>70.28</E10>
    <E11>224.89</E11>
    <M1>47.09</M1>
    <M2>47.09</M2>
    <M3>70.635</M3>
    <M4>160.105</M4>
    <M5>86.825</M5>
    <M6>75.975</M6>
    <M7>64.04</M7>
    <M8>21.705</M8>
    <M9>-1</M9>
    <M10>28.11</M10>
    <M11>80.05</M11>
    <M12>48.03</M12>
    <M13>96.06</M13>
    <K1>82.405</K1>
    <K2>144.09</K2>
    <K3>70.635</K3>
    <K4>160.105</K4>
    <K5>94.18</K5>
    <A1>103.52</A1>
    <A2>103.52</A2>
    <A3>153.04</A3>
    <A4>141.27</A4>
    <A5>129.495</A5>
    <A6>117.725</A6>
    <A7>94.18</A7>
    <A8>129.495</A8>
    <A9>129.495</A9>
    <A10>224.145</A10>
    <A11>240.155</A11>
    <A12>210.835</A12>
    <A13>256.165</A13>
    <A14>141.27</A14>
    <Z1>256.165</Z1>
    <Z2>272.175</Z2>
    <Z3>256.165</Z3>
    <Z4>288.185</Z4>
    <Z5>224.145</Z5>
    <Z6>192.125</Z6>
    <Z7>208.135</Z7>
  </node-to-node>
  <node-to-node>
    <destination-node>M10</destination-node>
    <N1>39.78</N1>
    <N2>38</N2>
    <N3>107.125</N3>
    <N4>38</N4>
    <N5>147.295</N5>
    <N6>40.67</N6>
    <N7>219.59</N7>
    <N8>200.86</N8>
    <N9>156.085</N9>
    <N10>138.74</N10>
    <S1>121.4</S1>
    <S2>86.715</S2>
    <S3>121.4</S3>
    <S4>156.085</S4>
    <S5>190.77</S5>
    <S6>156.085</S6>
    <S7>138.74</S7>
    <S8>138.74</S8>
    <E1>42.165</E1>
    <E2>56.225</E2>
    <E3>55.28</E3>
    <E4>41.46</E4>
    <E5>27.64</E5>
    <E6>28.11</E6>
    <E7>28.11</E7>
    <E8>69.105</E8>
    <E9>73.195</E9>
    <E10>55.28</E10>
    <E11>210.835</E11>
    <M1>35.315</M1>
    <M2>47.09</M2>
    <M3>47.09</M3>
    <M4>144.09</M4>
    <M5>97.68</M5>
    <M6>86.825</M6>
    <M7>54.265</M7>
    <M8>32.56</M8>
    <M9>34.685</M9>
    <M10>-1</M10>
    <M11>65.12</M11>
    <M12>43.415</M12>
    <M13>75.975</M13>
    <K1>70.635</K1>
    <K2>128.08</K2>
    <K3>58.86</K3>
    <K4>144.09</K4>
    <K5>82.405</K5>
    <A1>71.395</A1>
    <A2>67.18</A2>
    <A3>71.255</A3>
    <A4>129.495</A4>
    <A5>77.78</A5>
    <A6>69.5</A6>
    <A7>82.405</A7>
    <A8>75.695</A8>
    <A9>144.09</A9>
    <A10>208.135</A10>
    <A11>224.145</A11>
    <A12>196.78</A12>
    <A13>240.155</A13>
    <A14>176.115</A14>
    <Z1>240.155</Z1>
    <Z2>256.165</Z2>
    <Z3>89.165</Z3>
    <Z4>272.175</Z4>
    <Z5>208.135</Z5>
    <Z6>208.135</Z6>
    <Z7>192.125</Z7>
  </node-to-node>
  <node-to-node>
    <destination-node>M11</destination-node>
    <N1>54.92</N1>
    <N2>54.92</N2>
    <N3>131.755</N3>
    <N4>146.395</N4>
    <N5>175.675</N5>
    <N6>190.31</N6>
    <N7>248.87</N7>
    <N8>234.23</N8>
    <N9>146.395</N9>
    <N10>131.755</N10>
    <S1>102.475</S1>
    <S2>73.195</S2>
    <S3>80.345</S3>
    <S4>121.4</S4>
    <S5>190.77</S5>
    <S6>120.515</S6>
    <S7>117.115</S7>
    <S8>104.055</S8>
    <E1>110.565</E1>
    <E2>124.385</E2>
    <E3>124.385</E3>
    <E4>110.565</E4>
    <E5>96.745</E5>
    <E6>96.745</E6>
    <E7>96.745</E7>
    <E8>131.755</E8>
    <E9>131.755</E9>
    <E10>126.5</E10>
    <E11>210.835</E11>
    <M1>110.565</M1>
    <M2>126.5</M2>
    <M3>112.445</M3>
    <M4>98.39</M4>
    <M5>64.04</M5>
    <M6>48.03</M6>
    <M7>27.64</M7>
    <M8>58.56</M8>
    <M9>73.195</M9>
    <M10>82.925</M10>
    <M11>-1</M11>
    <M12>43.92</M12>
    <M13>21.705</M13>
    <K1>126.5</K1>
    <K2>58.86</K2>
    <K3>140.555</K3>
    <K4>96.06</K4>
    <K5>140.555</K5>
    <A1>83.685</A1>
    <A2>83.025</A2>
    <A3>70.635</A3>
    <A4>154.61</A4>
    <A5>97.86</A5>
    <A6>97.495</A6>
    <A7>126.5</A7>
    <A8>140.555</A8>
    <A9>140.555</A9>
    <A10>153.04</A10>
    <A11>164.815</A11>
    <A12>196.78</A12>
    <A13>176.585</A13>
    <A14>154.61</A14>
    <Z1>240.155</Z1>
    <Z2>256.165</Z2>
    <Z3>240.155</Z3>
    <Z4>272.175</Z4>
    <Z5>208.135</Z5>
    <Z6>164.815</Z6>
    <Z7>141.27</Z7>
  </node-to-node>
  <node-to-node>
    <destination-node>M12</destination-node>
    <N1>43.575</N1>
    <N2>46.355</N2>
    <N3>117.115</N3>
    <N4>38.015</N4>
    <N5>161.035</N5>
    <N6>175.675</N6>
    <N7>219.59</N7>
    <N8>187.47</N8>
    <N9>120.515</N9>
    <N10>107.125</N10>
    <S1>80.345</S1>
    <S2>53.56</S2>
    <S3>86.715</S3>
    <S4>121.4</S4>
    <S5>173.425</S5>
    <S6>138.74</S6>
    <S7>93.735</S7>
    <S8>104.055</S8>
    <E1>82.925</E1>
    <E2>98.39</E2>
    <E3>96.745</E3>
    <E4>82.925</E4>
    <E5>69.105</E5>
    <E6>69.105</E6>
    <E7>70.28</E7>
    <E8>117.115</E8>
    <E9>117.115</E9>
    <E10>98.39</E10>
    <E11>238.945</E11>
    <M1>84.335</M1>
    <M2>98.39</M2>
    <M3>140.555</M3>
    <M4>105.95</M4>
    <M5>96.06</M5>
    <M6>80.05</M6>
    <M7>32.02</M7>
    <M8>29.28</M8>
    <M9>43.92</M9>
    <M10>55.28</M10>
    <M11>48.03</M11>
    <M12>-1</M12>
    <M13>43.415</M13>
    <K1>126.5</K1>
    <K2>112.07</K2>
    <K3>112.445</K3>
    <K4>128.08</K4>
    <K5>140.555</K5>
    <A1>88.69</A1>
    <A2>88.04</A2>
    <A3>68.33</A3>
    <A4>153.04</A4>
    <A5>99.955</A5>
    <A6>98.67</A6>
    <A7>129.495</A7>
    <A8>141.27</A8>
    <A9>141.27</A9>
    <A10>240.155</A10>
    <A11>256.165</A11>
    <A12>224.89</A12>
    <A13>272.175</A13>
    <A14>153.04</A14>
    <Z1>272.175</Z1>
    <Z2>288.185</Z2>
    <Z3>114</Z3>
    <Z4>304.195</Z4>
    <Z5>240.155</Z5>
    <Z6>208.135</Z6>
    <Z7>224.145</Z7>
  </node-to-node>
  <node-to-node>
    <destination-node>M13</destination-node>
    <N1>57.515</N1>
    <N2>56.455</N2>
    <N3>55.39</N3>
    <N4>56.455</N4>
    <N5>190.31</N5>
    <N6>204.95</N6>
    <N7>263.51</N7>
    <N8>219.59</N8>
    <N9>161.035</N9>
    <N10>146.395</N10>
    <S1>117.115</S1>
    <S2>87.835</S2>
    <S3>80.345</S3>
    <S4>121.4</S4>
    <S5>190.77</S5>
    <S6>133.905</S6>
    <S7>131.755</S7>
    <S8>104.055</S8>
    <E1>124.385</E1>
    <E2>138.205</E2>
    <E3>138.205</E3>
    <E4>124.385</E4>
    <E5>110.565</E5>
    <E6>110.565</E6>
    <E7>110.565</E7>
    <E8>146.395</E8>
    <E9>146.395</E9>
    <E10>140.555</E10>
    <E11>196.78</E11>
    <M1>120.515</M1>
    <M2>140.555</M2>
    <M3>98.39</M3>
    <M4>84.335</M4>
    <M5>35.315</M5>
    <M6>32.02</M6>
    <M7>41.46</M7>
    <M8>73.195</M8>
    <M9>87.835</M9>
    <M10>96.745</M10>
    <M11>27.64</M11>
    <M12>55.28</M12>
    <M13>-1</M13>
    <K1>112.445</K1>
    <K2>47.09</K2>
    <K3>126.5</K3>
    <K4>58.86</K4>
    <K5>126.5</K5>
    <A1>182.725</A1>
    <A2>168.67</A2>
    <A3>154.61</A3>
    <A4>140.555</A4>
    <A5>126.5</A5>
    <A6>87.71</A6>
    <A7>112.445</A7>
    <A8>126.5</A8>
    <A9>126.5</A9>
    <A10>141.27</A10>
    <A11>153.04</A11>
    <A12>182.725</A12>
    <A13>164.815</A13>
    <A14>140.555</A14>
    <Z1>164.815</Z1>
    <Z2>176.585</Z2>
    <Z3>224.145</Z3>
    <Z4>256.165</Z4>
    <Z5>141.27</Z5>
    <Z6>164.815</Z6>
    <Z7>129.495</Z7>
  </node-to-node>
  <node-to-node>
    <destination-node>K1</destination-node>
    <N1>33.785</N1>
    <N2>36.12</N2>
    <N3>174.075</N3>
    <N4>37.755</N4>
    <N5>214.25</N5>
    <N6>227.64</N6>
    <N7>204.95</N7>
    <N8>187.47</N8>
    <N9>187.47</N9>
    <N10>187.47</N10>
    <S1>147.295</S1>
    <S2>190.77</S2>
    <S3>52</S3>
    <S4>52</S4>
    <S5>260.14</S5>
    <S6>174.075</S6>
    <S7>160.685</S7>
    <S8>242.795</S8>
    <E1>35.63</E1>
    <E2>131.755</E2>
    <E3>117.115</E3>
    <E4>35.555</E4>
    <E5>36.5</E5>
    <E6>36.5</E6>
    <E7>87.835</E7>
    <E8>131.755</E8>
    <E9>131.755</E9>
    <E10>58.56</E10>
    <E11>154.61</E11>
    <M1>53.56</M1>
    <M2>40.17</M2>
    <M3>34.685</M3>
    <M4>86.715</M4>
    <M5>104.055</M5>
    <M6>121.4</M6>
    <M7>173.425</M7>
    <M8>107.125</M8>
    <M9>93.735</M9>
    <M10>80.345</M10>
    <M11>156.085</M11>
    <M12>156.085</M12>
    <M13>138.74</M13>
    <K1>-1</K1>
    <K2>54.265</K2>
    <K3>29.28</K3>
    <K4>54.265</K4>
    <K5>28.11</K5>
    <A1>37.86</A1>
    <A2>40.57</A2>
    <A3>35.5</A3>
    <A4>82.405</A4>
    <A5>55.665</A5>
    <A6>54.9</A6>
    <A7>32.02</A7>
    <A8>39.38</A8>
    <A9>70.635</A9>
    <A10>144.09</A10>
    <A11>160.105</A11>
    <A12>140.555</A12>
    <A13>176.115</A13>
    <A14>82.405</A14>
    <Z1>176.115</Z1>
    <Z2>192.125</Z2>
    <Z3>176.115</Z3>
    <Z4>208.135</Z4>
    <Z5>144.09</Z5>
    <Z6>288.185</Z6>
    <Z7>128.08</Z7>
  </node-to-node>
  <node-to-node>
    <destination-node>K2</destination-node>
    <N1>57.515</N1>
    <N2>57.515</N2>
    <N3>190.31</N3>
    <N4>204.95</N4>
    <N5>234.23</N5>
    <N6>248.87</N6>
    <N7>219.59</N7>
    <N8>204.95</N8>
    <N9>219.59</N9>
    <N10>190.31</N10>
    <S1>175.675</S1>
    <S2>117.115</S2>
    <S3>120.515</S3>
    <S4>133.905</S4>
    <S5>174.075</S5>
    <S6>204.95</S6>
    <S7>190.31</S7>
    <S8>120.515</S8>
    <E1>54.945</E1>
    <E2>179.665</E2>
    <E3>138.205</E3>
    <E4>59.71</E4>
    <E5>117.115</E5>
    <E6>102.475</E6>
    <E7>117.115</E7>
    <E8>161.035</E8>
    <E9>161.035</E9>
    <E10>82.925</E10>
    <E11>154.61</E11>
    <M1>102.475</M1>
    <M2>69.105</M2>
    <M3>55.28</M3>
    <M4>41.46</M4>
    <M5>34.685</M5>
    <M6>52.03</M6>
    <M7>87.835</M7>
    <M8>117.115</M8>
    <M9>131.755</M9>
    <M10>117.115</M10>
    <M11>66.955</M11>
    <M12>102.475</M12>
    <M13>53.56</M13>
    <K1>69.105</K1>
    <K2>-1</K2>
    <K3>82.925</K3>
    <K4>32.02</K4>
    <K5>84.335</K5>
    <A1>140.555</A1>
    <A2>126.5</A2>
    <A3>112.445</A3>
    <A4>98.39</A4>
    <A5>84.335</A5>
    <A6>70.28</A6>
    <A7>69.105</A7>
    <A8>84.335</A8>
    <A9>98.39</A9>
    <A10>126.5</A10>
    <A11>117.725</A11>
    <A12>140.555</A12>
    <A13>129.495</A13>
    <A14>98.39</A14>
    <Z1>129.495</Z1>
    <Z2>141.27</Z2>
    <Z3>129.495</Z3>
    <Z4>153.04</Z4>
    <Z5>105.95</Z5>
    <Z6>200.13</Z6>
    <Z7>94.18</Z7>
  </node-to-node>
  <node-to-node>
    <destination-node>K3</destination-node>
    <N1>51.475</N1>
    <N2>53.07</N2>
    <N3>160.685</N3>
    <N4>64.115</N4>
    <N5>200.86</N5>
    <N6>214.25</N6>
    <N7>219.59</N7>
    <N8>200.86</N8>
    <N9>174.075</N9>
    <N10>260.14</N10>
    <S1>173.425</S1>
    <S2>146.395</S2>
    <S3>52</S3>
    <S4>52</S4>
    <S5>242.795</S5>
    <S6>208.11</S6>
    <S7>190.77</S7>
    <S8>208.11</S8>
    <E1>40.67</E1>
    <E2>117.115</E2>
    <E3>102.475</E3>
    <E4>38.83</E4>
    <E5>44</E5>
    <E6>44</E6>
    <E7>73.195</E7>
    <E8>117.115</E8>
    <E9>117.115</E9>
    <E10>29.28</E10>
    <E11>168.67</E11>
    <M1>40.17</M1>
    <M2>34.685</M2>
    <M3>21.705</M3>
    <M4>86.715</M4>
    <M5>65.12</M5>
    <M6>121.4</M6>
    <M7>190.77</M7>
    <M8>121.4</M8>
    <M9>80.345</M9>
    <M10>66.955</M10>
    <M11>173.425</M11>
    <M12>138.74</M12>
    <M13>156.085</M13>
    <K1>32.02</K1>
    <K2>65.12</K2>
    <K3>-1</K3>
    <K4>65.12</K4>
    <K5>35.315</K5>
    <A1>43.415</A1>
    <A2>44.48</A2>
    <A3>33.78</A3>
    <A4>94.18</A4>
    <A5>51.5</A5>
    <A6>58.65</A6>
    <A7>48.03</A7>
    <A8>42.535</A8>
    <A9>96.06</A9>
    <A10>160.105</A10>
    <A11>176.115</A11>
    <A12>154.61</A12>
    <A13>192.125</A13>
    <A14>128.08</A14>
    <Z1>192.125</Z1>
    <Z2>208.135</Z2>
    <Z3>192.125</Z3>
    <Z4>224.145</Z4>
    <Z5>160.105</Z5>
    <Z6>272.175</Z6>
    <Z7>144.09</Z7>
  </node-to-node>
  <node-to-node>
    <destination-node>K4</destination-node>
    <N1>57.515</N1>
    <N2>57.515</N2>
    <N3>204.95</N3>
    <N4>219.59</N4>
    <N5>248.87</N5>
    <N6>263.51</N6>
    <N7>219.59</N7>
    <N8>204.95</N8>
    <N9>219.59</N9>
    <N10>190.31</N10>
    <S1>190.31</S1>
    <S2>131.755</S2>
    <S3>133.905</S3>
    <S4>147.295</S4>
    <S5>187.47</S5>
    <S6>219.59</S6>
    <S7>204.95</S7>
    <S8>133.905</S8>
    <E1>59.26</E1>
    <E2>190.31</E2>
    <E3>161.035</E3>
    <E4>59.665</E4>
    <E5>131.755</E5>
    <E6>117.115</E6>
    <E7>131.755</E7>
    <E8>175.675</E8>
    <E9>175.675</E9>
    <E10>96.745</E10>
    <E11>154.61</E11>
    <M1>102.475</M1>
    <M2>87.835</M2>
    <M3>69.105</M3>
    <M4>58.56</M4>
    <M5>40.17</M5>
    <M6>53.56</M6>
    <M7>102.475</M7>
    <M8>131.755</M8>
    <M9>146.395</M9>
    <M10>131.755</M10>
    <M11>87.835</M11>
    <M12>117.115</M12>
    <M13>66.955</M13>
    <K1>69.105</K1>
    <K2>29.28</K2>
    <K3>82.925</K3>
    <K4>-1</K4>
    <K5>82.925</K5>
    <A1>64.095</A1>
    <A2>49.525</A2>
    <A3>112.445</A3>
    <A4>98.39</A4>
    <A5>58.14</A5>
    <A6>66.965</A6>
    <A7>70.28</A7>
    <A8>84.335</A8>
    <A9>84.335</A9>
    <A10>112.445</A10>
    <A11>105.95</A11>
    <A12>140.555</A12>
    <A13>117.725</A13>
    <A14>98.39</A14>
    <Z1>117.725</Z1>
    <Z2>176.115</Z2>
    <Z3>160.105</Z3>
    <Z4>192.125</Z4>
    <Z5>94.18</Z5>
    <Z6>223.675</Z6>
    <Z7>98.39</Z7>
  </node-to-node>
  <node-to-node>
    <destination-node>K5</destination-node>
    <N1>117.095</N1>
    <N2>117.095</N2>
    <N3>187.47</N3>
    <N4>117.095</N4>
    <N5>227.64</N5>
    <N6>241.03</N6>
    <N7>204.95</N7>
    <N8>187.47</N8>
    <N9>200.86</N9>
    <N10>200.86</N10>
    <S1>208.11</S1>
    <S2>208.11</S2>
    <S3>242.795</S3>
    <S4>260.14</S4>
    <S5>277.48</S5>
    <S6>242.795</S6>
    <S7>225.455</S7>
    <S8>260.14</S8>
    <E1>87.835</E1>
    <E2>146.395</E2>
    <E3>131.755</E3>
    <E4>117.115</E4>
    <E5>102.475</E5>
    <E6>87.835</E6>
    <E7>102.475</E7>
    <E8>146.395</E8>
    <E9>146.395</E9>
    <E10>73.195</E10>
    <E11>154.61</E11>
    <M1>66.955</M1>
    <M2>53.56</M2>
    <M3>52.03</M3>
    <M4>86.715</M4>
    <M5>121.4</M5>
    <M6>138.74</M6>
    <M7>190.77</M7>
    <M8>156.085</M8>
    <M9>107.125</M9>
    <M10>93.735</M10>
    <M11>173.425</M11>
    <M12>173.425</M12>
    <M13>156.085</M13>
    <K1>34.685</K1>
    <K2>104.055</K2>
    <K3>40.17</K3>
    <K4>65.12</K4>
    <K5>-1</K5>
    <A1>35.305</A1>
    <A2>46.24</A2>
    <A3>43.5</A3>
    <A4>82.405</A4>
    <A5>40.85</A5>
    <A6>64.25</A6>
    <A7>21.705</A7>
    <A8>96.06</A8>
    <A9>96.06</A9>
    <A10>144.09</A10>
    <A11>160.105</A11>
    <A12>140.555</A12>
    <A13>176.115</A13>
    <A14>112.07</A14>
    <Z1>176.115</Z1>
    <Z2>192.125</Z2>
    <Z3>176.115</Z3>
    <Z4>208.135</Z4>
    <Z5>144.09</Z5>
    <Z6>336.215</Z6>
    <Z7>128.08</Z7>
  </node-to-node>
  <node-to-node>
    <destination-node>A1</destination-node>
    <N1>66.785</N1>
    <N2>43.965</N2>
    <N3>187.47</N3>
    <N4>200.86</N4>
    <N5>40.83</N5>
    <N6>49.57</N6>
    <N7>70.28</N7>
    <N8>80.05</N8>
    <N9>160.105</N9>
    <N10>176.115</N10>
    <S1>208.135</S1>
    <S2>240.155</S2>
    <S3>67.71</S3>
    <S4>304.195</S4>
    <S5>240.155</S5>
    <S6>208.135</S6>
    <S7>192.125</S7>
    <S8>312.165</S8>
    <E1>29.18</E1>
    <E2>227.64</E2>
    <E3>214.25</E3>
    <E4>29.18</E4>
    <E5>187.47</E5>
    <E6>27</E6>
    <E7>187.47</E7>
    <E8>227.64</E8>
    <E9>227.64</E9>
    <E10>160.685</E10>
    <E11>27.64</E11>
    <M1>160.685</M1>
    <M2>147.295</M2>
    <M3>133.905</M3>
    <M4>190.77</M4>
    <M5>190.77</M5>
    <M6>208.11</M6>
    <M7>260.14</M7>
    <M8>227.64</M8>
    <M9>200.86</M9>
    <M10>187.47</M10>
    <M11>242.795</M11>
    <M12>277.48</M12>
    <M13>225.455</M13>
    <K1>173.425</K1>
    <K2>173.425</K2>
    <K3>147.295</K3>
    <K4>173.425</K4>
    <K5>173.425</K5>
    <A1>-1</A1>
    <A2>34.685</A2>
    <A3>20.73</A3>
    <A4>69.37</A4>
    <A5>30.37</A5>
    <A6>55.805</A6>
    <A7>156.085</A7>
    <A8>86.715</A8>
    <A9>104.055</A9>
    <A10>54.265</A10>
    <A11>65.12</A11>
    <A12>27.64</A12>
    <A13>75.975</A13>
    <A14>69.37</A14>
    <Z1>27.645</Z1>
    <Z2>27.925</Z2>
    <Z3>26.515</Z3>
    <Z4>97.68</Z4>
    <Z5>119.385</Z5>
    <Z6>144.09</Z6>
    <Z7>104.055</Z7>
  </node-to-node>
  <node-to-node>
    <destination-node>A2</destination-node>
    <N1>214.25</N1>
    <N2>200.86</N2>
    <N3>200.86</N3>
    <N4>214.25</N4>
    <N5>105.95</N5>
    <N6>117.725</N6>
    <N7>84.335</N7>
    <N8>96.06</N8>
    <N9>176.115</N9>
    <N10>192.125</N10>
    <S1>224.145</S1>
    <S2>256.165</S2>
    <S3>288.185</S3>
    <S4>288.185</S4>
    <S5>256.165</S5>
    <S6>224.145</S6>
    <S7>208.135</S7>
    <S8>294.825</S8>
    <E1>187.47</E1>
    <E2>214.25</E2>
    <E3>200.86</E3>
    <E4>187.47</E4>
    <E5>174.075</E5>
    <E6>160.685</E6>
    <E7>174.075</E7>
    <E8>214.25</E8>
    <E9>214.25</E9>
    <E10>147.295</E10>
    <E11>41.46</E11>
    <M1>147.295</M1>
    <M2>133.905</M2>
    <M3>120.515</M3>
    <M4>173.425</M4>
    <M5>173.425</M5>
    <M6>190.77</M6>
    <M7>242.795</M7>
    <M8>214.25</M8>
    <M9>187.47</M9>
    <M10>174.075</M10>
    <M11>225.455</M11>
    <M12>260.14</M12>
    <M13>208.11</M13>
    <K1>120.515</K1>
    <K2>156.085</K2>
    <K3>133.905</K3>
    <K4>156.085</K4>
    <K5>120.515</K5>
    <A1>28.11</A1>
    <A2>-1</A2>
    <A3>20.73</A3>
    <A4>52.03</A4>
    <A5>28.335</A5>
    <A6>47.5</A6>
    <A7>138.74</A7>
    <A8>69.37</A8>
    <A9>86.715</A9>
    <A10>54.265</A10>
    <A11>54.265</A11>
    <A12>27.64</A12>
    <A13>65.12</A13>
    <A14>52.03</A14>
    <Z1>27.645</Z1>
    <Z2>27.925</Z2>
    <Z3>26.515</Z3>
    <Z4>86.825</Z4>
    <Z5>108.535</Z5>
    <Z6>128.08</Z6>
    <Z7>65.12</Z7>
  </node-to-node>
  <node-to-node>
    <destination-node>A3</destination-node>
    <N1>57.92</N1>
    <N2>51.755</N2>
    <N3>214.25</N3>
    <N4>54.13</N4>
    <N5>56.04</N5>
    <N6>59.57</N6>
    <N7>98.39</N7>
    <N8>82.405</N8>
    <N9>192.125</N9>
    <N10>208.135</N10>
    <S1>240.155</S1>
    <S2>272.175</S2>
    <S3>93.96</S3>
    <S4>272.175</S4>
    <S5>272.175</S5>
    <S6>240.155</S6>
    <S7>224.145</S7>
    <S8>277.48</S8>
    <E1>28.625</E1>
    <E2>200.86</E2>
    <E3>187.47</E3>
    <E4>29</E4>
    <E5>160.685</E5>
    <E6>29</E6>
    <E7>160.685</E7>
    <E8>214.25</E8>
    <E9>214.25</E9>
    <E10>133.905</E10>
    <E11>56.225</E11>
    <M1>133.905</M1>
    <M2>120.515</M2>
    <M3>107.125</M3>
    <M4>156.085</M4>
    <M5>156.085</M5>
    <M6>173.425</M6>
    <M7>225.455</M7>
    <M8>200.86</M8>
    <M9>174.075</M9>
    <M10>160.685</M10>
    <M11>208.11</M11>
    <M12>242.795</M12>
    <M13>190.77</M13>
    <K1>107.125</K1>
    <K2>138.74</K2>
    <K3>120.515</K3>
    <K4>138.74</K4>
    <K5>107.125</K5>
    <A1>22.845</A1>
    <A2>21.39</A2>
    <A3>-1</A3>
    <A4>34.685</A4>
    <A5>33.825</A5>
    <A6>55.735</A6>
    <A7>121.4</A7>
    <A8>29.25</A8>
    <A9>69.37</A9>
    <A10>54.265</A10>
    <A11>96.06</A11>
    <A12>43.92</A12>
    <A13>112.07</A13>
    <A14>32.02</A14>
    <Z1>53.895</Z1>
    <Z2>54.175</Z2>
    <Z3>56.215</Z3>
    <Z4>97.68</Z4>
    <Z5>86.825</Z5>
    <Z6>112.07</Z6>
    <Z7>65.12</Z7>
  </node-to-node>
  <node-to-node>
    <destination-node>A4</destination-node>
    <N1>57.585</N1>
    <N2>67.02</N2>
    <N3>227.64</N3>
    <N4>44.315</N4>
    <N5>55.06</N5>
    <N6>86.79</N6>
    <N7>112.445</N7>
    <N8>94.18</N8>
    <N9>153.04</N9>
    <N10>164.815</N10>
    <S1>256.165</S1>
    <S2>176.585</S2>
    <S3>240.155</S3>
    <S4>256.165</S4>
    <S5>288.185</S5>
    <S6>188.36</S6>
    <S7>176.585</S7>
    <S8>260.14</S8>
    <E1>46.68</E1>
    <E2>187.47</E2>
    <E3>174.075</E3>
    <E4>46.68</E4>
    <E5>147.295</E5>
    <E6>49.835</E6>
    <E7>147.295</E7>
    <E8>200.86</E8>
    <E9>200.86</E9>
    <E10>131.755</E10>
    <E11>70.28</E11>
    <M1>120.515</M1>
    <M2>107.125</M2>
    <M3>93.735</M3>
    <M4>138.74</M4>
    <M5>138.74</M5>
    <M6>156.085</M6>
    <M7>208.11</M7>
    <M8>187.47</M8>
    <M9>160.685</M9>
    <M10>147.295</M10>
    <M11>190.77</M11>
    <M12>174.075</M12>
    <M13>173.425</M13>
    <K1>93.735</K1>
    <K2>121.4</K2>
    <K3>107.125</K3>
    <K4>121.4</K4>
    <K5>93.735</K5>
    <A1>21.065</A1>
    <A2>22.705</A2>
    <A3>27.605</A3>
    <A4>-1</A4>
    <A5>30.575</A5>
    <A6>51.785</A6>
    <A7>93.735</A7>
    <A8>32.535</A8>
    <A9>52.03</A9>
    <A10>80.05</A10>
    <A11>96.06</A11>
    <A12>56.225</A12>
    <A13>112.07</A13>
    <A14>32.02</A14>
    <Z1>112.07</Z1>
    <Z2>86.825</Z2>
    <Z3>97.68</Z3>
    <Z4>97.68</Z4>
    <Z5>65.12</Z5>
    <Z6>112.07</Z6>
    <Z7>65.12</Z7>
  </node-to-node>
  <node-to-node>
    <destination-node>A5</destination-node>
    <N1>64.07</N1>
    <N2>59.425</N2>
    <N3>227.64</N3>
    <N4>61.675</N4>
    <N5>61.52</N5>
    <N6>85.21</N6>
    <N7>140.555</N7>
    <N8>140.555</N8>
    <N9>210.835</N9>
    <N10>224.89</N10>
    <S1>188.36</S1>
    <S2>153.04</S2>
    <S3>83.78</S3>
    <S4>240.155</S4>
    <S5>320.205</S5>
    <S6>211.905</S6>
    <S7>176.585</S7>
    <S8>242.795</S8>
    <E1>41.345</E1>
    <E2>204.95</E2>
    <E3>175.675</E3>
    <E4>42.49</E4>
    <E5>146.395</E5>
    <E6>35.39</E6>
    <E7>146.395</E7>
    <E8>204.95</E8>
    <E9>204.95</E9>
    <E10>117.115</E10>
    <E11>84.335</E11>
    <M1>117.115</M1>
    <M2>102.475</M2>
    <M3>80.345</M3>
    <M4>93.735</M4>
    <M5>121.4</M5>
    <M6>138.74</M6>
    <M7>147.295</M7>
    <M8>160.685</M8>
    <M9>147.295</M9>
    <M10>133.905</M10>
    <M11>173.425</M11>
    <M12>160.685</M12>
    <M13>156.085</M13>
    <K1>87.835</K1>
    <K2>104.055</K2>
    <K3>102.475</K3>
    <K4>86.715</K4>
    <K5>87.835</K5>
    <A1>24.32</A1>
    <A2>26.35</A2>
    <A3>25.675</A3>
    <A4>41.46</A4>
    <A5>-1</A5>
    <A6>42.035</A6>
    <A7>73.195</A7>
    <A8>17.865</A8>
    <A9>43.92</A9>
    <A10>47.09</A10>
    <A11>80.05</A11>
    <A12>84.335</A12>
    <A13>96.06</A13>
    <A14>48.03</A14>
    <Z1>23.395</Z1>
    <Z2>22.175</Z2>
    <Z3>37.505</Z3>
    <Z4>86.825</Z4>
    <Z5>43.415</Z5>
    <Z6>128.08</Z6>
    <Z7>48.03</Z7>
  </node-to-node>
  <node-to-node>
    <destination-node>A6</destination-node>
    <N1>54.315</N1>
    <N2>54.315</N2>
    <N3>214.25</N3>
    <N4>54.315</N4>
    <N5>210.835</N5>
    <N6>196.78</N6>
    <N7>168.67</N7>
    <N8>141.27</N8>
    <N9>200.13</N9>
    <N10>211.905</N10>
    <S1>164.815</S1>
    <S2>153.04</S2>
    <S3>153.04</S3>
    <S4>224.145</S4>
    <S5>288.185</S5>
    <S6>235.45</S6>
    <S7>153.04</S7>
    <S8>225.455</S8>
    <E1>60</E1>
    <E2>175.675</E2>
    <E3>146.395</E3>
    <E4>52.83</E4>
    <E5>117.115</E5>
    <E6>81.5</E6>
    <E7>117.115</E7>
    <E8>175.675</E8>
    <E9>175.675</E9>
    <E10>87.835</E10>
    <E11>112.445</E11>
    <M1>87.835</M1>
    <M2>66.955</M2>
    <M3>53.56</M3>
    <M4>80.345</M4>
    <M5>104.055</M5>
    <M6>121.4</M6>
    <M7>173.425</M7>
    <M8>160.685</M8>
    <M9>133.905</M9>
    <M10>107.125</M10>
    <M11>156.085</M11>
    <M12>147.295</M12>
    <M13>138.74</M13>
    <K1>58.56</K1>
    <K2>86.715</K2>
    <K3>73.195</K3>
    <K4>86.715</K4>
    <K5>58.56</K5>
    <A1>36.725</A1>
    <A2>39.58</A2>
    <A3>33.125</A3>
    <A4>70.28</A4>
    <A5>35.395</A5>
    <A6>-1</A6>
    <A7>43.92</A7>
    <A8>34.305</A8>
    <A9>28.11</A9>
    <A10>96.06</A10>
    <A11>112.07</A11>
    <A12>98.39</A12>
    <A13>128.08</A13>
    <A14>56.225</A14>
    <Z1>128.08</Z1>
    <Z2>144.09</Z2>
    <Z3>160.105</Z3>
    <Z4>160.105</Z4>
    <Z5>96.06</Z5>
    <Z6>160.105</Z6>
    <Z7>80.05</Z7>
  </node-to-node>
  <node-to-node>
    <destination-node>A7</destination-node>
    <N1>52.375</N1>
    <N2>56.205</N2>
    <N3>187.47</N3>
    <N4>54.825</N4>
    <N5>200.13</N5>
    <N6>224.89</N6>
    <N7>196.78</N7>
    <N8>164.815</N8>
    <N9>223.675</N9>
    <N10>235.45</N10>
    <S1>141.27</S1>
    <S2>153.04</S2>
    <S3>208.135</S3>
    <S4>224.145</S4>
    <S5>256.165</S5>
    <S6>258.99</S6>
    <S7>129.495</S7>
    <S8>225.455</S8>
    <E1>47.265</E1>
    <E2>146.395</E2>
    <E3>131.755</E3>
    <E4>42.555</E4>
    <E5>54.335</E5>
    <E6>54.335</E6>
    <E7>102.475</E7>
    <E8>161.035</E8>
    <E9>161.035</E9>
    <E10>73.195</E10>
    <E11>140.555</E11>
    <M1>73.195</M1>
    <M2>53.56</M2>
    <M3>40.17</M3>
    <M4>86.715</M4>
    <M5>86.715</M5>
    <M6>104.055</M6>
    <M7>156.085</M7>
    <M8>160.685</M8>
    <M9>107.125</M9>
    <M10>93.735</M10>
    <M11>156.085</M11>
    <M12>147.295</M12>
    <M13>138.74</M13>
    <K1>29.28</K1>
    <K2>54.265</K2>
    <K3>43.92</K3>
    <K4>86.715</K4>
    <K5>27.64</K5>
    <A1>40.875</A1>
    <A2>42.255</A2>
    <A3>41.49</A3>
    <A4>82.405</A4>
    <A5>80.05</A5>
    <A6>48.03</A6>
    <A7>-1</A7>
    <A8>45</A8>
    <A9>58.86</A9>
    <A10>128.08</A10>
    <A11>144.09</A11>
    <A12>126.5</A12>
    <A13>160.105</A13>
    <A14>96.06</A14>
    <Z1>173.425</Z1>
    <Z2>190.77</Z2>
    <Z3>225.455</Z3>
    <Z4>225.455</Z4>
    <Z5>138.74</Z5>
    <Z6>192.125</Z6>
    <Z7>112.07</Z7>
  </node-to-node>
  <node-to-node>
    <destination-node>A8</destination-node>
    <N1>94.785</N1>
    <N2>86.35</N2>
    <N3>263.51</N3>
    <N4>95.09</N4>
    <N5>66.48</N5>
    <N6>88.455</N6>
    <N7>126.5</N7>
    <N8>126.5</N8>
    <N9>164.815</N9>
    <N10>176.585</N10>
    <S1>188.36</S1>
    <S2>224.145</S2>
    <S3>107.105</S3>
    <S4>240.155</S4>
    <S5>304.195</S5>
    <S6>200.13</S6>
    <S7>176.585</S7>
    <S8>260.14</S8>
    <E1>52.445</E1>
    <E2>204.95</E2>
    <E3>175.675</E3>
    <E4>46.595</E4>
    <E5>146.395</E5>
    <E6>41.5</E6>
    <E7>146.395</E7>
    <E8>190.31</E8>
    <E9>190.31</E9>
    <E10>117.115</E10>
    <E11>84.335</E11>
    <M1>117.115</M1>
    <M2>102.475</M2>
    <M3>87.835</M3>
    <M4>121.4</M4>
    <M5>121.4</M5>
    <M6>138.74</M6>
    <M7>190.77</M7>
    <M8>174.075</M8>
    <M9>147.295</M9>
    <M10>146.395</M10>
    <M11>173.425</M11>
    <M12>160.685</M12>
    <M13>156.085</M13>
    <K1>87.835</K1>
    <K2>104.055</K2>
    <K3>102.475</K3>
    <K4>104.055</K4>
    <K5>87.835</K5>
    <A1>20.005</A1>
    <A2>22.205</A2>
    <A3>20.235</A3>
    <A4>28.11</A4>
    <A5>20.655</A5>
    <A6>43.75</A6>
    <A7>73.195</A7>
    <A8>-1</A8>
    <A9>29.28</A9>
    <A10>64.04</A10>
    <A11>80.05</A11>
    <A12>70.28</A12>
    <A13>96.06</A13>
    <A14>32.02</A14>
    <Z1>96.06</Z1>
    <Z2>112.07</Z2>
    <Z3>128.08</Z3>
    <Z4>128.08</Z4>
    <Z5>80.05</Z5>
    <Z6>144.09</Z6>
    <Z7>64.04</Z7>
  </node-to-node>
  <node-to-node>
    <destination-node>A9</destination-node>
    <N1>234.23</N1>
    <N2>234.23</N2>
    <N3>227.64</N3>
    <N4>241.03</N4>
    <N5>182.725</N5>
    <N6>168.67</N6>
    <N7>140.555</N7>
    <N8>117.725</N8>
    <N9>176.585</N9>
    <N10>188.36</N10>
    <S1>176.585</S1>
    <S2>224.145</S2>
    <S3>256.165</S3>
    <S4>240.155</S4>
    <S5>320.205</S5>
    <S6>211.905</S6>
    <S7>164.815</S7>
    <S8>242.795</S8>
    <E1>71.76</E1>
    <E2>204.95</E2>
    <E3>175.675</E3>
    <E4>71.885</E4>
    <E5>146.395</E5>
    <E6>81.5</E6>
    <E7>146.395</E7>
    <E8>190.31</E8>
    <E9>190.31</E9>
    <E10>117.115</E10>
    <E11>98.39</E11>
    <M1>117.115</M1>
    <M2>93.735</M2>
    <M3>80.345</M3>
    <M4>138.74</M4>
    <M5>138.74</M5>
    <M6>156.085</M6>
    <M7>208.11</M7>
    <M8>174.075</M8>
    <M9>147.295</M9>
    <M10>131.755</M10>
    <M11>173.425</M11>
    <M12>160.685</M12>
    <M13>156.085</M13>
    <K1>80.345</K1>
    <K2>121.4</K2>
    <K3>87.835</K3>
    <K4>104.055</K4>
    <K5>87.835</K5>
    <A1>38.615</A1>
    <A2>36.975</A2>
    <A3>52</A3>
    <A4>42.165</A4>
    <A5>29.355</A5>
    <A6>50.555</A6>
    <A7>66.955</A7>
    <A8>29.655</A8>
    <A9>-1</A9>
    <A10>96.06</A10>
    <A11>112.07</A11>
    <A12>84.335</A12>
    <A13>128.08</A13>
    <A14>48.03</A14>
    <Z1>112.07</Z1>
    <Z2>128.08</Z2>
    <Z3>144.09</Z3>
    <Z4>144.09</Z4>
    <Z5>96.06</Z5>
    <Z6>208.135</Z6>
    <Z7>80.05</Z7>
  </node-to-node>
  <node-to-node>
    <destination-node>A10</destination-node>
    <N1>219.59</N1>
    <N2>204.95</N2>
    <N3>204.95</N3>
    <N4>219.59</N4>
    <N5>126.5</N5>
    <N6>126.5</N6>
    <N7>126.5</N7>
    <N8>84.335</N8>
    <N9>140.555</N9>
    <N10>154.61</N10>
    <S1>182.725</S1>
    <S2>182.725</S2>
    <S3>176.585</S3>
    <S4>288.185</S4>
    <S5>240.155</S5>
    <S6>141.27</S6>
    <S7>141.27</S7>
    <S8>294.825</S8>
    <E1>190.31</E1>
    <E2>248.87</E2>
    <E3>219.59</E3>
    <E4>204.95</E4>
    <E5>190.31</E5>
    <E6>175.675</E6>
    <E7>190.31</E7>
    <E8>234.23</E8>
    <E9>234.23</E9>
    <E10>161.035</E10>
    <E11>82.925</E11>
    <M1>161.035</M1>
    <M2>146.395</M2>
    <M3>131.755</M3>
    <M4>133.905</M4>
    <M5>173.425</M5>
    <M6>190.77</M6>
    <M7>187.47</M7>
    <M8>219.59</M8>
    <M9>204.95</M9>
    <M10>190.31</M10>
    <M11>174.075</M11>
    <M12>219.59</M12>
    <M13>160.685</M13>
    <K1>131.755</K1>
    <K2>156.085</K2>
    <K3>146.395</K3>
    <K4>138.74</K4>
    <K5>131.755</K5>
    <A1>60</A1>
    <A2>69.105</A2>
    <A3>69.105</A3>
    <A4>73.195</A4>
    <A5>95</A5>
    <A6>87.835</A6>
    <A7>117.115</A7>
    <A8>58.56</A8>
    <A9>87.835</A9>
    <A10>-1</A10>
    <A11>32.02</A11>
    <A12>84.335</A12>
    <A13>48.03</A13>
    <A14>58.56</A14>
    <Z1>48.03</Z1>
    <Z2>64.04</Z2>
    <Z3>54.265</Z3>
    <Z4>80.05</Z4>
    <Z5>69.37</Z5>
    <Z6>105.95</Z6>
    <Z7>34.685</Z7>
  </node-to-node>
  <node-to-node>
    <destination-node>A11</destination-node>
    <N1>204.95</N1>
    <N2>190.31</N2>
    <N3>190.31</N3>
    <N4>204.95</N4>
    <N5>126.5</N5>
    <N6>126.5</N6>
    <N7>126.5</N7>
    <N8>70.28</N8>
    <N9>126.5</N9>
    <N10>140.555</N10>
    <S1>182.725</S1>
    <S2>168.67</S2>
    <S3>164.815</S3>
    <S4>304.195</S4>
    <S5>224.145</S5>
    <S6>154.61</S6>
    <S7>168.67</S7>
    <S8>312.165</S8>
    <E1>92.21</E1>
    <E2>263.51</E2>
    <E3>234.23</E3>
    <E4>92.21</E4>
    <E5>204.95</E5>
    <E6>190.31</E6>
    <E7>204.95</E7>
    <E8>263.51</E8>
    <E9>263.51</E9>
    <E10>175.675</E10>
    <E11>96.745</E11>
    <M1>175.675</M1>
    <M2>161.035</M2>
    <M3>146.395</M3>
    <M4>147.295</M4>
    <M5>147.295</M5>
    <M6>208.11</M6>
    <M7>200.86</M7>
    <M8>234.23</M8>
    <M9>219.59</M9>
    <M10>204.95</M10>
    <M11>187.47</M11>
    <M12>234.23</M12>
    <M13>174.075</M13>
    <K1>146.395</K1>
    <K2>133.905</K2>
    <K3>161.035</K3>
    <K4>120.515</K4>
    <K5>146.395</K5>
    <A1>82.925</A1>
    <A2>69.105</A2>
    <A3>87.835</A3>
    <A4>87.835</A4>
    <A5>73.195</A5>
    <A6>102.475</A6>
    <A7>131.755</A7>
    <A8>73.195</A8>
    <A9>102.475</A9>
    <A10>29.28</A10>
    <A11>-1</A11>
    <A12>96.745</A12>
    <A13>32.02</A13>
    <A14>73.195</A14>
    <Z1>21.705</Z1>
    <Z2>32.56</Z2>
    <Z3>69.37</Z3>
    <Z4>64.04</Z4>
    <Z5>86.715</Z5>
    <Z6>94.18</Z6>
    <Z7>40.17</Z7>
  </node-to-node>
  <node-to-node>
    <destination-node>A12</destination-node>
    <N1>88.88</N1>
    <N2>88.88</N2>
    <N3>260.14</N3>
    <N4>83.785</N4>
    <N5>62.52</N5>
    <N6>82.55</N6>
    <N7>84.335</N7>
    <N8>96.06</N8>
    <N9>176.115</N9>
    <N10>192.125</N10>
    <S1>224.145</S1>
    <S2>256.165</S2>
    <S3>288.185</S3>
    <S4>320.205</S4>
    <S5>256.165</S5>
    <S6>208.135</S6>
    <S7>208.135</S7>
    <S8>329.51</S8>
    <E1>214.25</E1>
    <E2>227.64</E2>
    <E3>227.64</E3>
    <E4>214.25</E4>
    <E5>260.14</E5>
    <E6>242.795</E6>
    <E7>260.14</E7>
    <E8>278.15</E8>
    <E9>278.15</E9>
    <E10>225.455</E10>
    <E11>28.11</E11>
    <M1>225.455</M1>
    <M2>208.11</M2>
    <M3>190.77</M3>
    <M4>208.11</M4>
    <M5>208.11</M5>
    <M6>225.455</M6>
    <M7>277.48</M7>
    <M8>294.825</M8>
    <M9>260.14</M9>
    <M10>242.795</M10>
    <M11>242.795</M11>
    <M12>277.48</M12>
    <M13>225.455</M13>
    <K1>173.425</K1>
    <K2>173.425</K2>
    <K3>190.77</K3>
    <K4>173.425</K4>
    <K5>173.425</K5>
    <A1>16.765</A1>
    <A2>18.615</A2>
    <A3>18.465</A3>
    <A4>69.37</A4>
    <A5>28.655</A5>
    <A6>54.41</A6>
    <A7>156.085</A7>
    <A8>86.715</A8>
    <A9>104.055</A9>
    <A10>104.055</A10>
    <A11>75.975</A11>
    <A12>-1</A12>
    <A13>128.08</A13>
    <A14>69.37</A14>
    <Z1>86.825</Z1>
    <Z2>97.68</Z2>
    <Z3>173.425</Z3>
    <Z4>160.105</Z4>
    <Z5>173.425</Z5>
    <Z6>160.105</Z6>
    <Z7>121.4</Z7>
  </node-to-node>
  <node-to-node>
    <destination-node>A13</destination-node>
    <N1>100.67</N1>
    <N2>100.67</N2>
    <N3>161.035</N3>
    <N4>103.17</N4>
    <N5>126.5</N5>
    <N6>126.5</N6>
    <N7>126.5</N7>
    <N8>84.335</N8>
    <N9>126.5</N9>
    <N10>140.555</N10>
    <S1>208.135</S1>
    <S2>154.61</S2>
    <S3>100.96</S3>
    <S4>320.205</S4>
    <S5>235.45</S5>
    <S6>168.67</S6>
    <S7>168.67</S7>
    <S8>329.51</S8>
    <E1>66.35</E1>
    <E2>278.15</E2>
    <E3>248.87</E3>
    <E4>70.04</E4>
    <E5>219.59</E5>
    <E6>204.95</E6>
    <E7>219.59</E7>
    <E8>278.15</E8>
    <E9>278.15</E9>
    <E10>190.31</E10>
    <E11>117.115</E11>
    <M1>190.31</M1>
    <M2>175.675</M2>
    <M3>161.035</M3>
    <M4>175.675</M4>
    <M5>160.685</M5>
    <M6>174.075</M6>
    <M7>234.23</M7>
    <M8>248.87</M8>
    <M9>234.23</M9>
    <M10>219.59</M10>
    <M11>200.86</M11>
    <M12>248.87</M12>
    <M13>187.47</M13>
    <K1>161.035</K1>
    <K2>147.295</K2>
    <K3>175.675</K3>
    <K4>133.905</K4>
    <K5>161.035</K5>
    <A1>96.745</A1>
    <A2>82.925</A2>
    <A3>72.5</A3>
    <A4>102.475</A4>
    <A5>87.835</A5>
    <A6>117.115</A6>
    <A7>146.395</A7>
    <A8>87.835</A8>
    <A9>117.115</A9>
    <A10>43.92</A10>
    <A11>29.28</A11>
    <A12>117.115</A12>
    <A13>-1</A13>
    <A14>87.835</A14>
    <Z1>21.705</Z1>
    <Z2>32.56</Z2>
    <Z3>43.415</Z3>
    <Z4>32.56</Z4>
    <Z5>104.055</Z5>
    <Z6>82.405</Z6>
    <Z7>53.56</Z7>
  </node-to-node>
  <node-to-node>
    <destination-node>A14</destination-node>
    <N1>99.615</N1>
    <N2>103.29</N2>
    <N3>214.25</N3>
    <N4>109.915</N4>
    <N5>74.375</N5>
    <N6>109.405</N6>
    <N7>112.445</N7>
    <N8>82.405</N8>
    <N9>153.04</N9>
    <N10>164.815</N10>
    <S1>188.36</S1>
    <S2>288.185</S2>
    <S3>108.69</S3>
    <S4>256.165</S4>
    <S5>256.165</S5>
    <S6>188.36</S6>
    <S7>176.585</S7>
    <S8>277.48</S8>
    <E1>51.93</E1>
    <E2>219.59</E2>
    <E3>190.31</E3>
    <E4>51.93</E4>
    <E5>161.035</E5>
    <E6>40.335</E6>
    <E7>161.035</E7>
    <E8>219.59</E8>
    <E9>219.59</E9>
    <E10>131.755</E10>
    <E11>70.28</E11>
    <M1>131.755</M1>
    <M2>107.125</M2>
    <M3>93.735</M3>
    <M4>138.74</M4>
    <M5>138.74</M5>
    <M6>156.085</M6>
    <M7>208.11</M7>
    <M8>187.47</M8>
    <M9>160.685</M9>
    <M10>161.035</M10>
    <M11>190.77</M11>
    <M12>174.075</M12>
    <M13>173.425</M13>
    <K1>93.735</K1>
    <K2>121.4</K2>
    <K3>117.115</K3>
    <K4>121.4</K4>
    <K5>102.475</K5>
    <A1>44.75</A1>
    <A2>33.835</A2>
    <A3>28.915</A3>
    <A4>29.28</A4>
    <A5>26.38</A5>
    <A6>45.93</A6>
    <A7>87.835</A7>
    <A8>15.05</A8>
    <A9>43.92</A9>
    <A10>64.04</A10>
    <A11>80.05</A11>
    <A12>56.225</A12>
    <A13>96.06</A13>
    <A14>-1</A14>
    <Z1>96.06</Z1>
    <Z2>112.07</Z2>
    <Z3>128.08</Z3>
    <Z4>128.08</Z4>
    <Z5>65.12</Z5>
    <Z6>176.115</Z6>
    <Z7>54.265</Z7>
  </node-to-node>
  <node-to-node>
    <destination-node>Z1</destination-node>
    <N1>95.685</N1>
    <N2>94.88</N2>
    <N3>190.31</N3>
    <N4>111.485</N4>
    <N5>86.25</N5>
    <N6>140.555</N6>
    <N7>138.205</N7>
    <N8>96.745</N8>
    <N9>126.5</N9>
    <N10>140.555</N10>
    <S1>196.78</S1>
    <S2>160.685</S2>
    <S3>69.1</S3>
    <S4>267.81</S4>
    <S5>196.78</S5>
    <S6>168.67</S6>
    <S7>182.725</S7>
    <S8>254.42</S8>
    <E1>59.415</E1>
    <E2>278.15</E2>
    <E3>248.87</E3>
    <E4>60.225</E4>
    <E5>219.59</E5>
    <E6>204.95</E6>
    <E7>219.59</E7>
    <E8>263.51</E8>
    <E9>263.51</E9>
    <E10>190.31</E10>
    <E11>110.565</E11>
    <M1>190.31</M1>
    <M2>175.675</M2>
    <M3>161.035</M3>
    <M4>175.675</M4>
    <M5>160.685</M5>
    <M6>174.075</M6>
    <M7>248.87</M7>
    <M8>248.87</M8>
    <M9>234.23</M9>
    <M10>219.59</M10>
    <M11>219.59</M11>
    <M12>248.87</M12>
    <M13>187.47</M13>
    <K1>161.035</K1>
    <K2>147.295</K2>
    <K3>175.675</K3>
    <K4>133.905</K4>
    <K5>161.035</K5>
    <A1>36.42</A1>
    <A2>35.41</A2>
    <A3>39.435</A3>
    <A4>102.475</A4>
    <A5>39.71</A5>
    <A6>41.695</A6>
    <A7>140.555</A7>
    <A8>45.39</A8>
    <A9>102.475</A9>
    <A10>43.92</A10>
    <A11>27.64</A11>
    <A12>110.565</A12>
    <A13>27.64</A13>
    <A14>87.835</A14>
    <Z1>-1</Z1>
    <Z2>21.705</Z2>
    <Z3>52.03</Z3>
    <Z4>48.03</Z4>
    <Z5>66.955</Z5>
    <Z6>94.18</Z6>
    <Z7>56.225</Z7>
  </node-to-node>
  <node-to-node>
    <destination-node>Z2</destination-node>
    <N1>91.69</N1>
    <N2>90.18</N2>
    <N3>204.95</N3>
    <N4>101.41</N4>
    <N5>86.25</N5>
    <N6>154.61</N6>
    <N7>152.025</N7>
    <N8>110.565</N8>
    <N9>140.555</N9>
    <N10>154.61</N10>
    <S1>210.835</S1>
    <S2>190.31</S2>
    <S3>68.365</S3>
    <S4>281.2</S4>
    <S5>200.86</S5>
    <S6>182.725</S6>
    <S7>196.78</S7>
    <S8>267.81</S8>
    <E1>59.36</E1>
    <E2>292.79</E2>
    <E3>263.51</E3>
    <E4>60.08</E4>
    <E5>234.23</E5>
    <E6>219.59</E6>
    <E7>234.23</E7>
    <E8>292.79</E8>
    <E9>292.79</E9>
    <E10>204.95</E10>
    <E11>124.385</E11>
    <M1>204.95</M1>
    <M2>190.31</M2>
    <M3>175.675</M3>
    <M4>190.31</M4>
    <M5>174.075</M5>
    <M6>187.47</M6>
    <M7>263.51</M7>
    <M8>263.51</M8>
    <M9>248.87</M9>
    <M10>234.23</M10>
    <M11>234.23</M11>
    <M12>263.51</M12>
    <M13>200.86</M13>
    <K1>175.675</K1>
    <K2>160.685</K2>
    <K3>190.31</K3>
    <K4>161.035</K4>
    <K5>175.675</K5>
    <A1>41.27</A1>
    <A2>29.59</A2>
    <A3>38.8</A3>
    <A4>110.565</A4>
    <A5>43.855</A5>
    <A6>38.505</A6>
    <A7>154.61</A7>
    <A8>35.64</A8>
    <A9>117.115</A9>
    <A10>58.56</A10>
    <A11>41.46</A11>
    <A12>124.385</A12>
    <A13>41.46</A13>
    <A14>102.475</A14>
    <Z1>27.64</Z1>
    <Z2>-1</Z2>
    <Z3>34.685</Z3>
    <Z4>32.02</Z4>
    <Z5>53.56</Z5>
    <Z6>126.5</Z6>
    <Z7>70.28</Z7>
  </node-to-node>
  <node-to-node>
    <destination-node>Z3</destination-node>
    <N1>96.195</N1>
    <N2>94.875</N2>
    <N3>219.59</N3>
    <N4>111.48</N4>
    <N5>86.25</N5>
    <N6>168.67</N6>
    <N7>165.845</N7>
    <N8>124.385</N8>
    <N9>154.61</N9>
    <N10>168.67</N10>
    <S1>224.89</S1>
    <S2>204.95</S2>
    <S3>68.945</S3>
    <S4>294.595</S4>
    <S5>214.25</S5>
    <S6>196.78</S6>
    <S7>210.835</S7>
    <S8>254.42</S8>
    <E1>59.58</E1>
    <E2>278.15</E2>
    <E3>248.87</E3>
    <E4>60.22</E4>
    <E5>219.59</E5>
    <E6>204.95</E6>
    <E7>219.59</E7>
    <E8>278.15</E8>
    <E9>278.15</E9>
    <E10>190.31</E10>
    <E11>138.205</E11>
    <M1>190.31</M1>
    <M2>175.675</M2>
    <M3>161.035</M3>
    <M4>175.675</M4>
    <M5>160.685</M5>
    <M6>174.075</M6>
    <M7>248.87</M7>
    <M8>248.87</M8>
    <M9>234.23</M9>
    <M10>219.59</M10>
    <M11>219.59</M11>
    <M12>248.87</M12>
    <M13>204.95</M13>
    <K1>161.035</K1>
    <K2>147.295</K2>
    <K3>175.675</K3>
    <K4>146.395</K4>
    <K5>161.035</K5>
    <A1>32.675</A1>
    <A2>31.085</A2>
    <A3>42.12</A3>
    <A4>124.385</A4>
    <A5>39.06</A5>
    <A6>42.3</A6>
    <A7>182.725</A7>
    <A8>37.01</A8>
    <A9>131.755</A9>
    <A10>69.105</A10>
    <A11>56.225</A11>
    <A12>140.555</A12>
    <A13>55.28</A13>
    <A14>117.115</A14>
    <Z1>42.165</Z1>
    <Z2>28.11</Z2>
    <Z3>-1</Z3>
    <Z4>35.315</Z4>
    <Z5>43.92</Z5>
    <Z6>140.555</Z6>
    <Z7>84.335</Z7>
  </node-to-node>
  <node-to-node>
    <destination-node>Z4</destination-node>
    <N1>111.015</N1>
    <N2>111.015</N2>
    <N3>175.675</N3>
    <N4>112.015</N4>
    <N5>168.67</N5>
    <N6>154.61</N6>
    <N7>152.025</N7>
    <N8>110.565</N8>
    <N9>140.555</N9>
    <N10>154.61</N10>
    <S1>154.61</S1>
    <S2>190.31</S2>
    <S3>71.215</S3>
    <S4>294.595</S4>
    <S5>200.86</S5>
    <S6>182.725</S6>
    <S7>140.555</S7>
    <S8>281.2</S8>
    <E1>71.805</E1>
    <E2>307.425</E2>
    <E3>278.15</E3>
    <E4>74.585</E4>
    <E5>248.87</E5>
    <E6>234.23</E6>
    <E7>248.87</E7>
    <E8>307.425</E8>
    <E9>307.425</E9>
    <E10>219.59</E10>
    <E11>138.205</E11>
    <M1>219.59</M1>
    <M2>204.95</M2>
    <M3>190.31</M3>
    <M4>204.95</M4>
    <M5>187.47</M5>
    <M6>200.86</M6>
    <M7>278.15</M7>
    <M8>278.15</M8>
    <M9>263.51</M9>
    <M10>248.87</M10>
    <M11>248.87</M11>
    <M12>278.15</M12>
    <M13>234.23</M13>
    <K1>190.31</K1>
    <K2>174.075</K2>
    <K3>204.95</K3>
    <K4>175.675</K4>
    <K5>190.31</K5>
    <A1>32.75</A1>
    <A2>29.21</A2>
    <A3>49.805</A3>
    <A4>124.385</A4>
    <A5>110.565</A5>
    <A6>146.395</A6>
    <A7>182.725</A7>
    <A8>117.115</A8>
    <A9>131.755</A9>
    <A10>73.195</A10>
    <A11>58.56</A11>
    <A12>146.395</A12>
    <A13>41.46</A13>
    <A14>117.115</A14>
    <Z1>43.92</Z1>
    <Z2>29.28</Z2>
    <Z3>36</Z3>
    <Z4>-1</Z4>
    <Z5>73.195</Z5>
    <Z6>98.39</Z6>
    <Z7>84.335</Z7>
  </node-to-node>
  <node-to-node>
    <destination-node>Z5</destination-node>
    <N1>263.51</N1>
    <N2>248.87</N2>
    <N3>248.87</N3>
    <N4>263.51</N4>
    <N5>196.78</N5>
    <N6>196.78</N6>
    <N7>182.725</N7>
    <N8>154.61</N8>
    <N9>182.725</N9>
    <N10>196.78</N10>
    <S1>210.835</S1>
    <S2>234.23</S2>
    <S3>241.03</S3>
    <S4>214.25</S4>
    <S5>241.03</S5>
    <S6>224.89</S6>
    <S7>196.78</S7>
    <S8>227.64</S8>
    <E1>190.31</E1>
    <E2>248.87</E2>
    <E3>219.59</E3>
    <E4>204.95</E4>
    <E5>190.31</E5>
    <E6>175.675</E6>
    <E7>190.31</E7>
    <E8>248.87</E8>
    <E9>248.87</E9>
    <E10>161.035</E10>
    <E11>124.385</E11>
    <M1>161.035</M1>
    <M2>146.395</M2>
    <M3>131.755</M3>
    <M4>146.395</M4>
    <M5>133.905</M5>
    <M6>147.295</M6>
    <M7>219.59</M7>
    <M8>219.59</M8>
    <M9>204.95</M9>
    <M10>190.31</M10>
    <M11>190.31</M11>
    <M12>219.59</M12>
    <M13>160.685</M13>
    <K1>131.755</K1>
    <K2>120.515</K2>
    <K3>146.395</K3>
    <K4>107.125</K4>
    <K5>131.755</K5>
    <A1>152.025</A1>
    <A2>138.205</A2>
    <A3>110.565</A3>
    <A4>82.925</A4>
    <A5>55.28</A5>
    <A6>87.835</A6>
    <A7>112.445</A7>
    <A8>73.195</A8>
    <A9>87.835</A9>
    <A10>56.225</A10>
    <A11>70.28</A11>
    <A12>140.555</A12>
    <A13>84.335</A13>
    <A14>82.925</A14>
    <Z1>58.86</Z1>
    <Z2>47.09</Z2>
    <Z3>48.03</Z3>
    <Z4>80.05</Z4>
    <Z5>-1</Z5>
    <Z6>141.27</Z6>
    <Z7>69.105</Z7>
  </node-to-node>
  <node-to-node>
    <destination-node>Z6</destination-node>
    <N1>131.755</N1>
    <N2>117.115</N2>
    <N3>102.475</N3>
    <N4>117.115</N4>
    <N5>98.39</N5>
    <N6>98.39</N6>
    <N7>117.115</N7>
    <N8>73.195</N8>
    <N9>84.335</N9>
    <N10>84.335</N10>
    <S1>112.445</S1>
    <S2>140.555</S2>
    <S3>168.67</S3>
    <S4>154.61</S4>
    <S5>82.405</S5>
    <S6>82.405</S6>
    <S7>98.39</S7>
    <S8>192.125</S8>
    <E1>196.78</E1>
    <E2>224.89</E2>
    <E3>210.835</E3>
    <E4>196.78</E4>
    <E5>182.725</E5>
    <E6>182.725</E6>
    <E7>182.725</E7>
    <E8>196.78</E8>
    <E9>196.78</E9>
    <E10>224.89</E10>
    <E11>161.035</E11>
    <M1>204.95</M1>
    <M2>219.59</M2>
    <M3>234.23</M3>
    <M4>248.87</M4>
    <M5>254.42</M5>
    <M6>277.48</M6>
    <M7>204.95</M7>
    <M8>175.675</M8>
    <M9>175.675</M9>
    <M10>190.31</M10>
    <M11>187.47</M11>
    <M12>190.31</M12>
    <M13>187.47</M13>
    <K1>263.51</K1>
    <K2>227.64</K2>
    <K3>248.87</K3>
    <K4>254.42</K4>
    <K5>307.425</K5>
    <A1>131.755</A1>
    <A2>117.115</A2>
    <A3>102.475</A3>
    <A4>102.475</A4>
    <A5>117.115</A5>
    <A6>146.395</A6>
    <A7>175.675</A7>
    <A8>131.755</A8>
    <A9>190.31</A9>
    <A10>120.515</A10>
    <A11>107.125</A11>
    <A12>146.395</A12>
    <A13>93.735</A13>
    <A14>161.035</A14>
    <Z1>107.125</Z1>
    <Z2>156.085</Z2>
    <Z3>173.425</Z3>
    <Z4>121.4</Z4>
    <Z5>160.685</Z5>
    <Z6>-1</Z6>
    <Z7>120.515</Z7>
  </node-to-node>
  <node-to-node>
    <destination-node>Z7</destination-node>
    <N1>234.23</N1>
    <N2>219.59</N2>
    <N3>219.59</N3>
    <N4>234.23</N4>
    <N5>140.555</N5>
    <N6>140.555</N6>
    <N7>140.555</N7>
    <N8>98.39</N8>
    <N9>154.61</N9>
    <N10>168.67</N10>
    <S1>196.78</S1>
    <S2>196.78</S2>
    <S3>224.89</S3>
    <S4>238.945</S4>
    <S5>267.06</S5>
    <S6>196.78</S6>
    <S7>182.725</S7>
    <S8>224.89</S8>
    <E1>168.67</E1>
    <E2>224.89</E2>
    <E3>196.78</E3>
    <E4>182.725</E4>
    <E5>168.67</E5>
    <E6>154.61</E6>
    <E7>168.67</E7>
    <E8>224.89</E8>
    <E9>224.89</E9>
    <E10>140.555</E10>
    <E11>98.39</E11>
    <M1>146.395</M1>
    <M2>131.755</M2>
    <M3>117.115</M3>
    <M4>131.755</M4>
    <M5>156.085</M5>
    <M6>173.425</M6>
    <M7>190.31</M7>
    <M8>219.59</M8>
    <M9>190.31</M9>
    <M10>175.675</M10>
    <M11>160.685</M11>
    <M12>204.95</M12>
    <M13>147.295</M13>
    <K1>117.115</K1>
    <K2>107.125</K2>
    <K3>131.755</K3>
    <K4>121.4</K4>
    <K5>117.115</K5>
    <A1>84.335</A1>
    <A2>82.925</A2>
    <A3>82.925</A3>
    <A4>82.925</A4>
    <A5>43.92</A5>
    <A6>73.195</A6>
    <A7>102.475</A7>
    <A8>58.56</A8>
    <A9>73.195</A9>
    <A10>28.11</A10>
    <A11>35.315</A11>
    <A12>98.39</A12>
    <A13>47.09</A13>
    <A14>69.105</A14>
    <Z1>69.37</Z1>
    <Z2>86.715</Z2>
    <Z3>104.055</Z3>
    <Z4>104.055</Z4>
    <Z5>43.415</Z5>
    <Z6>105.95</Z6>
    <Z7>-1</Z7>
  </node-to-node>
</node-to-node-map>